GCbiasFrequenciesFile,GCbiasFrequenciesFile_filetype,bamInput,bamInput_filetype,create_time,destination_id,end_epoch,exit_code,galaxy_memory_mb,galaxy_slots,handler,history_id,id,imported,info,input1,input1_filetype,job_runner_external_id,job_runner_name,library_folder_id,memtotal,object_store_id,param_filename,parameters.GCbiasFrequenciesFile.values,parameters.GCbiasFrequenciesFile|__identifier__,parameters.__job_resource.__current_case__,parameters.__job_resource.__job_resource__select,parameters.__workflow_invocation_uuid__,parameters.bamInput.values,parameters.bamInput|__identifier__,parameters.chromInfo,parameters.dbkey,parameters.effectiveGenomeSize.__current_case__,parameters.effectiveGenomeSize.effectiveGenomeSize,parameters.effectiveGenomeSize.effectiveGenomeSize_opt,parameters.region,parameters.source.__current_case__,parameters.source.input1.values,parameters.source.input1_2bit,parameters.source.ref_source,processor_count,runner_name,session_id,start_epoch,state,swaptotal,tool_id,tool_version,traceback,update_time,user_id,runtime
11325,tabular,24971705,bam,2017-04-04 15:56:18.050531,reserved_multi,1491322690.0,0,,4.0,main_w4_handler2,3058234,15485118,False,,,,9612015.roundup,slurm,,132112168.0,corral-repl,,"[{'src': 'hda', 'id': 29063133}]","""Input_R2""",0,no,,"[{'src': 'hda', 'id': 29056207}]","""Input_R2""","""/galaxy-repl/localdata/chrom/sacCer3.len""","""sacCer3""",0,12000000,specific,"""""",0,,sacCer3,cached,32.0,,35746799.0,1491322635.0,ok,1023996.0,toolshed.g2.bx.psu.edu/repos/bgruening/deeptools_correct_gc_bias/deeptools_correct_gc_bias/2.5.0.0,2.5.0.0,,2017-04-04 16:18:12.094305,621,55.0
11325,tabular,51109535,bam,2017-04-04 15:56:17.425360,reserved_multi,1491322737.0,0,,4.0,main_w4_handler2,3058234,15485116,False,,,,9612013.roundup,slurm,,132112168.0,corral-repl,,"[{'src': 'hda', 'id': 29063131}]","""Reb1_R2""",0,no,,"[{'src': 'hda', 'id': 29056206}]","""Reb1_R2""","""/galaxy-repl/localdata/chrom/sacCer3.len""","""sacCer3""",0,12000000,specific,"""""",0,,sacCer3,cached,32.0,,35746799.0,1491322632.0,ok,1023996.0,toolshed.g2.bx.psu.edu/repos/bgruening/deeptools_correct_gc_bias/deeptools_correct_gc_bias/2.5.0.0,2.5.0.0,,2017-04-04 16:18:59.339572,621,105.0
11325,tabular,165222020,bam,2017-04-04 15:56:18.663947,reserved_multi,1491322959.0,0,,4.0,main_w4_handler2,3058234,15485119,False,,,,9612016.roundup,slurm,,132112168.0,corral-repl,,"[{'src': 'hda', 'id': 29063135}]","""Input_R1""",0,no,,"[{'src': 'hda', 'id': 29056208}]","""Input_R1""","""/galaxy-repl/localdata/chrom/sacCer3.len""","""sacCer3""",0,12000000,specific,"""""",0,,sacCer3,cached,32.0,,35746799.0,1491322638.0,ok,1023996.0,toolshed.g2.bx.psu.edu/repos/bgruening/deeptools_correct_gc_bias/deeptools_correct_gc_bias/2.5.0.0,2.5.0.0,,2017-04-04 16:22:41.364988,621,321.0
11325,tabular,206083895,bam,2017-04-04 15:56:19.130223,reserved_multi,1491323016.0,0,,4.0,main_w4_handler2,3058234,15485120,False,,,,9612017.roundup,slurm,,132112168.0,corral-repl,,"[{'src': 'hda', 'id': 29063137}]","""Reb1_R1""",0,no,,"[{'src': 'hda', 'id': 29056209}]","""Reb1_R1""","""/galaxy-repl/localdata/chrom/sacCer3.len""","""sacCer3""",0,12000000,specific,"""""",0,,sacCer3,cached,32.0,,35746799.0,1491322638.0,ok,1023996.0,toolshed.g2.bx.psu.edu/repos/bgruening/deeptools_correct_gc_bias/deeptools_correct_gc_bias/2.5.0.0,2.5.0.0,,2017-04-04 16:23:38.233552,621,378.0
7575,tabular,2252839137,bam,2017-05-05 21:36:05.121187,slurm_multi,1494021792.0,0,,6.0,main_w3_handler2,3097326,15763260,False,,,,9870274,slurm,,132112168.0,corral-repl,,"[{'src': 'hda', 'id': 29490323}]",,0,no,,"[{'src': 'hda', 'id': 29480215}]",,"""/galaxy-repl/localdata/chrom/mm10.len""","""mm10""",1,,2150570000,"""""",0,,mm10,cached,32.0,,37747051.0,1494020172.0,ok,1023996.0,toolshed.g2.bx.psu.edu/repos/bgruening/deeptools_correct_gc_bias/deeptools_correct_gc_bias/2.5.0.0,2.5.0.0,,2017-05-05 22:04:41.186792,105172,1620.0
7575,tabular,2750886906,bam,2017-05-05 20:25:06.652007,slurm_multi,1494017331.0,0,,6.0,main_w4_handler2,3097326,15761793,False,,,,9869692,slurm,,132111800.0,corral-repl,,"[{'src': 'hda', 'id': 29490320}]",,0,no,,"[{'src': 'hda', 'id': 29480214}]",,"""/galaxy-repl/localdata/chrom/mm10.len""","""mm10""",1,,2150570000,"""""",0,,mm10,cached,32.0,,37747051.0,1494015910.0,ok,1023996.0,toolshed.g2.bx.psu.edu/repos/bgruening/deeptools_correct_gc_bias/deeptools_correct_gc_bias/2.5.0.0,2.5.0.0,,2017-05-05 20:48:53.524472,105172,1421.0
11325,tabular,225193667,bam,2017-05-17 06:08:02.541035,slurm_multi,1495001881.0,0,,6.0,main_w4_handler2,3081638,15864510,False,,,,9964905,slurm,,132112168.0,corral-repl,,"[{'src': 'hda', 'id': 29628126}]",,0,no,,"[{'src': 'hda', 'id': 29627662}]",,"""/galaxy-repl/localdata/chrom/?.len""","""?""",2,,2451960000,"""chr11:1900000:3200000""",0,,/galaxy/data/hg19/seq/hg19.2bit,cached,32.0,,37473067.0,1495001837.0,ok,1023996.0,toolshed.g2.bx.psu.edu/repos/bgruening/deeptools_correct_gc_bias/deeptools_correct_gc_bias/2.5.0.0,2.5.0.0,,2017-05-17 06:18:02.597033,91999,44.0
22575,tabular,2551081677,bam,2017-06-19 09:33:01.929153,slurm_multi,1497875471.0,0,,6.0,main_w3_handler2,3154999,16130380,False,,,,10211459,slurm,,132112168.0,corral-repl,,"[{'src': 'hda', 'id': 30076687}]",,0,no,,"[{'src': 'hda', 'id': 30076499}]",,"""/galaxy-repl/localdata/chrom/hg19.len""","""hg19""",2,,2451960000,"""""",0,,/galaxy/data/hg19/seq/hg19.2bit,cached,32.0,,38663649.0,1497873858.0,ok,1023996.0,toolshed.g2.bx.psu.edu/repos/bgruening/deeptools_correct_gc_bias/deeptools_correct_gc_bias/2.5.0.0,2.5.0.0,,2017-06-19 12:31:14.020900,107669,1613.0
22575,tabular,798461402,bam,2017-06-19 09:34:00.891988,slurm_multi,1497877507.0,0,,6.0,main_w3_handler2,3154999,16130386,False,,,,10211683,slurm,,132112168.0,corral-repl,,"[{'src': 'hda', 'id': 30076684}]",,0,no,,"[{'src': 'hda', 'id': 30076498}]",,"""/galaxy-repl/localdata/chrom/hg19.len""","""hg19""",2,,2451960000,"""""",0,,/galaxy/data/hg19/seq/hg19.2bit,cached,32.0,,38663649.0,1497877086.0,ok,1023996.0,toolshed.g2.bx.psu.edu/repos/bgruening/deeptools_correct_gc_bias/deeptools_correct_gc_bias/2.5.0.0,2.5.0.0,,2017-06-19 13:05:09.979743,107669,421.0
22575,tabular,2431294501,bam,2017-06-19 09:33:29.087324,slurm_multi,1497884139.0,0,,6.0,main_w4_handler2,3154999,16130384,False,,,,10212487,slurm,,132112168.0,corral-repl,,"[{'src': 'hda', 'id': 30076681}]",,0,no,,"[{'src': 'hda', 'id': 30076497}]",,"""/galaxy-repl/localdata/chrom/hg19.len""","""hg19""",2,,2451960000,"""""",0,,/galaxy/data/hg19/seq/hg19.2bit,cached,32.0,,38663649.0,1497882578.0,ok,1023996.0,toolshed.g2.bx.psu.edu/repos/bgruening/deeptools_correct_gc_bias/deeptools_correct_gc_bias/2.5.0.0,2.5.0.0,,2017-06-19 14:55:40.444576,107669,1561.0
22575,tabular,984841884,bam,2017-06-19 09:34:28.323983,slurm_multi,1497884701.0,0,,6.0,main_w4_handler2,3154999,16130403,False,,,,10212658,slurm,,132112168.0,corral-repl,,"[{'src': 'hda', 'id': 30076691}]",,0,no,,"[{'src': 'hda', 'id': 30076503}]",,"""/galaxy-repl/localdata/chrom/hg19.len""","""hg19""",2,,2451960000,"""""",0,,/galaxy/data/hg19/seq/hg19.2bit,cached,32.0,,38663649.0,1497884156.0,ok,1023996.0,toolshed.g2.bx.psu.edu/repos/bgruening/deeptools_correct_gc_bias/deeptools_correct_gc_bias/2.5.0.0,2.5.0.0,,2017-06-19 15:05:03.144433,107669,545.0
22575,tabular,1864193474,bam,2017-06-19 09:35:02.081161,slurm_multi,1497886082.0,0,,6.0,main_w4_handler2,3154999,16130412,False,,,,10212796,slurm,,132112168.0,corral-repl,,"[{'src': 'hda', 'id': 30076693}]",,0,no,,"[{'src': 'hda', 'id': 30076506}]",,"""/galaxy-repl/localdata/chrom/hg19.len""","""hg19""",2,,2451960000,"""""",0,,/galaxy/data/hg19/seq/hg19.2bit,cached,32.0,,38663649.0,1497884961.0,ok,1023996.0,toolshed.g2.bx.psu.edu/repos/bgruening/deeptools_correct_gc_bias/deeptools_correct_gc_bias/2.5.0.0,2.5.0.0,,2017-06-19 15:28:04.547777,107669,1121.0
22575,tabular,788329661,bam,2017-06-19 09:35:16.826028,slurm_multi,1497886900.0,0,,6.0,main_w4_handler2,3154999,16130418,False,,,,10213072,slurm,,132112168.0,corral-repl,,"[{'src': 'hda', 'id': 30076695}]",,0,no,,"[{'src': 'hda', 'id': 30076507}]",,"""/galaxy-repl/localdata/chrom/hg19.len""","""hg19""",2,,2451960000,"""""",0,,/galaxy/data/hg19/seq/hg19.2bit,cached,32.0,,38663649.0,1497886560.0,ok,1023996.0,toolshed.g2.bx.psu.edu/repos/bgruening/deeptools_correct_gc_bias/deeptools_correct_gc_bias/2.5.0.0,2.5.0.0,,2017-06-19 15:42:20.422392,107669,340.0
22575,tabular,3147404757,bam,2017-06-30 06:40:45.691367,slurm_multi,1498807811.0,0,,6.0,main_w3_handler2,3165365,16228340,False,,,,10304495,slurm,,132111800.0,corral-repl,,"[{'src': 'hda', 'id': 30242557}]",,0,no,,"[{'src': 'hda', 'id': 30150652}]",,"""/galaxy-repl/localdata/chrom/mm10.len""","""mm10""",1,,2150570000,"""""",0,,mm10,cached,32.0,,39014671.0,1498805448.0,ok,1023996.0,toolshed.g2.bx.psu.edu/repos/bgruening/deeptools_correct_gc_bias/deeptools_correct_gc_bias/2.5.0.0,2.5.0.0,,2017-06-30 07:30:13.216548,59907,2363.0
22575,tabular,2779137006,bam,2017-06-30 08:58:44.909964,slurm_multi,1498815032.0,0,,6.0,main_w3_handler2,3165365,16229492,False,,,,10305539,slurm,,132112168.0,corral-repl,,"[{'src': 'hda', 'id': 30242561}]",,0,no,,"[{'src': 'hda', 'id': 30150656}]",,"""/galaxy-repl/localdata/chrom/mm10.len""","""mm10""",1,,2150570000,"""""",0,,mm10,cached,32.0,,39016769.0,1498813137.0,ok,1023996.0,toolshed.g2.bx.psu.edu/repos/bgruening/deeptools_correct_gc_bias/deeptools_correct_gc_bias/2.5.0.0,2.5.0.0,,2017-06-30 09:30:34.496085,59907,1895.0
22575,tabular,2614907379,bam,2017-07-05 07:58:21.923261,slurm_multi,1499243483.0,0,,6.0,main_w3_handler2,3165365,16259958,False,,,,10331604,slurm,,132112168.0,corral-repl,,"[{'src': 'hda', 'id': 30297774}]",,0,no,,"[{'src': 'hda', 'id': 30150649}]",,"""/galaxy-repl/localdata/chrom/mm10.len""","""mm10""",1,,2150570000,"""""",0,,mm10,cached,32.0,,39100791.0,1499241674.0,ok,1023996.0,toolshed.g2.bx.psu.edu/repos/bgruening/deeptools_correct_gc_bias/deeptools_correct_gc_bias/2.5.0.0,2.5.0.0,,2017-07-05 08:31:25.474318,59907,1809.0
22575,tabular,3147404757,bam,2017-07-05 07:58:53.122051,slurm_multi,1499245917.0,0,,6.0,main_w3_handler2,3165365,16259971,False,,,,10331802,slurm,,132112168.0,corral-repl,,"[{'src': 'hda', 'id': 30297776}]",,0,no,,"[{'src': 'hda', 'id': 30150652}]",,"""/galaxy-repl/localdata/chrom/mm10.len""","""mm10""",1,,2150570000,"""""",0,,mm10,cached,32.0,,39100791.0,1499243541.0,ok,1023996.0,toolshed.g2.bx.psu.edu/repos/bgruening/deeptools_correct_gc_bias/deeptools_correct_gc_bias/2.5.0.0,2.5.0.0,,2017-07-05 09:11:59.319643,59907,2376.0
22575,tabular,2684600953,bam,2017-07-05 08:00:46.394723,slurm_multi,1499247753.0,0,,6.0,main_w3_handler2,3165365,16259988,False,,,,10332034,slurm,,132112168.0,corral-repl,,"[{'src': 'hda', 'id': 30297782}]",,0,no,,"[{'src': 'hda', 'id': 30150657}]",,"""/galaxy-repl/localdata/chrom/mm10.len""","""mm10""",1,,2150570000,"""""",0,,mm10,cached,32.0,,39100791.0,1499245951.0,ok,1023996.0,toolshed.g2.bx.psu.edu/repos/bgruening/deeptools_correct_gc_bias/deeptools_correct_gc_bias/2.5.0.0,2.5.0.0,,2017-07-05 09:42:35.977914,59907,1802.0
22575,tabular,2573233768,bam,2017-07-05 08:03:00.513714,slurm_multi,1499249633.0,0,,6.0,main_w3_handler2,3165365,16259999,False,,,,10332140,slurm,,132112168.0,corral-repl,,"[{'src': 'hda', 'id': 30297790}]",,0,no,,"[{'src': 'hda', 'id': 30252646}]",,"""/galaxy-repl/localdata/chrom/mm10.len""","""mm10""",1,,2150570000,"""""",0,,mm10,cached,32.0,,39100791.0,1499247798.0,ok,1023996.0,toolshed.g2.bx.psu.edu/repos/bgruening/deeptools_correct_gc_bias/deeptools_correct_gc_bias/2.5.0.0,2.5.0.0,,2017-07-05 10:13:54.897209,59907,1835.0
22575,tabular,2903241617,bam,2017-07-05 08:03:34.005406,slurm_multi,1499251665.0,0,,6.0,main_w3_handler2,3165365,16260003,False,,,,10332251,slurm,,132112168.0,corral-repl,,"[{'src': 'hda', 'id': 30297792}]",,0,no,,"[{'src': 'hda', 'id': 30252648}]",,"""/galaxy-repl/localdata/chrom/mm10.len""","""mm10""",1,,2150570000,"""""",0,,mm10,cached,32.0,,39100791.0,1499249669.0,ok,1023996.0,toolshed.g2.bx.psu.edu/repos/bgruening/deeptools_correct_gc_bias/deeptools_correct_gc_bias/2.5.0.0,2.5.0.0,,2017-07-05 10:47:48.741950,59907,1996.0
22575,tabular,2640395107,bam,2017-07-05 08:04:26.113014,slurm_multi,1499253538.0,0,,6.0,main_w3_handler2,3165365,16260006,False,,,,10332437,slurm,,132112168.0,corral-repl,,"[{'src': 'hda', 'id': 30297794}]",,0,no,,"[{'src': 'hda', 'id': 30252650}]",,"""/galaxy-repl/localdata/chrom/mm10.len""","""mm10""",1,,2150570000,"""""",0,,mm10,cached,32.0,,39100791.0,1499251693.0,ok,1023996.0,toolshed.g2.bx.psu.edu/repos/bgruening/deeptools_correct_gc_bias/deeptools_correct_gc_bias/2.5.0.0,2.5.0.0,,2017-07-05 11:18:59.693175,59907,1845.0
22575,tabular,2639004779,bam,2017-07-05 07:59:26.459758,slurm_multi,1499255395.0,0,,6.0,main_w4_handler2,3165365,16259986,False,,,,10332633,slurm,,132112168.0,corral-repl,,"[{'src': 'hda', 'id': 30297778}]",,0,no,,"[{'src': 'hda', 'id': 30150653}]",,"""/galaxy-repl/localdata/chrom/mm10.len""","""mm10""",1,,2150570000,"""""",0,,mm10,cached,32.0,,39100791.0,1499253563.0,ok,1023996.0,toolshed.g2.bx.psu.edu/repos/bgruening/deeptools_correct_gc_bias/deeptools_correct_gc_bias/2.5.0.0,2.5.0.0,,2017-07-05 11:49:57.484987,59907,1832.0
22575,tabular,2727934115,bam,2017-07-05 08:05:20.866196,slurm_multi,1499257318.0,0,,6.0,main_w3_handler2,3165365,16260015,False,,,,10332800,slurm,,132112168.0,corral-repl,,"[{'src': 'hda', 'id': 30297798}]",,0,no,,"[{'src': 'hda', 'id': 30252654}]",,"""/galaxy-repl/localdata/chrom/mm10.len""","""mm10""",1,,2150570000,"""""",0,,mm10,cached,32.0,,39100791.0,1499255419.0,ok,1023996.0,toolshed.g2.bx.psu.edu/repos/bgruening/deeptools_correct_gc_bias/deeptools_correct_gc_bias/2.5.0.0,2.5.0.0,,2017-07-05 12:22:01.096311,59907,1899.0
22575,tabular,2779137006,bam,2017-07-05 07:59:53.083454,slurm_multi,1499259291.0,0,,6.0,main_w4_handler2,3165365,16259987,False,,,,10332988,slurm,,132112168.0,corral-repl,,"[{'src': 'hda', 'id': 30297780}]",,0,no,,"[{'src': 'hda', 'id': 30150656}]",,"""/galaxy-repl/localdata/chrom/mm10.len""","""mm10""",1,,2150570000,"""""",0,,mm10,cached,32.0,,39100791.0,1499257368.0,ok,1023996.0,toolshed.g2.bx.psu.edu/repos/bgruening/deeptools_correct_gc_bias/deeptools_correct_gc_bias/2.5.0.0,2.5.0.0,,2017-07-05 12:54:53.761769,59907,1923.0
22575,tabular,2688395627,bam,2017-07-05 08:01:06.724037,slurm_multi,1499261205.0,0,,6.0,main_w4_handler2,3165365,16259989,False,,,,10333234,slurm,,132112168.0,corral-repl,,"[{'src': 'hda', 'id': 30297784}]",,0,no,,"[{'src': 'hda', 'id': 30150659}]",,"""/galaxy-repl/localdata/chrom/mm10.len""","""mm10""",1,,2150570000,"""""",0,,mm10,cached,32.0,,39100791.0,1499259335.0,ok,1023996.0,toolshed.g2.bx.psu.edu/repos/bgruening/deeptools_correct_gc_bias/deeptools_correct_gc_bias/2.5.0.0,2.5.0.0,,2017-07-05 13:26:46.303048,59907,1870.0
22575,tabular,2540271573,bam,2017-07-05 08:01:30.089860,slurm_multi,1499263083.0,0,,6.0,main_w4_handler2,3165365,16259991,False,,,,10333558,slurm,,132112168.0,corral-repl,,"[{'src': 'hda', 'id': 30297786}]",,0,no,,"[{'src': 'hda', 'id': 30150666}]",,"""/galaxy-repl/localdata/chrom/mm10.len""","""mm10""",1,,2150570000,"""""",0,,mm10,cached,32.0,,39100791.0,1499261267.0,ok,1023996.0,toolshed.g2.bx.psu.edu/repos/bgruening/deeptools_correct_gc_bias/deeptools_correct_gc_bias/2.5.0.0,2.5.0.0,,2017-07-05 13:58:04.621850,59907,1816.0
22575,tabular,2743777161,bam,2017-07-05 08:04:57.711448,slurm_multi,1499268991.0,0,,6.0,main_w4_handler2,3165365,16260008,False,,,,10335020,slurm,,132112168.0,corral-repl,,"[{'src': 'hda', 'id': 30297796}]",,0,no,,"[{'src': 'hda', 'id': 30252652}]",,"""/galaxy-repl/localdata/chrom/mm10.len""","""mm10""",1,,2150570000,"""""",0,,mm10,cached,32.0,,39100791.0,1499266993.0,ok,1023996.0,toolshed.g2.bx.psu.edu/repos/bgruening/deeptools_correct_gc_bias/deeptools_correct_gc_bias/2.5.0.0,2.5.0.0,,2017-07-05 15:36:32.382799,59907,1998.0
22575,tabular,2614664052,bam,2017-07-05 08:02:04.919740,slurm_multi,1499266937.0,0,,6.0,main_w4_handler2,3165365,16259996,False,,,,10334524,slurm,,132112168.0,corral-repl,,"[{'src': 'hda', 'id': 30297788}]",,0,no,,"[{'src': 'hda', 'id': 30250942}]",,"""/galaxy-repl/localdata/chrom/mm10.len""","""mm10""",1,,2150570000,"""""",0,,mm10,cached,32.0,,39100791.0,1499265111.0,ok,1023996.0,toolshed.g2.bx.psu.edu/repos/bgruening/deeptools_correct_gc_bias/deeptools_correct_gc_bias/2.5.0.0,2.5.0.0,,2017-07-05 15:02:27.404709,59907,1826.0
22575,tabular,2672119046,bam,2017-07-05 08:05:43.541170,slurm_multi,1499265062.0,0,,6.0,main_w3_handler2,3165365,16260017,False,,,,10334017,slurm,,132112168.0,corral-repl,,"[{'src': 'hda', 'id': 30297800}]",,0,no,,"[{'src': 'hda', 'id': 30252656}]",,"""/galaxy-repl/localdata/chrom/mm10.len""","""mm10""",1,,2150570000,"""""",0,,mm10,cached,32.0,,39100791.0,1499263113.0,ok,1023996.0,toolshed.g2.bx.psu.edu/repos/bgruening/deeptools_correct_gc_bias/deeptools_correct_gc_bias/2.5.0.0,2.5.0.0,,2017-07-05 14:31:05.095651,59907,1949.0
22575,tabular,1673077567,bam,2017-07-15 10:54:54.161012,slurm_multi,1500120721.0,0,,6.0,main_w4_handler2,3185032,16351013,False,,,,10416298,slurm,,132112168.0,corral-repl,,"[{'src': 'hda', 'id': 30501846}]",,0,no,,"[{'src': 'hda', 'id': 30352843}]",,"""/galaxy-repl/localdata/chrom/mm9.len""","""mm9""",1,,2150570000,"""""",0,,/galaxy/data/mm9/seq/mm9.2bit,cached,32.0,,39330042.0,1500119202.0,ok,1023996.0,toolshed.g2.bx.psu.edu/repos/bgruening/deeptools_correct_gc_bias/deeptools_correct_gc_bias/2.5.0.0,2.5.0.0,,2017-07-15 12:12:02.847912,99302,1519.0
22575,tabular,1577752399,bam,2017-07-15 10:56:02.490756,slurm_multi,1500123650.0,0,,6.0,main_w4_handler2,3185032,16351016,False,,,,10416383,slurm,,132112168.0,corral-repl,,"[{'src': 'hda', 'id': 30501859}]",,0,no,,"[{'src': 'hda', 'id': 30352847}]",,"""/galaxy-repl/localdata/chrom/mm9.len""","""mm9""",1,,2150570000,"""""",0,,/galaxy/data/mm9/seq/mm9.2bit,cached,32.0,,39330042.0,1500122214.0,ok,1023996.0,toolshed.g2.bx.psu.edu/repos/bgruening/deeptools_correct_gc_bias/deeptools_correct_gc_bias/2.5.0.0,2.5.0.0,,2017-07-15 13:00:53.870865,99302,1436.0
22575,tabular,959568395,bam,2017-07-17 21:04:38.212736,slurm_multi,1500326743.0,0,,6.0,main_w4_handler2,2953206,16364971,False,,,,10428443,slurm,,132112168.0,corral-repl,,"[{'src': 'hda', 'id': 30525040}]",,0,no,,"[{'src': 'hda', 'id': 30482653}]",,"""/galaxy-repl/localdata/chrom/?.len""","""?""",4,,93260000,"""""",0,,ce10,cached,32.0,,39216818.0,1500325771.0,ok,1023996.0,toolshed.g2.bx.psu.edu/repos/bgruening/deeptools_correct_gc_bias/deeptools_correct_gc_bias/2.5.0.0,2.5.0.0,,2017-07-17 21:25:46.282111,83591,972.0
22575,tabular,527673865,bam,2017-07-17 21:05:19.345208,slurm_multi,1500327262.0,0,,6.0,main_w4_handler2,2953206,16364974,False,,,,10428848,slurm,,132112168.0,corral-repl,,"[{'src': 'hda', 'id': 30525039}]",,0,no,,"[{'src': 'hda', 'id': 30482608}]",,"""/galaxy-repl/localdata/chrom/?.len""","""?""",4,,93260000,"""""",0,,ce10,cached,32.0,,39216818.0,1500326762.0,ok,1023996.0,toolshed.g2.bx.psu.edu/repos/bgruening/deeptools_correct_gc_bias/deeptools_correct_gc_bias/2.5.0.0,2.5.0.0,,2017-07-17 21:34:27.031944,83591,500.0
22575,tabular,740244530,bam,2017-07-17 21:57:46.458957,slurm_multi,1500335940.0,0,,6.0,main_w4_handler2,2953206,16365562,False,,,,10430292,slurm,,132111800.0,corral-repl,,"[{'src': 'hda', 'id': 30525847}]",,0,no,,"[{'src': 'hda', 'id': 30525663}]",,"""/galaxy-repl/localdata/chrom/?.len""","""?""",4,,93260000,"""""",0,,ce10,cached,32.0,,39216818.0,1500335383.0,ok,1023996.0,toolshed.g2.bx.psu.edu/repos/bgruening/deeptools_correct_gc_bias/deeptools_correct_gc_bias/2.5.0.0,2.5.0.0,,2017-07-17 23:59:02.777519,83591,557.0
22575,tabular,1510079259,bam,2017-07-17 21:57:47.091595,slurm_multi,1500337263.0,0,,6.0,main_w4_handler2,2953206,16365563,False,,,,10430365,slurm,,132111800.0,corral-repl,,"[{'src': 'hda', 'id': 30525849}]",,0,no,,"[{'src': 'hda', 'id': 30525831}]",,"""/galaxy-repl/localdata/chrom/?.len""","""?""",4,,93260000,"""""",0,,ce10,cached,32.0,,39216818.0,1500335948.0,ok,1023996.0,toolshed.g2.bx.psu.edu/repos/bgruening/deeptools_correct_gc_bias/deeptools_correct_gc_bias/2.5.0.0,2.5.0.0,,2017-07-18 00:21:05.513303,83591,1315.0
22575,tabular,116213339,bam,2017-07-20 17:01:26.745068,slurm_multi,1500573312.0,0,,6.0,main_w4_handler2,3185646,16377321,False,,,,10442376,slurm,,132112168.0,corral-repl,,"[{'src': 'hda', 'id': 30542354}]",,0,no,,"[{'src': 'hda', 'id': 30463103}]",,"""/galaxy-repl/localdata/chrom/?.len""","""?""",4,,93260000,"""""",0,,ce10,cached,32.0,,39216818.0,1500573227.0,ok,1023996.0,toolshed.g2.bx.psu.edu/repos/bgruening/deeptools_correct_gc_bias/deeptools_correct_gc_bias/2.5.0.0,2.5.0.0,,2017-07-20 17:55:14.619379,83591,85.0
22575,tabular,146163784,bam,2017-07-20 17:01:27.094760,slurm_multi,1500575559.0,0,,6.0,main_w3_handler2,3185646,16377322,False,,,,10442716,slurm,,132112168.0,corral-repl,,"[{'src': 'hda', 'id': 30542356}]",,0,no,,"[{'src': 'hda', 'id': 30463113}]",,"""/galaxy-repl/localdata/chrom/?.len""","""?""",4,,93260000,"""""",0,,ce10,cached,32.0,,39216818.0,1500575447.0,ok,1023996.0,toolshed.g2.bx.psu.edu/repos/bgruening/deeptools_correct_gc_bias/deeptools_correct_gc_bias/2.5.0.0,2.5.0.0,,2017-07-20 18:32:41.643317,83591,112.0
22575,tabular,203673131,bam,2017-07-20 17:01:27.417994,slurm_multi,1500575743.0,0,,6.0,main_w3_handler2,3185646,16377323,False,,,,10442730,slurm,,132112168.0,corral-repl,,"[{'src': 'hda', 'id': 30542359}]",,0,no,,"[{'src': 'hda', 'id': 30463128}]",,"""/galaxy-repl/localdata/chrom/?.len""","""?""",4,,93260000,"""""",0,,ce10,cached,32.0,,39216818.0,1500575565.0,ok,1023996.0,toolshed.g2.bx.psu.edu/repos/bgruening/deeptools_correct_gc_bias/deeptools_correct_gc_bias/2.5.0.0,2.5.0.0,,2017-07-20 18:35:45.441703,83591,178.0
22575,tabular,120169920,bam,2017-07-20 17:01:27.661066,slurm_multi,1500575834.0,0,,6.0,main_w3_handler2,3185646,16377324,False,,,,10442742,slurm,,132112168.0,corral-repl,,"[{'src': 'hda', 'id': 30542361}]",,0,no,,"[{'src': 'hda', 'id': 30463132}]",,"""/galaxy-repl/localdata/chrom/?.len""","""?""",4,,93260000,"""""",0,,ce10,cached,32.0,,39216818.0,1500575749.0,ok,1023996.0,toolshed.g2.bx.psu.edu/repos/bgruening/deeptools_correct_gc_bias/deeptools_correct_gc_bias/2.5.0.0,2.5.0.0,,2017-07-20 18:37:16.225421,83591,85.0
22575,tabular,102279628,bam,2017-07-20 17:01:28.562476,slurm_multi,1500575911.0,0,,6.0,main_w4_handler2,3185646,16377325,False,,,,10442756,slurm,,132112168.0,corral-repl,,"[{'src': 'hda', 'id': 30542364}]",,0,no,,"[{'src': 'hda', 'id': 30463139}]",,"""/galaxy-repl/localdata/chrom/?.len""","""?""",4,,93260000,"""""",0,,ce10,cached,32.0,,39216818.0,1500575837.0,ok,1023996.0,toolshed.g2.bx.psu.edu/repos/bgruening/deeptools_correct_gc_bias/deeptools_correct_gc_bias/2.5.0.0,2.5.0.0,,2017-07-20 18:38:32.280110,83591,74.0
22575,tabular,204667327,bam,2017-07-20 17:01:29.163997,slurm_multi,1500576091.0,0,,6.0,main_w3_handler2,3185646,16377326,False,,,,10442765,slurm,,132112168.0,corral-repl,,"[{'src': 'hda', 'id': 30542366}]",,0,no,,"[{'src': 'hda', 'id': 30463168}]",,"""/galaxy-repl/localdata/chrom/?.len""","""?""",4,,93260000,"""""",0,,ce10,cached,32.0,,39216818.0,1500575918.0,ok,1023996.0,toolshed.g2.bx.psu.edu/repos/bgruening/deeptools_correct_gc_bias/deeptools_correct_gc_bias/2.5.0.0,2.5.0.0,,2017-07-20 18:41:32.414683,83591,173.0
22575,tabular,450932688,bam,2017-07-26 19:57:22.155331,slurm_multi,1501106393.0,0,,6.0,main_w4_handler2,2953206,16428038,False,,,,10495840,slurm,,132111800.0,corral-repl,,"[{'src': 'hda', 'id': 30629200}]",,0,no,,"[{'src': 'hda', 'id': 30628326}]",,"""/galaxy-repl/localdata/chrom/?.len""","""?""",4,,93260000,"""""",0,,ce10,cached,32.0,,39216818.0,1501106086.0,ok,1023996.0,toolshed.g2.bx.psu.edu/repos/bgruening/deeptools_correct_gc_bias/deeptools_correct_gc_bias/2.5.0.0,2.5.0.0,,2017-07-26 21:59:56.023933,83591,307.0
22575,tabular,1073111123,bam,2017-07-26 19:57:21.355107,slurm_multi,1501100736.0,0,,6.0,main_w3_handler2,2953206,16428036,False,,,,10495078,slurm,,132111800.0,corral-repl,,"[{'src': 'hda', 'id': 30629194}]",,0,no,,"[{'src': 'hda', 'id': 30628262}]",,"""/galaxy-repl/localdata/chrom/?.len""","""?""",4,,93260000,"""""",0,,ce10,cached,32.0,,39216818.0,1501099735.0,ok,1023996.0,toolshed.g2.bx.psu.edu/repos/bgruening/deeptools_correct_gc_bias/deeptools_correct_gc_bias/2.5.0.0,2.5.0.0,,2017-07-26 20:25:37.903261,83591,1001.0
22575,tabular,1700840079,bam,2017-07-26 19:57:23.621385,slurm_multi,1501101726.0,0,,6.0,main_w4_handler2,2953206,16428041,False,,,,10495230,slurm,,132111800.0,corral-repl,,"[{'src': 'hda', 'id': 30629205}]",,0,no,,"[{'src': 'hda', 'id': 30628488}]",,"""/galaxy-repl/localdata/chrom/?.len""","""?""",4,,93260000,"""""",0,,ce10,cached,32.0,,39216818.0,1501100740.0,ok,1023996.0,toolshed.g2.bx.psu.edu/repos/bgruening/deeptools_correct_gc_bias/deeptools_correct_gc_bias/2.5.0.0,2.5.0.0,,2017-07-26 20:42:08.346985,83591,986.0
22575,tabular,1216318309,bam,2017-07-26 19:57:22.550524,slurm_multi,1501103106.0,0,,6.0,main_w3_handler2,2953206,16428039,False,,,,10495337,slurm,,132112168.0,corral-repl,,"[{'src': 'hda', 'id': 30629201}]",,0,no,,"[{'src': 'hda', 'id': 30628366}]",,"""/galaxy-repl/localdata/chrom/?.len""","""?""",4,,93260000,"""""",0,,ce10,cached,32.0,,39216818.0,1501101734.0,ok,1023996.0,toolshed.g2.bx.psu.edu/repos/bgruening/deeptools_correct_gc_bias/deeptools_correct_gc_bias/2.5.0.0,2.5.0.0,,2017-07-26 21:05:08.030243,83591,1372.0
22575,tabular,1360072940,bam,2017-07-26 19:57:23.158730,slurm_multi,1501104503.0,0,,6.0,main_w3_handler2,2953206,16428040,False,,,,10495550,slurm,,132112168.0,corral-repl,,"[{'src': 'hda', 'id': 30629204}]",,0,no,,"[{'src': 'hda', 'id': 30628402}]",,"""/galaxy-repl/localdata/chrom/?.len""","""?""",4,,93260000,"""""",0,,ce10,cached,32.0,,39216818.0,1501103113.0,ok,1023996.0,toolshed.g2.bx.psu.edu/repos/bgruening/deeptools_correct_gc_bias/deeptools_correct_gc_bias/2.5.0.0,2.5.0.0,,2017-07-26 21:28:29.137071,83591,1390.0
22575,tabular,570621501,bam,2017-07-26 19:57:21.002591,slurm_multi,1501105258.0,0,,6.0,main_w4_handler2,2953206,16428035,False,,,,10495750,slurm,,132112168.0,corral-repl,,"[{'src': 'hda', 'id': 30629193}]",,0,no,,"[{'src': 'hda', 'id': 30628227}]",,"""/galaxy-repl/localdata/chrom/?.len""","""?""",4,,93260000,"""""",0,,ce10,cached,32.0,,39216818.0,1501104762.0,ok,1023996.0,toolshed.g2.bx.psu.edu/repos/bgruening/deeptools_correct_gc_bias/deeptools_correct_gc_bias/2.5.0.0,2.5.0.0,,2017-07-26 21:41:00.022298,83591,496.0
22575,tabular,544404581,bam,2017-07-26 19:57:20.740248,slurm_multi,1501104755.0,0,,6.0,main_w4_handler2,2953206,16428034,False,,,,10495732,slurm,,132112168.0,corral-repl,,"[{'src': 'hda', 'id': 30629192}]",,0,no,,"[{'src': 'hda', 'id': 30628221}]",,"""/galaxy-repl/localdata/chrom/?.len""","""?""",4,,93260000,"""""",0,,ce10,cached,32.0,,39216818.0,1501104512.0,ok,1023996.0,toolshed.g2.bx.psu.edu/repos/bgruening/deeptools_correct_gc_bias/deeptools_correct_gc_bias/2.5.0.0,2.5.0.0,,2017-07-26 21:32:38.250616,83591,243.0
22575,tabular,902610399,bam,2017-07-26 19:57:21.794818,slurm_multi,1501106081.0,0,,6.0,main_w4_handler2,2953206,16428037,False,,,,10495790,slurm,,132112168.0,corral-repl,,"[{'src': 'hda', 'id': 30629196}]",,0,no,,"[{'src': 'hda', 'id': 30628304}]",,"""/galaxy-repl/localdata/chrom/?.len""","""?""",4,,93260000,"""""",0,,ce10,cached,32.0,,39216818.0,1501105264.0,ok,1023996.0,toolshed.g2.bx.psu.edu/repos/bgruening/deeptools_correct_gc_bias/deeptools_correct_gc_bias/2.5.0.0,2.5.0.0,,2017-07-26 21:54:43.343721,83591,817.0
22575,tabular,527673865,bam,2017-07-27 20:12:23.101617,slurm_multi,1501190429.0,0,,6.0,main_w3_handler2,2953206,16437377,False,,,,10505522,slurm,,132112168.0,corral-repl,,"[{'src': 'hda', 'id': 30643378}]",,0,no,,"[{'src': 'hda', 'id': 30641781}]",,"""/galaxy-repl/localdata/chrom/?.len""","""?""",4,,93260000,"""""",0,,ce10,cached,32.0,,39216818.0,1501189949.0,ok,1023996.0,toolshed.g2.bx.psu.edu/repos/bgruening/deeptools_correct_gc_bias/deeptools_correct_gc_bias/2.5.0.0,2.5.0.0,,2017-07-27 21:20:31.111991,83591,480.0
22575,tabular,740244530,bam,2017-07-27 20:12:23.673552,slurm_multi,1501197608.0,0,,6.0,main_w3_handler2,2953206,16437378,False,,,,10506330,slurm,,132112168.0,corral-repl,,"[{'src': 'hda', 'id': 30643380}]",,0,no,,"[{'src': 'hda', 'id': 30641807}]",,"""/galaxy-repl/localdata/chrom/?.len""","""?""",4,,93260000,"""""",0,,ce10,cached,32.0,,39216818.0,1501196962.0,ok,1023996.0,toolshed.g2.bx.psu.edu/repos/bgruening/deeptools_correct_gc_bias/deeptools_correct_gc_bias/2.5.0.0,2.5.0.0,,2017-07-27 23:20:09.980262,83591,646.0
22575,tabular,959568395,bam,2017-07-27 20:12:24.111919,slurm_multi,1501198772.0,0,,6.0,main_w4_handler2,2953206,16437379,False,,,,10506382,slurm,,132111800.0,corral-repl,,"[{'src': 'hda', 'id': 30643382}]",,0,no,,"[{'src': 'hda', 'id': 30641826}]",,"""/galaxy-repl/localdata/chrom/?.len""","""?""",4,,93260000,"""""",0,,ce10,cached,32.0,,39216818.0,1501197813.0,ok,1023996.0,toolshed.g2.bx.psu.edu/repos/bgruening/deeptools_correct_gc_bias/deeptools_correct_gc_bias/2.5.0.0,2.5.0.0,,2017-07-27 23:39:34.617294,83591,959.0
22575,tabular,1510079259,bam,2017-07-27 20:12:24.600829,slurm_multi,1501200195.0,0,,6.0,main_w4_handler2,2953206,16437380,False,,,,10506502,slurm,,132112168.0,corral-repl,,"[{'src': 'hda', 'id': 30643384}]",,0,no,,"[{'src': 'hda', 'id': 30641854}]",,"""/galaxy-repl/localdata/chrom/?.len""","""?""",4,,93260000,"""""",0,,ce10,cached,32.0,,39216818.0,1501198780.0,ok,1023996.0,toolshed.g2.bx.psu.edu/repos/bgruening/deeptools_correct_gc_bias/deeptools_correct_gc_bias/2.5.0.0,2.5.0.0,,2017-07-28 00:03:17.720403,83591,1415.0
22575,tabular,1175284425,bam,2017-07-28 18:03:57.019312,slurm_multi,1501268960.0,0,,6.0,main_w3_handler2,3041826,16448545,False,,,,10517396,slurm,,132112168.0,corral-repl,,"[{'src': 'hda', 'id': 30660674}]",,0,no,,"[{'src': 'hda', 'id': 30659679}]",,"""/galaxy-repl/localdata/chrom/?.len""","""?""",4,,93260000,"""""",0,,ce10,cached,32.0,,39216818.0,1501267892.0,ok,1023996.0,toolshed.g2.bx.psu.edu/repos/bgruening/deeptools_correct_gc_bias/deeptools_correct_gc_bias/2.5.0.0,2.5.0.0,,2017-07-28 19:09:22.837486,83591,1068.0
22575,tabular,1204436489,bam,2017-07-28 18:03:45.152488,slurm_multi,1501270576.0,0,,6.0,main_w4_handler2,3041826,16448521,False,,,,10517956,slurm,,132112168.0,corral-repl,,"[{'src': 'hda', 'id': 30660650}]",,0,no,,"[{'src': 'hda', 'id': 30658740}]",,"""/galaxy-repl/localdata/chrom/?.len""","""?""",4,,93260000,"""""",0,,ce10,cached,32.0,,39216818.0,1501269302.0,ok,1023996.0,toolshed.g2.bx.psu.edu/repos/bgruening/deeptools_correct_gc_bias/deeptools_correct_gc_bias/2.5.0.0,2.5.0.0,,2017-07-28 19:36:18.082867,83591,1274.0
22575,tabular,966313642,bam,2017-07-28 18:03:45.907310,slurm_multi,1501271522.0,0,,6.0,main_w4_handler2,3041826,16448522,False,,,,10518462,slurm,,132112168.0,corral-repl,,"[{'src': 'hda', 'id': 30660651}]",,0,no,,"[{'src': 'hda', 'id': 30658759}]",,"""/galaxy-repl/localdata/chrom/?.len""","""?""",4,,93260000,"""""",0,,ce10,cached,32.0,,39216818.0,1501270580.0,ok,1023996.0,toolshed.g2.bx.psu.edu/repos/bgruening/deeptools_correct_gc_bias/deeptools_correct_gc_bias/2.5.0.0,2.5.0.0,,2017-07-28 19:52:04.859420,83591,942.0
22575,tabular,1060184595,bam,2017-07-28 18:03:48.196753,slurm_multi,1501272547.0,0,,6.0,main_w4_handler2,3041826,16448525,False,,,,10518772,slurm,,132112168.0,corral-repl,,"[{'src': 'hda', 'id': 30660654}]",,0,no,,"[{'src': 'hda', 'id': 30658886}]",,"""/galaxy-repl/localdata/chrom/?.len""","""?""",4,,93260000,"""""",0,,ce10,cached,32.0,,39216818.0,1501271527.0,ok,1023996.0,toolshed.g2.bx.psu.edu/repos/bgruening/deeptools_correct_gc_bias/deeptools_correct_gc_bias/2.5.0.0,2.5.0.0,,2017-07-28 20:09:09.182583,83591,1020.0
22575,tabular,856329073,bam,2017-07-28 18:03:50.213515,slurm_multi,1501273412.0,0,,6.0,main_w4_handler2,3041826,16448531,False,,,,10519333,slurm,,132111800.0,corral-repl,,"[{'src': 'hda', 'id': 30660660}]",,0,no,,"[{'src': 'hda', 'id': 30659120}]",,"""/galaxy-repl/localdata/chrom/?.len""","""?""",4,,93260000,"""""",0,,ce10,cached,32.0,,39216818.0,1501272556.0,ok,1023996.0,toolshed.g2.bx.psu.edu/repos/bgruening/deeptools_correct_gc_bias/deeptools_correct_gc_bias/2.5.0.0,2.5.0.0,,2017-07-28 20:23:33.943770,83591,856.0
22575,tabular,983318280,bam,2017-07-28 18:03:50.841586,slurm_multi,1501274308.0,0,,6.0,main_w4_handler2,3041826,16448532,False,,,,10519743,slurm,,132111800.0,corral-repl,,"[{'src': 'hda', 'id': 30660661}]",,0,no,,"[{'src': 'hda', 'id': 30659141}]",,"""/galaxy-repl/localdata/chrom/?.len""","""?""",4,,93260000,"""""",0,,ce10,cached,32.0,,39216818.0,1501273420.0,ok,1023996.0,toolshed.g2.bx.psu.edu/repos/bgruening/deeptools_correct_gc_bias/deeptools_correct_gc_bias/2.5.0.0,2.5.0.0,,2017-07-28 20:38:29.686301,83591,888.0
22575,tabular,1135992963,bam,2017-07-28 18:03:51.394506,slurm_multi,1501275422.0,0,,6.0,main_w4_handler2,3041826,16448533,False,,,,10520093,slurm,,132111800.0,corral-repl,,"[{'src': 'hda', 'id': 30660662}]",,0,no,,"[{'src': 'hda', 'id': 30659188}]",,"""/galaxy-repl/localdata/chrom/?.len""","""?""",4,,93260000,"""""",0,,ce10,cached,32.0,,39216818.0,1501274313.0,ok,1023996.0,toolshed.g2.bx.psu.edu/repos/bgruening/deeptools_correct_gc_bias/deeptools_correct_gc_bias/2.5.0.0,2.5.0.0,,2017-07-28 20:57:04.071757,83591,1109.0
22575,tabular,1035188446,bam,2017-07-28 18:03:46.845069,slurm_multi,1501277004.0,0,,6.0,main_w3_handler2,3041826,16448523,False,,,,10520440,slurm,,132112168.0,corral-repl,,"[{'src': 'hda', 'id': 30660652}]",,0,no,,"[{'src': 'hda', 'id': 30658805}]",,"""/galaxy-repl/localdata/chrom/?.len""","""?""",4,,93260000,"""""",0,,ce10,cached,32.0,,39216818.0,1501276119.0,ok,1023996.0,toolshed.g2.bx.psu.edu/repos/bgruening/deeptools_correct_gc_bias/deeptools_correct_gc_bias/2.5.0.0,2.5.0.0,,2017-07-28 21:23:27.041856,83591,885.0
22575,tabular,845045663,bam,2017-07-28 18:03:52.332494,slurm_multi,1501277726.0,0,,6.0,main_w4_handler2,3041826,16448535,False,,,,10520510,slurm,,132112168.0,corral-repl,,"[{'src': 'hda', 'id': 30660664}]",,0,no,,"[{'src': 'hda', 'id': 30659230}]",,"""/galaxy-repl/localdata/chrom/?.len""","""?""",4,,93260000,"""""",0,,ce10,cached,32.0,,39216818.0,1501277010.0,ok,1023996.0,toolshed.g2.bx.psu.edu/repos/bgruening/deeptools_correct_gc_bias/deeptools_correct_gc_bias/2.5.0.0,2.5.0.0,,2017-07-28 21:35:28.221524,83591,716.0
22575,tabular,988463638,bam,2017-07-28 18:03:54.777705,slurm_multi,1501278970.0,0,,6.0,main_w4_handler2,3041826,16448542,False,,,,10520664,slurm,,132112168.0,corral-repl,,"[{'src': 'hda', 'id': 30660670}]",,0,no,,"[{'src': 'hda', 'id': 30659632}]",,"""/galaxy-repl/localdata/chrom/?.len""","""?""",4,,93260000,"""""",0,,ce10,cached,32.0,,39216818.0,1501278020.0,ok,1023996.0,toolshed.g2.bx.psu.edu/repos/bgruening/deeptools_correct_gc_bias/deeptools_correct_gc_bias/2.5.0.0,2.5.0.0,,2017-07-28 21:56:11.824383,83591,950.0
22575,tabular,1039254587,bam,2017-07-28 18:03:47.663253,slurm_multi,1501278011.0,0,,6.0,main_w3_handler2,3041826,16448524,False,,,,10520511,slurm,,132112168.0,corral-repl,,"[{'src': 'hda', 'id': 30660653}]",,0,no,,"[{'src': 'hda', 'id': 30658843}]",,"""/galaxy-repl/localdata/chrom/?.len""","""?""",4,,93260000,"""""",0,,ce10,cached,32.0,,39216818.0,1501277013.0,ok,1023996.0,toolshed.g2.bx.psu.edu/repos/bgruening/deeptools_correct_gc_bias/deeptools_correct_gc_bias/2.5.0.0,2.5.0.0,,2017-07-28 21:40:14.108102,83591,998.0
22575,tabular,1345752345,bam,2017-07-28 18:03:55.578586,slurm_multi,1501280134.0,0,,6.0,main_w4_handler2,3041826,16448543,False,,,,10520748,slurm,,132112168.0,corral-repl,,"[{'src': 'hda', 'id': 30660671}]",,0,no,,"[{'src': 'hda', 'id': 30659653}]",,"""/galaxy-repl/localdata/chrom/?.len""","""?""",4,,93260000,"""""",0,,ce10,cached,32.0,,39216818.0,1501278975.0,ok,1023996.0,toolshed.g2.bx.psu.edu/repos/bgruening/deeptools_correct_gc_bias/deeptools_correct_gc_bias/2.5.0.0,2.5.0.0,,2017-07-28 22:15:35.344693,83591,1159.0
22575,tabular,1035896565,bam,2017-07-28 18:03:48.562243,slurm_multi,1501280003.0,0,,6.0,main_w3_handler2,3041826,16448527,False,,,,10520749,slurm,,132112168.0,corral-repl,,"[{'src': 'hda', 'id': 30660655}]",,0,no,,"[{'src': 'hda', 'id': 30658937}]",,"""/galaxy-repl/localdata/chrom/?.len""","""?""",4,,93260000,"""""",0,,ce10,cached,32.0,,39216818.0,1501278975.0,ok,1023996.0,toolshed.g2.bx.psu.edu/repos/bgruening/deeptools_correct_gc_bias/deeptools_correct_gc_bias/2.5.0.0,2.5.0.0,,2017-07-28 22:13:24.779525,83591,1028.0
22575,tabular,1289554252,bam,2017-07-28 18:03:49.282723,slurm_multi,1501281338.0,0,,6.0,main_w3_handler2,3041826,16448530,False,,,,10520860,slurm,,132112168.0,corral-repl,,"[{'src': 'hda', 'id': 30660659}]",,0,no,,"[{'src': 'hda', 'id': 30659102}]",,"""/galaxy-repl/localdata/chrom/?.len""","""?""",4,,93260000,"""""",0,,ce10,cached,32.0,,39216818.0,1501280136.0,ok,1023996.0,toolshed.g2.bx.psu.edu/repos/bgruening/deeptools_correct_gc_bias/deeptools_correct_gc_bias/2.5.0.0,2.5.0.0,,2017-07-28 22:35:39.875922,83591,1202.0
22575,tabular,770089185,bam,2017-07-28 18:03:48.747310,slurm_multi,1501282076.0,0,,6.0,main_w3_handler2,3041826,16448528,False,,,,10521139,slurm,,132112168.0,corral-repl,,"[{'src': 'hda', 'id': 30660656}]",,0,no,,"[{'src': 'hda', 'id': 30659009}]",,"""/galaxy-repl/localdata/chrom/?.len""","""?""",4,,93260000,"""""",0,,ce10,cached,32.0,,39216818.0,1501281342.0,ok,1023996.0,toolshed.g2.bx.psu.edu/repos/bgruening/deeptools_correct_gc_bias/deeptools_correct_gc_bias/2.5.0.0,2.5.0.0,,2017-07-28 22:47:58.976611,83591,734.0
22575,tabular,997190371,bam,2017-07-28 18:03:48.939631,slurm_multi,1501283969.0,0,,6.0,main_w3_handler2,3041826,16448529,False,,,,10521603,slurm,,132111800.0,corral-repl,,"[{'src': 'hda', 'id': 30660657}]",,0,no,,"[{'src': 'hda', 'id': 30659069}]",,"""/galaxy-repl/localdata/chrom/?.len""","""?""",4,,93260000,"""""",0,,ce10,cached,32.0,,39216818.0,1501283057.0,ok,1023996.0,toolshed.g2.bx.psu.edu/repos/bgruening/deeptools_correct_gc_bias/deeptools_correct_gc_bias/2.5.0.0,2.5.0.0,,2017-07-28 23:19:33.290273,83591,912.0
22575,tabular,963748722,bam,2017-07-28 18:03:56.492989,slurm_multi,1501283048.0,0,,6.0,main_w4_handler2,3041826,16448544,False,,,,10521426,slurm,,132111800.0,corral-repl,,"[{'src': 'hda', 'id': 30660672}]",,0,no,,"[{'src': 'hda', 'id': 30659661}]",,"""/galaxy-repl/localdata/chrom/?.len""","""?""",4,,93260000,"""""",0,,ce10,cached,32.0,,39216818.0,1501282081.0,ok,1023996.0,toolshed.g2.bx.psu.edu/repos/bgruening/deeptools_correct_gc_bias/deeptools_correct_gc_bias/2.5.0.0,2.5.0.0,,2017-07-28 23:04:10.072194,83591,967.0
22575,tabular,1364318455,bam,2017-07-28 18:03:52.056922,slurm_multi,1501285242.0,0,,6.0,main_w3_handler2,3041826,16448534,False,,,,10521647,slurm,,132111800.0,corral-repl,,"[{'src': 'hda', 'id': 30660663}]",,0,no,,"[{'src': 'hda', 'id': 30659200}]",,"""/galaxy-repl/localdata/chrom/?.len""","""?""",4,,93260000,"""""",0,,ce10,cached,32.0,,39216818.0,1501283978.0,ok,1023996.0,toolshed.g2.bx.psu.edu/repos/bgruening/deeptools_correct_gc_bias/deeptools_correct_gc_bias/2.5.0.0,2.5.0.0,,2017-07-28 23:40:44.152921,83591,1264.0
22575,tabular,1076027640,bam,2017-07-28 18:03:52.577407,slurm_multi,1501286193.0,0,,6.0,main_w3_handler2,3041826,16448536,False,,,,10521694,slurm,,132111800.0,corral-repl,,"[{'src': 'hda', 'id': 30660665}]",,0,no,,"[{'src': 'hda', 'id': 30659250}]",,"""/galaxy-repl/localdata/chrom/?.len""","""?""",4,,93260000,"""""",0,,ce10,cached,32.0,,39216818.0,1501285250.0,ok,1023996.0,toolshed.g2.bx.psu.edu/repos/bgruening/deeptools_correct_gc_bias/deeptools_correct_gc_bias/2.5.0.0,2.5.0.0,,2017-07-28 23:56:35.390553,83591,943.0
22575,tabular,850720527,bam,2017-07-28 18:03:52.840471,slurm_multi,1501286928.0,0,,6.0,main_w3_handler2,3041826,16448537,False,,,,10521721,slurm,,132111800.0,corral-repl,,"[{'src': 'hda', 'id': 30660666}]",,0,no,,"[{'src': 'hda', 'id': 30659360}]",,"""/galaxy-repl/localdata/chrom/?.len""","""?""",4,,93260000,"""""",0,,ce10,cached,32.0,,39216818.0,1501286201.0,ok,1023996.0,toolshed.g2.bx.psu.edu/repos/bgruening/deeptools_correct_gc_bias/deeptools_correct_gc_bias/2.5.0.0,2.5.0.0,,2017-07-29 00:08:49.914811,83591,727.0
22575,tabular,1101040991,bam,2017-07-28 18:03:53.211615,slurm_multi,1501287969.0,0,,6.0,main_w3_handler2,3041826,16448538,False,,,,10521776,slurm,,132111800.0,corral-repl,,"[{'src': 'hda', 'id': 30660667}]",,0,no,,"[{'src': 'hda', 'id': 30659380}]",,"""/galaxy-repl/localdata/chrom/?.len""","""?""",4,,93260000,"""""",0,,ce10,cached,32.0,,39216818.0,1501286933.0,ok,1023996.0,toolshed.g2.bx.psu.edu/repos/bgruening/deeptools_correct_gc_bias/deeptools_correct_gc_bias/2.5.0.0,2.5.0.0,,2017-07-29 00:26:10.799633,83591,1036.0
22575,tabular,982275156,bam,2017-07-28 18:03:53.614038,slurm_multi,1501288887.0,0,,6.0,main_w3_handler2,3041826,16448539,False,,,,10521803,slurm,,132111800.0,corral-repl,,"[{'src': 'hda', 'id': 30660668}]",,0,no,,"[{'src': 'hda', 'id': 30659435}]",,"""/galaxy-repl/localdata/chrom/?.len""","""?""",4,,93260000,"""""",0,,ce10,cached,32.0,,39216818.0,1501287975.0,ok,1023996.0,toolshed.g2.bx.psu.edu/repos/bgruening/deeptools_correct_gc_bias/deeptools_correct_gc_bias/2.5.0.0,2.5.0.0,,2017-07-29 00:41:29.592705,83591,912.0
22575,tabular,995521577,bam,2017-07-28 18:03:54.364708,slurm_multi,1501289762.0,0,,6.0,main_w3_handler2,3041826,16448541,False,,,,10521875,slurm,,132111800.0,corral-repl,,"[{'src': 'hda', 'id': 30660669}]",,0,no,,"[{'src': 'hda', 'id': 30659485}]",,"""/galaxy-repl/localdata/chrom/?.len""","""?""",4,,93260000,"""""",0,,ce10,cached,32.0,,39216818.0,1501288896.0,ok,1023996.0,toolshed.g2.bx.psu.edu/repos/bgruening/deeptools_correct_gc_bias/deeptools_correct_gc_bias/2.5.0.0,2.5.0.0,,2017-07-29 00:56:04.553279,83591,866.0
22575,tabular,1066467680,bam,2017-07-28 18:03:57.793522,slurm_multi,1501290754.0,0,,6.0,main_w3_handler2,3041826,16448546,False,,,,10521928,slurm,,132111800.0,corral-repl,,"[{'src': 'hda', 'id': 30660676}]",,0,no,,"[{'src': 'hda', 'id': 30659699}]",,"""/galaxy-repl/localdata/chrom/?.len""","""?""",4,,93260000,"""""",0,,ce10,cached,32.0,,39216818.0,1501289769.0,ok,1023996.0,toolshed.g2.bx.psu.edu/repos/bgruening/deeptools_correct_gc_bias/deeptools_correct_gc_bias/2.5.0.0,2.5.0.0,,2017-07-29 01:12:35.777139,83591,985.0
11325,tabular,636821530,bam,2017-08-09 03:14:44.971173,slurm_multi,1502249500.0,0,,6.0,main_w3_handler2,3213983,16535292,False,,,,10605986,slurm,,132112168.0,corral-repl,,"[{'src': 'hda', 'id': 30791668}]",,0,no,,"[{'src': 'hda', 'id': 30770629}]",,"""/galaxy-repl/localdata/chrom/sacCer3.len""","""sacCer3""",0,12000000,specific,"""""",0,,sacCer3,cached,32.0,,39755868.0,1502248492.0,ok,1023996.0,toolshed.g2.bx.psu.edu/repos/bgruening/deeptools_correct_gc_bias/deeptools_correct_gc_bias/2.5.0.0,2.5.0.0,,2017-08-09 03:31:42.921470,108343,1008.0
1575,tabular,4580275739,bam,2017-08-17 21:15:14.401800,slurm_multi,1503015532.0,0,,6.0,main_w4_handler2,3190573,16604982,False,,,,10677378,slurm,,132112168.0,corral-repl,,"[{'src': 'hda', 'id': 30909219}]",,0,no,,"[{'src': 'hda', 'id': 30866895}]",,"""/galaxy-repl/localdata/chrom/mm10.len""","""mm10""",1,,2150570000,"""""",0,,mm10,cached,32.0,,39929293.0,1503010511.0,ok,1023996.0,toolshed.g2.bx.psu.edu/repos/bgruening/deeptools_correct_gc_bias/deeptools_correct_gc_bias/2.5.0.0,2.5.0.0,,2017-08-18 00:18:54.204177,84314,5021.0
1575,tabular,6515487375,bam,2017-08-17 21:15:14.999541,slurm_multi,1503021363.0,0,,6.0,main_w3_handler2,3190573,16604983,False,,,,10677633,slurm,,132112168.0,corral-repl,,"[{'src': 'hda', 'id': 30909221}]",,0,no,,"[{'src': 'hda', 'id': 30874226}]",,"""/galaxy-repl/localdata/chrom/mm10.len""","""mm10""",1,,2150570000,"""""",0,,mm10,cached,32.0,,39929293.0,1503015537.0,ok,1023996.0,toolshed.g2.bx.psu.edu/repos/bgruening/deeptools_correct_gc_bias/deeptools_correct_gc_bias/2.5.0.0,2.5.0.0,,2017-08-18 01:56:05.385139,84314,5826.0
1575,tabular,6913226321,bam,2017-08-17 21:15:15.317464,slurm_multi,1503028018.0,0,,6.0,main_w4_handler2,3190573,16604984,False,,,,10677893,slurm,,132112168.0,corral-repl,,"[{'src': 'hda', 'id': 30909223}]",,0,no,,"[{'src': 'hda', 'id': 30874227}]",,"""/galaxy-repl/localdata/chrom/mm10.len""","""mm10""",1,,2150570000,"""""",0,,mm10,cached,32.0,,39929293.0,1503021372.0,ok,1023996.0,toolshed.g2.bx.psu.edu/repos/bgruening/deeptools_correct_gc_bias/deeptools_correct_gc_bias/2.5.0.0,2.5.0.0,,2017-08-18 03:47:00.117170,84314,6646.0
11325,tabular,680737074,bam,2017-08-25 00:17:15.391505,slurm_multi,1503621343.0,0,,6.0,main_w3_handler2,3232459,16653537,False,,,,10726305,slurm,,132112168.0,corral-repl,,"[{'src': 'hda', 'id': 30984067}]",,0,no,"""bdb093ca892a11e7b793005056ba55fb""","[{'src': 'hda', 'id': 30983966}]",,"""/galaxy-repl/localdata/chrom/sacCer3.len""","""sacCer3""",0,12157105,specific,"""""",0,,sacCer3,cached,32.0,,,1503620395.0,ok,1023996.0,toolshed.g2.bx.psu.edu/repos/bgruening/deeptools_correct_gc_bias/deeptools_correct_gc_bias/2.5.0.0,2.5.0.0,,2017-08-25 00:35:44.667790,108343,948.0
11325,tabular,871586602,bam,2017-08-25 00:17:27.459844,slurm_multi,1503623152.0,0,,6.0,main_w3_handler2,3232459,16653573,False,,,,10726391,slurm,,132112168.0,corral-repl,,"[{'src': 'hda', 'id': 30984103}]",,0,no,"""bec48a96892a11e7b793005056ba55fb""","[{'src': 'hda', 'id': 30983967}]",,"""/galaxy-repl/localdata/chrom/sacCer3.len""","""sacCer3""",0,12157105,specific,"""""",0,,sacCer3,cached,32.0,,,1503621937.0,ok,1023996.0,toolshed.g2.bx.psu.edu/repos/bgruening/deeptools_correct_gc_bias/deeptools_correct_gc_bias/2.5.0.0,2.5.0.0,,2017-08-25 01:05:53.253375,108343,1215.0
11325,tabular,710728147,bam,2017-08-25 00:17:49.817433,slurm_multi,1503625177.0,0,,6.0,main_w3_handler2,3232459,16653645,False,,,,10726508,slurm,,132111800.0,corral-repl,,"[{'src': 'hda', 'id': 30984175}]",,0,no,"""c15768d2892a11e7b793005056ba55fb""","[{'src': 'hda', 'id': 30983970}]",,"""/galaxy-repl/localdata/chrom/sacCer3.len""","""sacCer3""",0,12157105,specific,"""""",0,,sacCer3,cached,32.0,,,1503624150.0,ok,1023996.0,toolshed.g2.bx.psu.edu/repos/bgruening/deeptools_correct_gc_bias/deeptools_correct_gc_bias/2.5.0.0,2.5.0.0,,2017-08-25 01:40:33.431716,108343,1027.0
11325,tabular,640352519,bam,2017-08-25 00:17:39.500977,slurm_multi,1503626995.0,0,,6.0,main_w4_handler2,3232459,16653609,False,,,,10726638,slurm,,132111800.0,corral-repl,,"[{'src': 'hda', 'id': 30984139}]",,0,no,"""bff18eb4892a11e7b793005056ba55fb""","[{'src': 'hda', 'id': 30983968}]",,"""/galaxy-repl/localdata/chrom/sacCer3.len""","""sacCer3""",0,12157105,specific,"""""",0,,sacCer3,cached,32.0,,,1503626047.0,ok,1023996.0,toolshed.g2.bx.psu.edu/repos/bgruening/deeptools_correct_gc_bias/deeptools_correct_gc_bias/2.5.0.0,2.5.0.0,,2017-08-25 02:09:57.477799,108343,948.0
11325,tabular,571187055,bam,2017-08-25 00:18:06.994255,slurm_multi,1503629498.0,0,,6.0,main_w4_handler2,3232459,16653686,False,,,,10726809,slurm,,132112168.0,corral-repl,,"[{'src': 'hda', 'id': 30984219}]",,0,no,"""c2becc1a892a11e7b793005056ba55fb""","[{'src': 'hda', 'id': 30983971}]",,"""/galaxy-repl/localdata/chrom/sacCer3.len""","""sacCer3""",0,12157105,specific,"""""",0,,sacCer3,cached,32.0,,,1503628687.0,ok,1023996.0,toolshed.g2.bx.psu.edu/repos/bgruening/deeptools_correct_gc_bias/deeptools_correct_gc_bias/2.5.0.0,2.5.0.0,,2017-08-25 02:51:40.272224,108343,811.0
11325,tabular,580050932,bam,2017-08-25 00:18:29.629296,slurm_multi,1503630360.0,0,,6.0,main_w4_handler2,3232459,16653729,False,,,,10726856,slurm,,132112168.0,corral-repl,,"[{'src': 'hda', 'id': 30984263}]",,0,no,"""c3c0e490892a11e7b793005056ba55fb""","[{'src': 'hda', 'id': 30983972}]",,"""/galaxy-repl/localdata/chrom/sacCer3.len""","""sacCer3""",0,12157105,specific,"""""",0,,sacCer3,cached,32.0,,,1503629515.0,ok,1023996.0,toolshed.g2.bx.psu.edu/repos/bgruening/deeptools_correct_gc_bias/deeptools_correct_gc_bias/2.5.0.0,2.5.0.0,,2017-08-25 03:06:02.389382,108343,845.0
11325,tabular,680737074,bam,2017-08-25 03:51:23.829145,slurm_multi,1503634157.0,0,,6.0,main_w4_handler2,3232459,16654543,False,,,,10727198,slurm,,132112168.0,corral-repl,,"[{'src': 'hda', 'id': 30985400}]",,0,no,"""a8358992894811e7964d005056ba55fb""","[{'src': 'hda', 'id': 30983966}]",,"""/galaxy-repl/localdata/chrom/sacCer3.len""","""sacCer3""",0,12157105,specific,"""""",0,,sacCer3,cached,32.0,,,1503633237.0,ok,1023996.0,toolshed.g2.bx.psu.edu/repos/bgruening/deeptools_correct_gc_bias/deeptools_correct_gc_bias/2.5.0.0,2.5.0.0,,2017-08-25 04:09:19.246244,108343,920.0
11325,tabular,871586602,bam,2017-08-25 03:51:28.282854,slurm_multi,1503635543.0,0,,6.0,main_w4_handler2,3232459,16654548,False,,,,10727239,slurm,,132111800.0,corral-repl,,"[{'src': 'hda', 'id': 30985408}]",,0,no,"""a84f6894894811e7964d005056ba55fb""","[{'src': 'hda', 'id': 30983967}]",,"""/galaxy-repl/localdata/chrom/sacCer3.len""","""sacCer3""",0,12157105,specific,"""""",0,,sacCer3,cached,32.0,,,1503634293.0,ok,1023996.0,toolshed.g2.bx.psu.edu/repos/bgruening/deeptools_correct_gc_bias/deeptools_correct_gc_bias/2.5.0.0,2.5.0.0,,2017-08-25 04:32:25.493604,108343,1250.0
11325,tabular,640352519,bam,2017-08-25 03:51:31.863038,slurm_multi,1503637051.0,0,,6.0,main_w3_handler2,3232459,16654552,False,,,,10727322,slurm,,132111800.0,corral-repl,,"[{'src': 'hda', 'id': 30985412}]",,0,no,"""a8645d3a894811e7964d005056ba55fb""","[{'src': 'hda', 'id': 30983968}]",,"""/galaxy-repl/localdata/chrom/sacCer3.len""","""sacCer3""",0,12157105,specific,"""""",0,,sacCer3,cached,32.0,,,1503636107.0,ok,1023996.0,toolshed.g2.bx.psu.edu/repos/bgruening/deeptools_correct_gc_bias/deeptools_correct_gc_bias/2.5.0.0,2.5.0.0,,2017-08-25 04:58:59.161557,108343,944.0
11325,tabular,571187055,bam,2017-08-25 03:51:37.052113,slurm_multi,1503639246.0,0,,6.0,main_w3_handler2,3232459,16654560,False,,,,10727451,slurm,,132112168.0,corral-repl,,"[{'src': 'hda', 'id': 30985420}]",,0,no,"""a89015d8894811e7964d005056ba55fb""","[{'src': 'hda', 'id': 30983971}]",,"""/galaxy-repl/localdata/chrom/sacCer3.len""","""sacCer3""",0,12157105,specific,"""""",0,,sacCer3,cached,32.0,,,1503638413.0,ok,1023996.0,toolshed.g2.bx.psu.edu/repos/bgruening/deeptools_correct_gc_bias/deeptools_correct_gc_bias/2.5.0.0,2.5.0.0,,2017-08-25 05:36:41.658017,108343,833.0
11325,tabular,710728147,bam,2017-08-25 03:51:34.646998,slurm_multi,1503638165.0,0,,6.0,main_w3_handler2,3232459,16654556,False,,,,10727417,slurm,,132112168.0,corral-repl,,"[{'src': 'hda', 'id': 30985416}]",,0,no,"""a87c339c894811e7964d005056ba55fb""","[{'src': 'hda', 'id': 30983970}]",,"""/galaxy-repl/localdata/chrom/sacCer3.len""","""sacCer3""",0,12157105,specific,"""""",0,,sacCer3,cached,32.0,,,1503637199.0,ok,1023996.0,toolshed.g2.bx.psu.edu/repos/bgruening/deeptools_correct_gc_bias/deeptools_correct_gc_bias/2.5.0.0,2.5.0.0,,2017-08-25 05:18:21.476670,108343,966.0
11325,tabular,580050932,bam,2017-08-25 03:51:39.689126,slurm_multi,1503640544.0,0,,6.0,main_w4_handler2,3232459,16654564,False,,,,10727500,slurm,,132112168.0,corral-repl,,"[{'src': 'hda', 'id': 30985424}]",,0,no,"""a8a7d416894811e7964d005056ba55fb""","[{'src': 'hda', 'id': 30983972}]",,"""/galaxy-repl/localdata/chrom/sacCer3.len""","""sacCer3""",0,12157105,specific,"""""",0,,sacCer3,cached,32.0,,,1503639752.0,ok,1023996.0,toolshed.g2.bx.psu.edu/repos/bgruening/deeptools_correct_gc_bias/deeptools_correct_gc_bias/2.5.0.0,2.5.0.0,,2017-08-25 05:55:46.262593,108343,792.0
3825,tabular,157832215,bam,2017-10-03 10:47:07.471629,slurm_multi,1507028571.0,0,,6.0,main_w4_handler2,3269292,17006222,False,,,,11063354.roundup,slurm,,132112168.0,corral-repl,,"[{'src': 'hda', 'id': 31531761}]",,0,no,,"[{'src': 'hda', 'id': 31498247}]",,"""/cvmfs/data.galaxyproject.org/managed/len/ucsc/mm10.len""","""mm10""",0,10000000,specific,"""""",0,,mm10,cached,32.0,,40134945.0,1507028203.0,ok,1023996.0,toolshed.g2.bx.psu.edu/repos/bgruening/deeptools_correct_gc_bias/deeptools_correct_gc_bias/2.5.0.0,2.5.0.0,,2017-10-03 11:02:55.193940,110692,368.0
22575,tabular,1198833687,bam,2017-09-16 15:17:43.653491,slurm_multi,1505579719.0,0,,6.0,main_w4_handler2,3171019,16844450,False,,,,10911599,slurm,,132112168.0,corral-repl,,"[{'src': 'hda', 'id': 31275659}]",,0,no,,"[{'src': 'hda', 'id': 31273840}]",,"""/cvmfs/data.galaxyproject.org/managed/len/ucsc/mm10.len""","""mm10""",1,,2150570000,"""""",0,,mm10,cached,32.0,,40559933.0,1505578695.0,ok,1023996.0,toolshed.g2.bx.psu.edu/repos/bgruening/deeptools_correct_gc_bias/deeptools_correct_gc_bias/2.5.0.0,2.5.0.0,,2017-09-16 16:35:21.147663,84314,1024.0
450,tabular,534003097,bam,2017-10-13 18:48:15.011697,slurm_multi,1507923041.0,0,,6.0,main_w3_handler2,3243065,17097763,False,,,,11154415.roundup,slurm,,132111800.0,corral-repl,,"[{'src': 'hda', 'id': 31682907}]",,0,no,,"[{'src': 'hda', 'id': 31111300}]",,"""/cvmfs/data.galaxyproject.org/managed/len/ucsc/mm10.len""","""mm10""",1,,2150570000,"""""",0,,mm10,cached,32.0,,41271105.0,1507922313.0,ok,1023996.0,toolshed.g2.bx.psu.edu/repos/bgruening/deeptools_correct_gc_bias/deeptools_correct_gc_bias/2.5.0.0,2.5.0.0,,2017-10-13 19:30:46.489891,102165,728.0
450,tabular,503163215,bam,2017-10-13 18:49:28.212094,slurm_multi,1507925016.0,0,,6.0,main_w3_handler2,3243065,17097772,False,,,,11154767.roundup,slurm,,132112168.0,corral-repl,,"[{'src': 'hda', 'id': 31682912}]",,0,no,,"[{'src': 'hda', 'id': 31111309}]",,"""/cvmfs/data.galaxyproject.org/managed/len/ucsc/mm10.len""","""mm10""",1,,2150570000,"""""",0,,mm10,cached,32.0,,41271105.0,1507924186.0,ok,1023996.0,toolshed.g2.bx.psu.edu/repos/bgruening/deeptools_correct_gc_bias/deeptools_correct_gc_bias/2.5.0.0,2.5.0.0,,2017-10-13 20:03:41.205562,102165,830.0
450,tabular,655519730,bam,2017-10-13 18:48:55.462433,slurm_multi,1507924186.0,0,,6.0,main_w4_handler2,3243065,17097767,False,,,,11154524.roundup,slurm,,132112168.0,corral-repl,,"[{'src': 'hda', 'id': 31682909}]",,0,no,,"[{'src': 'hda', 'id': 31111301}]",,"""/cvmfs/data.galaxyproject.org/managed/len/ucsc/mm10.len""","""mm10""",1,,2150570000,"""""",0,,mm10,cached,32.0,,41271105.0,1507922897.0,ok,1023996.0,toolshed.g2.bx.psu.edu/repos/bgruening/deeptools_correct_gc_bias/deeptools_correct_gc_bias/2.5.0.0,2.5.0.0,,2017-10-13 19:49:55.150398,102165,1289.0
5775,tabular,36173265,bam,2018-03-03 22:52:06.020364,slurm_multi,1520117588.0,0,30720.0,6.0,main_w4_handler2,3412184,18595578,False,,,,12690281,slurm,,132112168.0,corral-repl,,"[{'src': 'hda', 'id': 34190954}]",,0,no,,"[{'src': 'hda', 'id': 33624537}]",,"""/cvmfs/data.galaxyproject.org/managed/len/ucsc/?.len""","""?""",0,12100000,specific,"""""",0,,sacCer3,cached,32.0,,43674350.0,1520117536.0,ok,1023996.0,toolshed.g2.bx.psu.edu/repos/bgruening/deeptools_correct_gc_bias/deeptools_correct_gc_bias/2.5.0.0,2.5.0.0,,2018-03-03 22:53:11.569218,115350,52.0
5775,tabular,309306336,bam,2018-03-03 22:52:06.343106,slurm_multi,1520117970.0,0,30720.0,6.0,main_w3_handler2,3412184,18595579,False,,,,12690286,slurm,,132112168.0,corral-repl,,"[{'src': 'hda', 'id': 34190956}]",,0,no,,"[{'src': 'hda', 'id': 33624539}]",,"""/cvmfs/data.galaxyproject.org/managed/len/ucsc/?.len""","""?""",0,12100000,specific,"""""",0,,sacCer3,cached,32.0,,43674350.0,1520117594.0,ok,1023996.0,toolshed.g2.bx.psu.edu/repos/bgruening/deeptools_correct_gc_bias/deeptools_correct_gc_bias/2.5.0.0,2.5.0.0,,2018-03-03 22:59:32.100962,115350,376.0
5775,tabular,464386026,bam,2018-03-03 22:52:06.768376,slurm_multi,1520118542.0,0,30720.0,6.0,main_w3_handler2,3412184,18595580,False,,,,12690321,slurm,,132112168.0,corral-repl,,"[{'src': 'hda', 'id': 34190958}]",,0,no,,"[{'src': 'hda', 'id': 33624543}]",,"""/cvmfs/data.galaxyproject.org/managed/len/ucsc/?.len""","""?""",0,12100000,specific,"""""",0,,sacCer3,cached,32.0,,43674350.0,1520118037.0,ok,1023996.0,toolshed.g2.bx.psu.edu/repos/bgruening/deeptools_correct_gc_bias/deeptools_correct_gc_bias/2.5.0.0,2.5.0.0,,2018-03-03 23:09:04.207148,115350,505.0
22575,tabular,11045893961,bam,2018-03-04 20:55:53.516128,slurm_multi,1520208934.0,0,30720.0,6.0,main_w3_handler2,3296281,18602918,False,,668098820.0,twobit,12698112,slurm,,132111800.0,corral-repl,,"[{'src': 'hda', 'id': 34169628}]",,0,no,,"[{'src': 'hda', 'id': 34163490}]",,"""/cvmfs/data.galaxyproject.org/managed/len/ucsc/?.len""","""?""",0,2457910000,specific,"""""",1,"[{'src': 'hda', 'id': 34169627}]",,history,32.0,,43747776.0,1520196966.0,ok,1023996.0,toolshed.g2.bx.psu.edu/repos/bgruening/deeptools_correct_gc_bias/deeptools_correct_gc_bias/2.5.0.0,2.5.0.0,,2018-03-05 00:15:37.505762,114204,11968.0
5775,tabular,4211146738,bam,2017-10-27 23:51:54.664773,slurm_multi,1509148371.0,0,,6.0,main_w3_handler2,3297178,17247477,False,,,,11306700,slurm,,132111800.0,corral-repl,,"[{'src': 'hda', 'id': 31935135}]",,0,no,,"[{'src': 'hda', 'id': 31916849}]",,"""/cvmfs/data.galaxyproject.org/managed/len/ucsc/?.len""","""?""",0,12157105,specific,"""""",0,,sacCer3,cached,32.0,,41579796.0,1509148361.0,ok,1023996.0,toolshed.g2.bx.psu.edu/repos/bgruening/deeptools_correct_gc_bias/deeptools_correct_gc_bias/2.5.0.0,2.5.0.0,,2017-10-27 23:52:54.034567,108343,10.0
5775,tabular,2538308742,bam,2017-10-27 23:51:55.060842,slurm_multi,1509148332.0,0,,6.0,main_w4_handler2,3297178,17247478,False,,,,11306698,slurm,,132111800.0,corral-repl,,"[{'src': 'hda', 'id': 31935137}]",,0,no,,"[{'src': 'hda', 'id': 31916850}]",,"""/cvmfs/data.galaxyproject.org/managed/len/ucsc/?.len""","""?""",0,12157105,specific,"""""",0,,sacCer3,cached,32.0,,41579796.0,1509148324.0,ok,1023996.0,toolshed.g2.bx.psu.edu/repos/bgruening/deeptools_correct_gc_bias/deeptools_correct_gc_bias/2.5.0.0,2.5.0.0,,2017-10-27 23:52:13.265368,108343,8.0
5700,tabular,4211146738,bam,2017-10-28 00:31:41.707715,slurm_multi,1509150755.0,0,,6.0,main_w3_handler2,3297178,17247658,False,,,,11306963,slurm,,132111800.0,corral-repl,,"[{'src': 'hda', 'id': 31935567}]",,0,no,,"[{'src': 'hda', 'id': 31916849}]",,"""/cvmfs/data.galaxyproject.org/managed/len/ucsc/?.len""","""?""",0,12495682,specific,"""""",0,,sacCer3,cached,32.0,,41579796.0,1509150744.0,ok,1023996.0,toolshed.g2.bx.psu.edu/repos/bgruening/deeptools_correct_gc_bias/deeptools_correct_gc_bias/2.5.0.0,2.5.0.0,,2017-10-28 00:32:37.480975,108343,11.0
5700,tabular,2538308742,bam,2017-10-28 00:31:42.025202,slurm_multi,1509150732.0,0,,6.0,main_w3_handler2,3297178,17247659,False,,,,11306959,slurm,,132111800.0,corral-repl,,"[{'src': 'hda', 'id': 31935569}]",,0,no,,"[{'src': 'hda', 'id': 31916850}]",,"""/cvmfs/data.galaxyproject.org/managed/len/ucsc/?.len""","""?""",0,12495682,specific,"""""",0,,sacCer3,cached,32.0,,41579796.0,1509150725.0,ok,1023996.0,toolshed.g2.bx.psu.edu/repos/bgruening/deeptools_correct_gc_bias/deeptools_correct_gc_bias/2.5.0.0,2.5.0.0,,2017-10-28 00:32:17.434953,108343,7.0
10950,tabular,340756760,bam,2017-10-29 19:00:45.528860,slurm_multi,1509304153.0,0,,6.0,main_w3_handler2,3297344,17258053,False,,,,11316602,slurm,,132112168.0,corral-repl,,"[{'src': 'hda', 'id': 31953845}]",,0,no,,"[{'src': 'hda', 'id': 31936085}]",,"""/cvmfs/data.galaxyproject.org/managed/len/ucsc/mm9.len""","""mm9""",1,,2150570000,"""""",0,,/galaxy/data/mm9/seq/mm9.2bit,cached,32.0,,41497900.0,1509303661.0,ok,1023996.0,toolshed.g2.bx.psu.edu/repos/bgruening/deeptools_correct_gc_bias/deeptools_correct_gc_bias/2.5.0.0,2.5.0.0,,2017-10-29 19:09:14.134800,114415,492.0
3825,tabular,1054539703,bam,2017-11-08 23:04:42.420223,slurm_multi,1510183435.0,0,,6.0,main_w3_handler2,2391699,17388310,False,,,,11449962,slurm,,132112168.0,corral-repl,,"[{'src': 'hda', 'id': 32174543}]",,0,no,,"[{'src': 'hda', 'id': 32172573}]",,"""/cvmfs/data.galaxyproject.org/managed/len/ucsc/hg38.len""","""hg38""",2,,2451960000,"""""",0,,hg38,cached,32.0,,41679765.0,1510182489.0,ok,1023996.0,toolshed.g2.bx.psu.edu/repos/bgruening/deeptools_correct_gc_bias/deeptools_correct_gc_bias/2.5.0.0,2.5.0.0,,2017-11-08 23:24:01.558397,66992,946.0
22575,tabular,2099229647,bam,2017-12-05 06:37:19.714507,slurm_multi,1512457478.0,0,,6.0,main_w4_handler2,3353352,17699202,False,,,,11763786,slurm,,132112168.0,corral-repl,,"[{'src': 'hda', 'id': 32731976}]",,0,no,,"[{'src': 'hda', 'id': 32731920}]",,"""/cvmfs/data.galaxyproject.org/managed/len/ucsc/mm10.len""","""mm10""",1,,2150570000,"""""",0,,mm10,cached,32.0,,42310534.0,1512455853.0,ok,1023996.0,toolshed.g2.bx.psu.edu/repos/bgruening/deeptools_correct_gc_bias/deeptools_correct_gc_bias/2.5.0.0,2.5.0.0,,2017-12-05 07:04:42.157452,112337,1625.0
27375,tabular,2099229647,bam,2017-12-05 19:51:31.473541,slurm_multi,1512505079.0,0,,6.0,main_w3_handler2,3353352,17708492,False,,,,11773224,slurm,,132112168.0,corral-repl,,"[{'src': 'hda', 'id': 32752464}]",,0,no,,"[{'src': 'hda', 'id': 32731920}]",,"""/cvmfs/data.galaxyproject.org/managed/len/ucsc/mm10.len""","""mm10""",0,2652783500,specific,"""""",0,,mm10,cached,32.0,,42310534.0,1512503514.0,ok,1023996.0,toolshed.g2.bx.psu.edu/repos/bgruening/deeptools_correct_gc_bias/deeptools_correct_gc_bias/2.5.0.0,2.5.0.0,,2017-12-05 20:18:02.079198,112337,1565.0
27075,tabular,2488693374,bam,2017-12-05 21:54:06.926841,slurm_multi,1512513170.0,0,,6.0,main_w3_handler2,3354534,17710032,False,,,,11774795,slurm,,132111800.0,corral-repl,,"[{'src': 'hda', 'id': 32755349}]",,0,no,,"[{'src': 'hda', 'id': 32755227}]",,"""/cvmfs/data.galaxyproject.org/managed/len/ucsc/mm10.len""","""mm10""",0,2652783500,specific,"""""",0,,mm10,cached,32.0,,42310534.0,1512511517.0,ok,1023996.0,toolshed.g2.bx.psu.edu/repos/bgruening/deeptools_correct_gc_bias/deeptools_correct_gc_bias/2.5.0.0,2.5.0.0,,2017-12-05 22:32:52.180071,112337,1653.0
23850,tabular,2447340569,bam,2017-12-06 17:25:52.761856,slurm_multi,1512584111.0,0,,6.0,main_w3_handler2,3355686,17722311,False,,,,11788326,slurm,,132112168.0,corral-repl,,"[{'src': 'hda', 'id': 32774623}]",,0,no,,"[{'src': 'hda', 'id': 32773910}]",,"""/cvmfs/data.galaxyproject.org/managed/len/ucsc/mm10.len""","""mm10""",0,2652783500,specific,"""""",0,,mm10,cached,32.0,,42310534.0,1512582473.0,ok,1023996.0,toolshed.g2.bx.psu.edu/repos/bgruening/deeptools_correct_gc_bias/deeptools_correct_gc_bias/2.5.0.0,2.5.0.0,,2017-12-06 18:15:13.046630,112337,1638.0
27375,tabular,2096103775,bam,2017-12-06 17:21:04.783709,slurm_multi,1512582464.0,0,,6.0,main_w4_handler2,3355686,17722286,False,,,,11788037,slurm,,132111800.0,corral-repl,,"[{'src': 'hda', 'id': 32774609}]",,0,no,,"[{'src': 'hda', 'id': 32773908}]",,"""/cvmfs/data.galaxyproject.org/managed/len/ucsc/mm10.len""","""mm10""",0,2652783500,specific,"""""",0,,mm10,cached,32.0,,42310534.0,1512580877.0,ok,1023996.0,toolshed.g2.bx.psu.edu/repos/bgruening/deeptools_correct_gc_bias/deeptools_correct_gc_bias/2.5.0.0,2.5.0.0,,2017-12-06 17:47:45.625208,112337,1587.0
27075,tabular,2484879001,bam,2017-12-06 17:21:54.613937,slurm_multi,1512582928.0,0,,6.0,main_w3_handler2,3355686,17722290,False,,,,11788065,slurm,,132112168.0,corral-repl,,"[{'src': 'hda', 'id': 32774615}]",,0,no,,"[{'src': 'hda', 'id': 32773909}]",,"""/cvmfs/data.galaxyproject.org/managed/len/ucsc/mm10.len""","""mm10""",0,2652783500,specific,"""""",0,,mm10,cached,32.0,,42310534.0,1512581085.0,ok,1023996.0,toolshed.g2.bx.psu.edu/repos/bgruening/deeptools_correct_gc_bias/deeptools_correct_gc_bias/2.5.0.0,2.5.0.0,,2017-12-06 17:55:30.553407,112337,1843.0
27375,tabular,2097898426,bam,2017-12-08 01:01:43.644821,slurm_multi,1512699637.0,0,,6.0,main_w3_handler2,3357375,17742624,False,,,,11808519,slurm,,132112168.0,corral-repl,,"[{'src': 'hda', 'id': 32805538}]",,0,no,,"[{'src': 'hda', 'id': 32805062}]",,"""/cvmfs/data.galaxyproject.org/managed/len/ucsc/mm9.len""","""mm9""",1,,2150570000,"""""",0,,/galaxy/data/mm9/seq/mm9.2bit,cached,32.0,,42310534.0,1512698049.0,ok,1023996.0,toolshed.g2.bx.psu.edu/repos/bgruening/deeptools_correct_gc_bias/deeptools_correct_gc_bias/2.5.0.0,2.5.0.0,,2017-12-08 02:20:39.775103,112337,1588.0
27075,tabular,2486884840,bam,2017-12-08 01:02:16.519837,slurm_multi,1512699865.0,0,,6.0,main_w3_handler2,3357375,17742628,False,,,,11808525,slurm,,132112168.0,corral-repl,,"[{'src': 'hda', 'id': 32805541}]",,0,no,,"[{'src': 'hda', 'id': 32805063}]",,"""/cvmfs/data.galaxyproject.org/managed/len/ucsc/mm9.len""","""mm9""",1,,2150570000,"""""",0,,/galaxy/data/mm9/seq/mm9.2bit,cached,32.0,,42310534.0,1512698255.0,ok,1023996.0,toolshed.g2.bx.psu.edu/repos/bgruening/deeptools_correct_gc_bias/deeptools_correct_gc_bias/2.5.0.0,2.5.0.0,,2017-12-08 02:24:28.083941,112337,1610.0
23850,tabular,2449558214,bam,2017-12-08 01:36:49.914731,slurm_multi,1512703978.0,0,,6.0,main_w4_handler2,3357375,17742814,False,,,,11809195,slurm,,132112168.0,corral-repl,,"[{'src': 'hda', 'id': 32805546}]",,0,no,,"[{'src': 'hda', 'id': 32805064}]",,"""/cvmfs/data.galaxyproject.org/managed/len/ucsc/mm9.len""","""mm9""",1,,2150570000,"""""",0,,/galaxy/data/mm9/seq/mm9.2bit,cached,32.0,,42310534.0,1512702424.0,ok,1023996.0,toolshed.g2.bx.psu.edu/repos/bgruening/deeptools_correct_gc_bias/deeptools_correct_gc_bias/2.5.0.0,2.5.0.0,,2017-12-08 03:33:01.780910,112337,1554.0
23850,tabular,2449558214,bam,2017-12-08 01:02:44.356359,slurm_multi,1512703176.0,0,,6.0,main_w4_handler2,3357375,17742635,False,,,,11809162,slurm,,132112168.0,corral-repl,,"[{'src': 'hda', 'id': 32805546}]",,0,no,,"[{'src': 'hda', 'id': 32805064}]",,"""/cvmfs/data.galaxyproject.org/managed/len/ucsc/mm9.len""","""mm9""",1,,2150570000,"""""",0,,/galaxy/data/mm9/seq/mm9.2bit,cached,32.0,,42310534.0,1512701609.0,ok,1023996.0,toolshed.g2.bx.psu.edu/repos/bgruening/deeptools_correct_gc_bias/deeptools_correct_gc_bias/2.5.0.0,2.5.0.0,,2017-12-08 03:19:39.862407,112337,1567.0
12450,tabular,550959682,bam,2018-02-17 15:51:38.574466,slurm_multi,1518885896.0,0,30720.0,6.0,main_w3_handler2,3430280,18421957,False,,,,12511756,slurm,,132112168.0,corral-repl,,"[{'src': 'hda', 'id': 33876598}]",,0,no,,"[{'src': 'hda', 'id': 33874799}]",,"""/cvmfs/data.galaxyproject.org/managed/len/ucsc/hg19.len""","""hg19""",2,,2451960000,"""""",0,,/galaxy/data/hg19/seq/hg19.2bit,cached,32.0,,43937359.0,1518885329.0,ok,1023996.0,toolshed.g2.bx.psu.edu/repos/bgruening/deeptools_correct_gc_bias/deeptools_correct_gc_bias/2.5.0.0,2.5.0.0,,2018-02-17 16:46:24.966638,122044,567.0
11625,tabular,525505148,bam,2018-02-17 15:51:39.834994,slurm_multi,1518883827.0,0,30720.0,6.0,main_w4_handler2,3430280,18421959,False,,,,12511218,slurm,,132112168.0,corral-repl,,"[{'src': 'hda', 'id': 33876616}]",,0,no,,"[{'src': 'hda', 'id': 33874888}]",,"""/cvmfs/data.galaxyproject.org/managed/len/ucsc/hg19.len""","""hg19""",2,,2451960000,"""""",0,,/galaxy/data/hg19/seq/hg19.2bit,cached,32.0,,43937359.0,1518883333.0,ok,1023996.0,toolshed.g2.bx.psu.edu/repos/bgruening/deeptools_correct_gc_bias/deeptools_correct_gc_bias/2.5.0.0,2.5.0.0,,2018-02-17 16:10:30.203671,122044,494.0
15525,tabular,520507303,bam,2018-02-17 15:51:35.684690,slurm_multi,1518883304.0,0,30720.0,6.0,main_w4_handler2,3430280,18421951,False,,,,12511021,slurm,,132112168.0,corral-repl,,"[{'src': 'hda', 'id': 33876440}]",,0,no,,"[{'src': 'hda', 'id': 33874738}]",,"""/cvmfs/data.galaxyproject.org/managed/len/ucsc/hg19.len""","""hg19""",2,,2451960000,"""""",0,,/galaxy/data/hg19/seq/hg19.2bit,cached,32.0,,43937359.0,1518882702.0,ok,1023996.0,toolshed.g2.bx.psu.edu/repos/bgruening/deeptools_correct_gc_bias/deeptools_correct_gc_bias/2.5.0.0,2.5.0.0,,2018-02-17 16:01:47.997127,122044,602.0
11100,tabular,798558694,bam,2018-02-17 15:51:40.757684,slurm_multi,1518884637.0,0,30720.0,6.0,main_w4_handler2,3430280,18421961,False,,,,12511359,slurm,,132109816.0,corral-repl,,"[{'src': 'hda', 'id': 33876629}]",,0,no,,"[{'src': 'hda', 'id': 33874950}]",,"""/cvmfs/data.galaxyproject.org/managed/len/ucsc/hg19.len""","""hg19""",2,,2451960000,"""""",0,,/galaxy/data/hg19/seq/hg19.2bit,cached,32.0,,43937359.0,1518883860.0,ok,1023996.0,toolshed.g2.bx.psu.edu/repos/bgruening/deeptools_correct_gc_bias/deeptools_correct_gc_bias/2.5.0.0,2.5.0.0,,2018-02-17 16:23:59.590778,122044,777.0
20625,tabular,512785601,bam,2018-02-17 15:51:38.027445,slurm_multi,1518883854.0,0,30720.0,6.0,main_w4_handler2,3430280,18421956,False,,,,12511217,slurm,,132109816.0,corral-repl,,"[{'src': 'hda', 'id': 33876586}]",,0,no,,"[{'src': 'hda', 'id': 33874793}]",,"""/cvmfs/data.galaxyproject.org/managed/len/ucsc/hg19.len""","""hg19""",2,,2451960000,"""""",0,,/galaxy/data/hg19/seq/hg19.2bit,cached,32.0,,43937359.0,1518883311.0,ok,1023996.0,toolshed.g2.bx.psu.edu/repos/bgruening/deeptools_correct_gc_bias/deeptools_correct_gc_bias/2.5.0.0,2.5.0.0,,2018-02-17 16:10:56.295496,122044,543.0
16125,tabular,567158879,bam,2018-02-17 15:51:36.520275,slurm_multi,1518883324.0,0,30720.0,6.0,main_w4_handler2,3430280,18421953,False,,,,12511041,slurm,,132111800.0,corral-repl,,"[{'src': 'hda', 'id': 33876544}]",,0,no,,"[{'src': 'hda', 'id': 33874748}]",,"""/cvmfs/data.galaxyproject.org/managed/len/ucsc/hg19.len""","""hg19""",2,,2451960000,"""""",0,,/galaxy/data/hg19/seq/hg19.2bit,cached,32.0,,43937359.0,1518882709.0,ok,1023996.0,toolshed.g2.bx.psu.edu/repos/bgruening/deeptools_correct_gc_bias/deeptools_correct_gc_bias/2.5.0.0,2.5.0.0,,2018-02-17 16:02:07.067447,122044,615.0
12075,tabular,655107408,bam,2018-02-17 15:51:40.285120,slurm_multi,1518884464.0,0,30720.0,6.0,main_w4_handler2,3430280,18421960,False,,,,12511328,slurm,,132112168.0,corral-repl,,"[{'src': 'hda', 'id': 33876621}]",,0,no,,"[{'src': 'hda', 'id': 33874933}]",,"""/cvmfs/data.galaxyproject.org/managed/len/ucsc/hg19.len""","""hg19""",2,,2451960000,"""""",0,,/galaxy/data/hg19/seq/hg19.2bit,cached,32.0,,43937359.0,1518883833.0,ok,1023996.0,toolshed.g2.bx.psu.edu/repos/bgruening/deeptools_correct_gc_bias/deeptools_correct_gc_bias/2.5.0.0,2.5.0.0,,2018-02-17 16:21:05.708112,122044,631.0
13575,tabular,617095379,bam,2018-02-17 15:51:36.958012,slurm_multi,1518885198.0,0,30720.0,6.0,main_w3_handler2,3430280,18421954,False,,,,12511590,slurm,,132112168.0,corral-repl,,"[{'src': 'hda', 'id': 33876571}]",,0,no,,"[{'src': 'hda', 'id': 33874755}]",,"""/cvmfs/data.galaxyproject.org/managed/len/ucsc/hg19.len""","""hg19""",2,,2451960000,"""""",0,,/galaxy/data/hg19/seq/hg19.2bit,cached,32.0,,43937359.0,1518884508.0,ok,1023996.0,toolshed.g2.bx.psu.edu/repos/bgruening/deeptools_correct_gc_bias/deeptools_correct_gc_bias/2.5.0.0,2.5.0.0,,2018-02-17 16:34:59.310379,122044,690.0
15825,tabular,495752013,bam,2018-02-17 15:51:37.398135,slurm_multi,1518885196.0,0,30720.0,6.0,main_w3_handler2,3430280,18421955,False,,,,12511641,slurm,,132112168.0,corral-repl,,"[{'src': 'hda', 'id': 33876580}]",,0,no,,"[{'src': 'hda', 'id': 33874768}]",,"""/cvmfs/data.galaxyproject.org/managed/len/ucsc/hg19.len""","""hg19""",2,,2451960000,"""""",0,,/galaxy/data/hg19/seq/hg19.2bit,cached,32.0,,43937359.0,1518884701.0,ok,1023996.0,toolshed.g2.bx.psu.edu/repos/bgruening/deeptools_correct_gc_bias/deeptools_correct_gc_bias/2.5.0.0,2.5.0.0,,2018-02-17 16:34:59.157069,122044,495.0
13500,tabular,662312454,bam,2018-02-17 15:51:39.303715,slurm_multi,1518886101.0,0,30720.0,6.0,main_w3_handler2,3430280,18421958,False,,,,12511757,slurm,,132112168.0,corral-repl,,"[{'src': 'hda', 'id': 33876609}]",,0,no,,"[{'src': 'hda', 'id': 33874811}]",,"""/cvmfs/data.galaxyproject.org/managed/len/ucsc/hg19.len""","""hg19""",2,,2451960000,"""""",0,,/galaxy/data/hg19/seq/hg19.2bit,cached,32.0,,43937359.0,1518885341.0,ok,1023996.0,toolshed.g2.bx.psu.edu/repos/bgruening/deeptools_correct_gc_bias/deeptools_correct_gc_bias/2.5.0.0,2.5.0.0,,2018-02-17 16:49:28.307997,122044,760.0
22575,tabular,781267297,bam,2018-02-23 12:38:34.270749,slurm_multi,1519453297.0,0,30720.0,6.0,main_w3_handler2,3430314,18495807,False,,,,12600930,slurm,,132112168.0,corral-repl,,"[{'src': 'hda', 'id': 34031454}]",,0,no,,"[{'src': 'hda', 'id': 34031330}]",,"""/cvmfs/data.galaxyproject.org/managed/len/ucsc/?.len""","""?""",2,,2451960000,"""""",0,,hg38,cached,32.0,,44090047.0,1519452675.0,ok,1023996.0,toolshed.g2.bx.psu.edu/repos/bgruening/deeptools_correct_gc_bias/deeptools_correct_gc_bias/2.5.0.0,2.5.0.0,,2018-02-24 06:21:40.826410,107319,622.0
22575,tabular,666154734,bam,2018-02-23 12:38:31.325337,slurm_multi,1519451137.0,0,30720.0,6.0,main_w4_handler2,3430314,18495802,False,,,,12600846,slurm,,132112168.0,corral-repl,,"[{'src': 'hda', 'id': 34031444}]",,0,no,,"[{'src': 'hda', 'id': 34031315}]",,"""/cvmfs/data.galaxyproject.org/managed/len/ucsc/?.len""","""?""",2,,2451960000,"""""",0,,hg38,cached,32.0,,44090047.0,1519450629.0,ok,1023996.0,toolshed.g2.bx.psu.edu/repos/bgruening/deeptools_correct_gc_bias/deeptools_correct_gc_bias/2.5.0.0,2.5.0.0,,2018-02-24 05:45:39.525578,107319,508.0
22575,tabular,7369067,bam,2018-02-23 12:38:38.080499,slurm_multi,1519453666.0,0,30720.0,6.0,main_w4_handler2,3430314,18495813,False,,,,12600989,slurm,,132112168.0,corral-repl,,"[{'src': 'hda', 'id': 34031466}]",,0,no,,"[{'src': 'hda', 'id': 34031348}]",,"""/cvmfs/data.galaxyproject.org/managed/len/ucsc/?.len""","""?""",2,,2451960000,"""""",0,,hg38,cached,32.0,,44090047.0,1519453636.0,ok,1023996.0,toolshed.g2.bx.psu.edu/repos/bgruening/deeptools_correct_gc_bias/deeptools_correct_gc_bias/2.5.0.0,2.5.0.0,,2018-02-24 06:27:49.314530,107319,30.0
22575,tabular,515188267,bam,2018-02-23 12:38:31.845878,slurm_multi,1519451602.0,0,30720.0,6.0,main_w4_handler2,3430314,18495803,False,,,,12600865,slurm,,132112168.0,corral-repl,,"[{'src': 'hda', 'id': 34031446}]",,0,no,,"[{'src': 'hda', 'id': 34031318}]",,"""/cvmfs/data.galaxyproject.org/managed/len/ucsc/?.len""","""?""",2,,2451960000,"""""",0,,hg38,cached,32.0,,44090047.0,1519451144.0,ok,1023996.0,toolshed.g2.bx.psu.edu/repos/bgruening/deeptools_correct_gc_bias/deeptools_correct_gc_bias/2.5.0.0,2.5.0.0,,2018-02-24 05:53:25.391290,107319,458.0
22575,tabular,337980776,bam,2018-02-23 12:38:32.950373,slurm_multi,1519451887.0,0,30720.0,6.0,main_w4_handler2,3430314,18495805,False,,,,12600874,slurm,,132112168.0,corral-repl,,"[{'src': 'hda', 'id': 34031450}]",,0,no,,"[{'src': 'hda', 'id': 34031324}]",,"""/cvmfs/data.galaxyproject.org/managed/len/ucsc/?.len""","""?""",2,,2451960000,"""""",0,,hg38,cached,32.0,,44090047.0,1519451610.0,ok,1023996.0,toolshed.g2.bx.psu.edu/repos/bgruening/deeptools_correct_gc_bias/deeptools_correct_gc_bias/2.5.0.0,2.5.0.0,,2018-02-24 05:58:11.372493,107319,277.0
22575,tabular,46540784,bam,2018-02-23 12:38:35.770367,slurm_multi,1519451944.0,0,30720.0,6.0,main_w4_handler2,3430314,18495809,False,,,,12600885,slurm,,132112168.0,corral-repl,,"[{'src': 'hda', 'id': 34031458}]",,0,no,,"[{'src': 'hda', 'id': 34031336}]",,"""/cvmfs/data.galaxyproject.org/managed/len/ucsc/?.len""","""?""",2,,2451960000,"""""",0,,hg38,cached,32.0,,44090047.0,1519451898.0,ok,1023996.0,toolshed.g2.bx.psu.edu/repos/bgruening/deeptools_correct_gc_bias/deeptools_correct_gc_bias/2.5.0.0,2.5.0.0,,2018-02-24 05:59:06.681567,107319,46.0
22575,tabular,410061767,bam,2018-02-23 12:38:36.852540,slurm_multi,1519453629.0,0,30720.0,6.0,main_w4_handler2,3430314,18495811,False,,,,12600969,slurm,,132112168.0,corral-repl,,"[{'src': 'hda', 'id': 34031462}]",,0,no,,"[{'src': 'hda', 'id': 34031342}]",,"""/cvmfs/data.galaxyproject.org/managed/len/ucsc/?.len""","""?""",2,,2451960000,"""""",0,,hg38,cached,32.0,,44090047.0,1519453307.0,ok,1023996.0,toolshed.g2.bx.psu.edu/repos/bgruening/deeptools_correct_gc_bias/deeptools_correct_gc_bias/2.5.0.0,2.5.0.0,,2018-02-24 06:27:11.693735,107319,322.0
22575,tabular,136196092,bam,2018-02-23 12:38:32.329586,slurm_multi,1519452361.0,0,30720.0,6.0,main_w3_handler2,3430314,18495804,False,,,,12600915,slurm,,132112168.0,corral-repl,,"[{'src': 'hda', 'id': 34031448}]",,0,no,,"[{'src': 'hda', 'id': 34031321}]",,"""/cvmfs/data.galaxyproject.org/managed/len/ucsc/?.len""","""?""",2,,2451960000,"""""",0,,hg38,cached,32.0,,44090047.0,1519452243.0,ok,1023996.0,toolshed.g2.bx.psu.edu/repos/bgruening/deeptools_correct_gc_bias/deeptools_correct_gc_bias/2.5.0.0,2.5.0.0,,2018-02-24 06:06:04.048379,107319,118.0
22575,tabular,366307952,bam,2018-02-23 12:38:33.534621,slurm_multi,1519452649.0,0,30720.0,6.0,main_w3_handler2,3430314,18495806,False,,,,12600924,slurm,,132112168.0,corral-repl,,"[{'src': 'hda', 'id': 34031452}]",,0,no,,"[{'src': 'hda', 'id': 34031327}]",,"""/cvmfs/data.galaxyproject.org/managed/len/ucsc/?.len""","""?""",2,,2451960000,"""""",0,,hg38,cached,32.0,,44090047.0,1519452367.0,ok,1023996.0,toolshed.g2.bx.psu.edu/repos/bgruening/deeptools_correct_gc_bias/deeptools_correct_gc_bias/2.5.0.0,2.5.0.0,,2018-02-24 06:10:52.293507,107319,282.0
22575,tabular,381193601,bam,2018-02-23 12:38:36.337441,slurm_multi,1519452669.0,0,30720.0,6.0,main_w4_handler2,3430314,18495810,False,,,,12600923,slurm,,132112168.0,corral-repl,,"[{'src': 'hda', 'id': 34031460}]",,0,no,,"[{'src': 'hda', 'id': 34031339}]",,"""/cvmfs/data.galaxyproject.org/managed/len/ucsc/?.len""","""?""",2,,2451960000,"""""",0,,hg38,cached,32.0,,44090047.0,1519452367.0,ok,1023996.0,toolshed.g2.bx.psu.edu/repos/bgruening/deeptools_correct_gc_bias/deeptools_correct_gc_bias/2.5.0.0,2.5.0.0,,2018-02-24 06:11:12.039146,107319,302.0
22575,tabular,180045352,bam,2018-02-23 12:38:34.830203,slurm_multi,1519453833.0,0,30720.0,6.0,main_w3_handler2,3430314,18495808,False,,,,12600994,slurm,,132112168.0,corral-repl,,"[{'src': 'hda', 'id': 34031456}]",,0,no,,"[{'src': 'hda', 'id': 34031333}]",,"""/cvmfs/data.galaxyproject.org/managed/len/ucsc/?.len""","""?""",2,,2451960000,"""""",0,,hg38,cached,32.0,,44090047.0,1519453672.0,ok,1023996.0,toolshed.g2.bx.psu.edu/repos/bgruening/deeptools_correct_gc_bias/deeptools_correct_gc_bias/2.5.0.0,2.5.0.0,,2018-02-24 06:30:36.308909,107319,161.0
22575,tabular,850849064,bam,2018-02-23 12:38:37.391544,slurm_multi,1519457382.0,0,30720.0,6.0,main_w3_handler2,3430314,18495812,False,,,,12601204,slurm,,132112168.0,corral-repl,,"[{'src': 'hda', 'id': 34031464}]",,0,no,,"[{'src': 'hda', 'id': 34031345}]",,"""/cvmfs/data.galaxyproject.org/managed/len/ucsc/?.len""","""?""",2,,2451960000,"""""",0,,hg38,cached,32.0,,44090047.0,1519456835.0,ok,1023996.0,toolshed.g2.bx.psu.edu/repos/bgruening/deeptools_correct_gc_bias/deeptools_correct_gc_bias/2.5.0.0,2.5.0.0,,2018-02-24 07:29:45.536161,107319,547.0
22575,tabular,394595669,bam,2018-02-28 12:47:41.071509,slurm_multi,1519841404.0,0,30720.0,6.0,main_w4_handler2,3440040,18547188,False,,,,12648478,slurm,,132111800.0,corral-repl,,"[{'src': 'hda', 'id': 34114985}]",,0,no,,"[{'src': 'hda', 'id': 34039623}]",,"""/cvmfs/data.galaxyproject.org/managed/len/ucsc/hg38.len""","""hg38""",2,,2451960000,"""""",0,,hg38,cached,32.0,,44090047.0,1519840815.0,ok,1023996.0,toolshed.g2.bx.psu.edu/repos/bgruening/deeptools_correct_gc_bias/deeptools_correct_gc_bias/2.5.0.0,2.5.0.0,,2018-02-28 18:10:07.383540,107319,589.0
22575,tabular,502758529,bam,2018-02-28 12:47:40.115283,slurm_multi,1519844449.0,0,30720.0,6.0,main_w3_handler2,3440040,18547187,False,,,,12649129,slurm,,132109816.0,corral-repl,,"[{'src': 'hda', 'id': 34114983}]",,0,no,,"[{'src': 'hda', 'id': 34039618}]",,"""/cvmfs/data.galaxyproject.org/managed/len/ucsc/hg38.len""","""hg38""",2,,2451960000,"""""",0,,hg38,cached,32.0,,44090047.0,1519843920.0,ok,1023996.0,toolshed.g2.bx.psu.edu/repos/bgruening/deeptools_correct_gc_bias/deeptools_correct_gc_bias/2.5.0.0,2.5.0.0,,2018-02-28 19:00:52.065551,107319,529.0
22575,tabular,275500577,bam,2018-02-28 12:47:42.364697,slurm_multi,1519844814.0,0,30720.0,6.0,main_w3_handler2,3440040,18547190,False,,,,12649264,slurm,,132111800.0,corral-repl,,"[{'src': 'hda', 'id': 34114989}]",,0,no,,"[{'src': 'hda', 'id': 34039633}]",,"""/cvmfs/data.galaxyproject.org/managed/len/ucsc/hg38.len""","""hg38""",2,,2451960000,"""""",0,,hg38,cached,32.0,,44090047.0,1519844478.0,ok,1023996.0,toolshed.g2.bx.psu.edu/repos/bgruening/deeptools_correct_gc_bias/deeptools_correct_gc_bias/2.5.0.0,2.5.0.0,,2018-02-28 19:06:56.320089,107319,336.0
22575,tabular,257829905,bam,2018-02-28 12:47:41.604338,slurm_multi,1519845177.0,0,30720.0,6.0,main_w4_handler2,3440040,18547189,False,,,,12649379,slurm,,132111800.0,corral-repl,,"[{'src': 'hda', 'id': 34114987}]",,0,no,,"[{'src': 'hda', 'id': 34039628}]",,"""/cvmfs/data.galaxyproject.org/managed/len/ucsc/hg38.len""","""hg38""",2,,2451960000,"""""",0,,hg38,cached,32.0,,44090047.0,1519844822.0,ok,1023996.0,toolshed.g2.bx.psu.edu/repos/bgruening/deeptools_correct_gc_bias/deeptools_correct_gc_bias/2.5.0.0,2.5.0.0,,2018-02-28 19:13:01.205768,107319,355.0
22575,tabular,134917997,bam,2018-02-28 12:47:43.739051,slurm_multi,1519845066.0,0,30720.0,6.0,main_w3_handler2,3440040,18547192,False,,,,12649380,slurm,,132112168.0,corral-repl,,"[{'src': 'hda', 'id': 34114994}]",,0,no,,"[{'src': 'hda', 'id': 34039643}]",,"""/cvmfs/data.galaxyproject.org/managed/len/ucsc/hg38.len""","""hg38""",2,,2451960000,"""""",0,,hg38,cached,32.0,,44090047.0,1519844869.0,ok,1023996.0,toolshed.g2.bx.psu.edu/repos/bgruening/deeptools_correct_gc_bias/deeptools_correct_gc_bias/2.5.0.0,2.5.0.0,,2018-02-28 19:11:08.983738,107319,197.0
22575,tabular,609537912,bam,2018-02-28 12:47:43.226923,slurm_multi,1519846330.0,0,30720.0,6.0,main_w4_handler2,3440040,18547191,False,,,,12649499,slurm,,132112168.0,corral-repl,,"[{'src': 'hda', 'id': 34114992}]",,0,no,,"[{'src': 'hda', 'id': 34039638}]",,"""/cvmfs/data.galaxyproject.org/managed/len/ucsc/hg38.len""","""hg38""",2,,2451960000,"""""",0,,hg38,cached,32.0,,44090047.0,1519845534.0,ok,1023996.0,toolshed.g2.bx.psu.edu/repos/bgruening/deeptools_correct_gc_bias/deeptools_correct_gc_bias/2.5.0.0,2.5.0.0,,2018-02-28 19:32:13.660414,107319,796.0
22575,tabular,295575578,bam,2018-02-28 12:47:44.885482,slurm_multi,1519847042.0,0,30720.0,6.0,main_w4_handler2,3440040,18547194,False,,,,12649737,slurm,,132111800.0,corral-repl,,"[{'src': 'hda', 'id': 34114998}]",,0,no,,"[{'src': 'hda', 'id': 34039654}]",,"""/cvmfs/data.galaxyproject.org/managed/len/ucsc/hg38.len""","""hg38""",2,,2451960000,"""""",0,,hg38,cached,32.0,,44090047.0,1519846754.0,ok,1023996.0,toolshed.g2.bx.psu.edu/repos/bgruening/deeptools_correct_gc_bias/deeptools_correct_gc_bias/2.5.0.0,2.5.0.0,,2018-02-28 19:44:06.282879,107319,288.0
22575,tabular,267367374,bam,2018-02-28 12:47:44.222636,slurm_multi,1519852868.0,0,30720.0,6.0,main_w4_handler2,3440040,18547193,False,,,,12650568,slurm,,132109816.0,corral-repl,,"[{'src': 'hda', 'id': 34114996}]",,0,no,,"[{'src': 'hda', 'id': 34039648}]",,"""/cvmfs/data.galaxyproject.org/managed/len/ucsc/hg38.len""","""hg38""",2,,2451960000,"""""",0,,hg38,cached,32.0,,44090047.0,1519852536.0,ok,1023996.0,toolshed.g2.bx.psu.edu/repos/bgruening/deeptools_correct_gc_bias/deeptools_correct_gc_bias/2.5.0.0,2.5.0.0,,2018-02-28 21:21:11.873924,107319,332.0
22575,tabular,1379406430,bam,2017-04-01 15:56:54.826374,slurm_multi,1491066134.0,0,,6.0,main_w3_handler2,3052744,15454761,False,,,,9585903,slurm,,132112168.0,corral-repl,,"[{'src': 'hda', 'id': 29017348}]",,0,no,,"[{'src': 'hda', 'id': 29009694}]",,"""/galaxy-repl/localdata/chrom/mm9.len""","""mm9""",2,,2451960000,"""""",0,,Araly1,cached,32.0,,35974782.0,1491066084.0,ok,1023996.0,toolshed.g2.bx.psu.edu/repos/bgruening/deeptools_correct_gc_bias/deeptools_correct_gc_bias/2.5.0.0,2.5.0.0,,2017-04-01 17:02:15.925264,33927,50.0
22575,tabular,1379406430,bam,2017-04-02 02:01:42.350689,slurm_multi,1491100564.0,0,,6.0,main_w4_handler2,3052744,15459419,False,,,,9589998,slurm,,132111800.0,corral-repl,,"[{'src': 'hda', 'id': 29022352}]",,0,no,,"[{'src': 'hda', 'id': 29009694}]",,"""/galaxy-repl/localdata/chrom/mm9.len""","""mm9""",1,,2150570000,"""""",0,,/galaxy/data/mm9/seq/mm9.2bit,cached,32.0,,35974782.0,1491099602.0,ok,1023996.0,toolshed.g2.bx.psu.edu/repos/bgruening/deeptools_correct_gc_bias/deeptools_correct_gc_bias/2.5.0.0,2.5.0.0,,2017-04-02 02:39:10.698883,33927,962.0
