create_time,destination_id,end_epoch,exit_code,forward,forward_filetype,galaxy_memory_mb,galaxy_slots,handler,history_id,id,imported,info,job_runner_external_id,job_runner_name,library_folder_id,memtotal,object_store_id,param_filename,parameters.__workflow_invocation_uuid__,parameters.allow_outies,parameters.chromInfo,parameters.dbkey,parameters.generate_histogram,parameters.layout.__current_case__,parameters.layout.forward.values,parameters.layout.reads.values,parameters.layout.reverse.values,parameters.layout.select_layout,parameters.max_mismatch_density,parameters.max_overlap,parameters.min_overlap,processor_count,reads1,reads1_filetype,reads2,reads2_filetype,reverse,reverse_filetype,runner_name,session_id,start_epoch,state,swaptotal,tool_id,tool_version,traceback,update_time,user_id,runtime
2017-10-18 15:49:56.961727,slurm_normal,1508341943.0,0,2625698260.0,fastqsanger,,1.0,main_w4_handler0,3065572,17134002,False,,11190824,slurm,,132112168.0,corral-repl,,,"""false""","""/cvmfs/data.galaxyproject.org/managed/len/ucsc/?.len""","""?""","""false""",0,"[{'src': 'hda', 'id': 31724850}]",,"[{'src': 'hda', 'id': 31724851}]",individual,"""0.25""","""65""","""10""",32.0,,,,,2625698260.0,fastqsanger,,41331706.0,1508341844.0,ok,1023996.0,toolshed.g2.bx.psu.edu/repos/iuc/flash/flash/1.2.11.1,1.2.11.1,,2017-10-18 15:52:45.222481,103834.0,99.0
2017-10-18 15:54:52.727706,slurm_normal,1508342319.0,0,3511608213.0,fastqsanger,,1.0,main_w4_handler1,3065572,17134065,False,,11190918,slurm,,132112168.0,corral-repl,,,"""false""","""/cvmfs/data.galaxyproject.org/managed/len/ucsc/?.len""","""?""","""false""",0,"[{'src': 'hda', 'id': 31724862}]",,"[{'src': 'hda', 'id': 31724864}]",individual,"""0.25""","""65""","""10""",32.0,,,,,3511608213.0,fastqsanger,,41331706.0,1508342177.0,ok,1023996.0,toolshed.g2.bx.psu.edu/repos/iuc/flash/flash/1.2.11.1,1.2.11.1,,2017-10-18 15:58:55.855621,103834.0,142.0
2017-10-11 15:43:12.001620,slurm_normal,1507736613.0,0,275943519.0,fastqsanger,,1.0,main_w4_handler1,3281317,17079736,False,,11135515.roundup,slurm,,132112168.0,corral-repl,,,"""false""","""/cvmfs/data.galaxyproject.org/managed/len/ucsc/?.len""","""?""","""false""",0,"[{'src': 'hda', 'id': 31623210}]",,"[{'src': 'hda', 'id': 31623385}]",individual,"""0.25""","""100""","""10""",32.0,,,,,275943519.0,fastqsanger,,41180913.0,1507736594.0,ok,1023996.0,toolshed.g2.bx.psu.edu/repos/iuc/flash/flash/1.2.11.1,1.2.11.1,,2017-10-11 15:43:37.952185,105745.0,19.0
2017-10-11 15:47:44.897075,slurm_normal,1507736898.0,0,417574303.0,fastqsanger,,1.0,main_w4_handler1,3281317,17079789,False,,11135583.roundup,slurm,,132112168.0,corral-repl,,,"""false""","""/cvmfs/data.galaxyproject.org/managed/len/ucsc/?.len""","""?""","""false""",0,"[{'src': 'hda', 'id': 31622903}]",,"[{'src': 'hda', 'id': 31623153}]",individual,"""0.25""","""65""","""10""",32.0,,,,,417574303.0,fastqsanger,,41180913.0,1507736870.0,ok,1023996.0,toolshed.g2.bx.psu.edu/repos/iuc/flash/flash/1.2.11.1,1.2.11.1,,2017-10-11 15:48:21.824458,105745.0,28.0
2017-10-12 08:53:53.033906,slurm_normal,1507798458.0,0,417574303.0,fastqsanger,,1.0,main_w3_handler0,3281317,17084897,False,,11141007.roundup,slurm,,132112168.0,corral-repl,,,"""false""","""/cvmfs/data.galaxyproject.org/managed/len/ucsc/?.len""","""?""","""false""",0,"[{'src': 'hda', 'id': 31622903}]",,"[{'src': 'hda', 'id': 31623153}]",individual,"""0.5""","""400""","""40""",32.0,,,,,417574303.0,fastqsanger,,41180913.0,1507798439.0,ok,1023996.0,toolshed.g2.bx.psu.edu/repos/iuc/flash/flash/1.2.11.1,1.2.11.1,,2017-10-12 08:54:23.177571,105745.0,19.0
2017-10-11 19:12:26.418252,slurm_normal,1507749214.0,0,104501118.0,fastq,,1.0,main_w4_handler1,3283527,17081491,False,,11137301.roundup,slurm,,132112168.0,corral-repl,,,"""false""","""/cvmfs/data.galaxyproject.org/managed/len/ucsc/?.len""","""?""","""false""",0,"[{'src': 'hda', 'id': 31654931}]",,"[{'src': 'hda', 'id': 31654932}]",individual,"""0.25""","""65""","""10""",32.0,,,,,104509680.0,fastq,,41223431.0,1507749205.0,ok,1023996.0,toolshed.g2.bx.psu.edu/repos/iuc/flash/flash/1.2.11.1,1.2.11.1,,2017-10-11 19:13:44.620527,,9.0
2017-10-12 08:53:04.420018,slurm_normal,1507798428.0,0,417574303.0,fastqsanger,,1.0,main_w3_handler1,3281317,17084893,False,,11141005.roundup,slurm,,132112168.0,corral-repl,,,"""false""","""/cvmfs/data.galaxyproject.org/managed/len/ucsc/?.len""","""?""","""false""",0,"[{'src': 'hda', 'id': 31622903}]",,"[{'src': 'hda', 'id': 31623153}]",individual,"""0.25""","""400""","""50""",32.0,,,,,417574303.0,fastqsanger,,41180913.0,1507798409.0,ok,1023996.0,toolshed.g2.bx.psu.edu/repos/iuc/flash/flash/1.2.11.1,1.2.11.1,,2017-10-12 08:54:00.192693,105745.0,19.0
2017-10-12 15:39:42.245153,slurm_normal,1507822850.0,0,73541925.0,fastq,,1.0,main_w4_handler1,3285016,17088457,False,,11144582.roundup,slurm,,132112168.0,corral-repl,,,"""false""","""/cvmfs/data.galaxyproject.org/managed/len/ucsc/?.len""","""?""","""false""",0,"[{'src': 'hda', 'id': 31665859}]",,"[{'src': 'hda', 'id': 31665860}]",individual,"""0.25""","""200""","""10""",32.0,,,,,73822107.0,fastq,,40982380.0,1507822840.0,ok,1023996.0,toolshed.g2.bx.psu.edu/repos/iuc/flash/flash/1.2.11.1,1.2.11.1,,2017-10-12 15:41:00.487645,88558.0,10.0
2017-10-13 17:24:35.462342,slurm_normal,1507915503.0,0,87137959.0,fastq,,1.0,main_w3_handler0,3286443,17097089,False,,11153768.roundup,slurm,,132112168.0,corral-repl,,,"""false""","""/cvmfs/data.galaxyproject.org/managed/len/ucsc/?.len""","""?""","""false""",0,"[{'src': 'hda', 'id': 31679877}]",,"[{'src': 'hda', 'id': 31679869}]",individual,"""0.25""","""150""","""5""",32.0,,,,,87137959.0,fastq,,41268912.0,1507915493.0,ok,1023996.0,toolshed.g2.bx.psu.edu/repos/iuc/flash/flash/1.2.11.1,1.2.11.1,,2017-10-13 17:25:12.403475,49970.0,10.0
2017-10-13 15:28:30.897586,slurm_normal,1507908529.0,0,75196106.0,fastq,,1.0,main_w4_handler0,3275744,17096241,False,,11152730.roundup,slurm,,132112168.0,corral-repl,,,"""false""","""/cvmfs/data.galaxyproject.org/managed/len/ucsc/?.len""","""?""","""false""",0,"[{'src': 'hda', 'id': 31561313}]",,"[{'src': 'hda', 'id': 31561312}]",individual,"""0.25""","""65""","""10""",32.0,,,,,75196106.0,fastq,,41268912.0,1507908516.0,ok,1023996.0,toolshed.g2.bx.psu.edu/repos/iuc/flash/flash/1.2.11.1,1.2.11.1,,2017-10-13 15:28:54.629602,49970.0,13.0
2017-10-13 16:06:58.051672,slurm_normal,1507910829.0,0,75196106.0,fastq,,1.0,main_w3_handler0,3275744,17096491,False,,11153122.roundup,slurm,,132112168.0,corral-repl,,,"""false""","""/cvmfs/data.galaxyproject.org/managed/len/ucsc/?.len""","""?""","""false""",0,"[{'src': 'hda', 'id': 31561313}]",,"[{'src': 'hda', 'id': 31561312}]",individual,"""0.25""","""150""","""10""",32.0,,,,,75196106.0,fastq,,41268912.0,1507910822.0,ok,1023996.0,toolshed.g2.bx.psu.edu/repos/iuc/flash/flash/1.2.11.1,1.2.11.1,,2017-10-13 16:07:11.124192,49970.0,7.0
2017-10-13 16:07:26.130678,slurm_normal,1507910866.0,0,75196106.0,fastq,,1.0,main_w4_handler0,3275744,17096496,False,,11153128.roundup,slurm,,132112168.0,corral-repl,,,"""false""","""/cvmfs/data.galaxyproject.org/managed/len/ucsc/?.len""","""?""","""false""",0,"[{'src': 'hda', 'id': 31561313}]",,"[{'src': 'hda', 'id': 31561312}]",individual,"""0.25""","""150""","""5""",32.0,,,,,75196106.0,fastq,,41268912.0,1507910854.0,ok,1023996.0,toolshed.g2.bx.psu.edu/repos/iuc/flash/flash/1.2.11.1,1.2.11.1,,2017-10-13 16:07:53.189119,49970.0,12.0
2017-10-13 16:07:10.042553,slurm_normal,1507910865.0,0,75196106.0,fastq,,1.0,main_w4_handler1,3275744,17096492,False,,11153129.roundup,slurm,,132112168.0,corral-repl,,,"""false""","""/cvmfs/data.galaxyproject.org/managed/len/ucsc/?.len""","""?""","""false""",0,"[{'src': 'hda', 'id': 31561313}]",,"[{'src': 'hda', 'id': 31561312}]",individual,"""0.25""","""65""","""5""",32.0,,,,,75196106.0,fastq,,41268912.0,1507910855.0,ok,1023996.0,toolshed.g2.bx.psu.edu/repos/iuc/flash/flash/1.2.11.1,1.2.11.1,,2017-10-13 16:08:00.209193,49970.0,10.0
2017-10-16 14:52:33.398516,slurm_normal,1508165568.0,0,159751.0,fastqsanger,,1.0,main_w4_handler0,3263003,17113656,False,,11170597.roundup,slurm,,132112168.0,corral-repl,,,"""true""","""/cvmfs/data.galaxyproject.org/managed/len/ucsc/?.len""","""?""","""false""",0,"[{'src': 'hda', 'id': 31703676}]",,"[{'src': 'hda', 'id': 31707740}]",individual,"""0.25""","""65""","""10""",32.0,,,,,159751.0,fastqsanger,,41310071.0,1508165564.0,ok,1023996.0,toolshed.g2.bx.psu.edu/repos/iuc/flash/flash/1.2.11.1,1.2.11.1,,2017-10-16 14:52:56.514226,112097.0,4.0
2017-10-16 02:18:34.836618,slurm_normal,1508120342.0,0,71291899.0,fastq,,1.0,main_w4_handler1,3285016,17107074,False,,11164180.roundup,slurm,,132112168.0,corral-repl,,"""4ac9bc26b21811e790b0005056ba55fb""","""false""","""/cvmfs/data.galaxyproject.org/managed/len/ucsc/?.len""","""?""","""false""",0,"[{'src': 'hda', 'id': 31697076}]",,"[{'src': 'hda', 'id': 31697077}]",individual,"""0.25""","""200""","""10""",32.0,,,,,71573569.0,fastq,,,1508120332.0,ok,1023996.0,toolshed.g2.bx.psu.edu/repos/iuc/flash/flash/1.2.11.1,1.2.11.1,,2017-10-16 02:19:04.284531,88558.0,10.0
2017-10-15 18:01:58.288889,slurm_normal,1508090623.0,0,4070399690.0,fastqsanger,,1.0,main_w3_handler0,2418892,17105575,False,,11162734.roundup,slurm,,132112168.0,corral-repl,,,"""false""","""/cvmfs/data.galaxyproject.org/managed/len/ucsc/?.len""","""?""","""false""",0,"[{'src': 'hda', 'id': 31689580}]",,"[{'src': 'hda', 'id': 31689581}]",individual,"""0.25""","""65""","""10""",32.0,,,,,3960260588.0,fastqsanger,,41298739.0,1508090521.0,ok,1023996.0,toolshed.g2.bx.psu.edu/repos/iuc/flash/flash/1.2.11.1,1.2.11.1,,2017-10-15 18:03:47.882189,68237.0,102.0
2017-10-16 01:59:26.514971,slurm_normal,1508119195.0,0,175704235.0,fastq,,1.0,main_w3_handler0,3285016,17107015,False,,11164114.roundup,slurm,,132112168.0,corral-repl,,,"""false""","""/cvmfs/data.galaxyproject.org/managed/len/ucsc/?.len""","""?""","""false""",0,"[{'src': 'hda', 'id': 31696975}]",,"[{'src': 'hda', 'id': 31696976}]",individual,"""0.25""","""200""","""10""",32.0,,,,,176371929.0,fastq,,40982380.0,1508119181.0,ok,1023996.0,toolshed.g2.bx.psu.edu/repos/iuc/flash/flash/1.2.11.1,1.2.11.1,,2017-10-16 01:59:58.421102,88558.0,14.0
2017-10-16 02:29:51.293324,slurm_normal,1508121026.0,0,260074956.0,fastq,,1.0,main_w3_handler1,3285016,17107122,False,,11164223.roundup,slurm,,132112168.0,corral-repl,,"""df7f2d0ab21911e7aa96005056ba2773""","""false""","""/cvmfs/data.galaxyproject.org/managed/len/ucsc/?.len""","""?""","""false""",0,"[{'src': 'hda', 'id': 31697146}]",,"[{'src': 'hda', 'id': 31697147}]",individual,"""0.25""","""200""","""10""",32.0,,,,,261103736.0,fastq,,,1508121010.0,ok,1023996.0,toolshed.g2.bx.psu.edu/repos/iuc/flash/flash/1.2.11.1,1.2.11.1,,2017-10-16 02:30:29.138910,88558.0,16.0
2017-10-16 02:29:48.317110,slurm_normal,1508121013.0,0,85204629.0,fastq,,1.0,main_w3_handler1,3285016,17107119,False,,11164222.roundup,slurm,,132112168.0,corral-repl,,"""df7f2d0ab21911e7aa96005056ba2773""","""false""","""/cvmfs/data.galaxyproject.org/managed/len/ucsc/?.len""","""?""","""false""",0,"[{'src': 'hda', 'id': 31697140}]",,"[{'src': 'hda', 'id': 31697141}]",individual,"""0.25""","""200""","""10""",32.0,,,,,85540659.0,fastq,,,1508121004.0,ok,1023996.0,toolshed.g2.bx.psu.edu/repos/iuc/flash/flash/1.2.11.1,1.2.11.1,,2017-10-16 02:30:17.129875,88558.0,9.0
2017-10-16 02:18:36.584012,slurm_normal,1508120350.0,0,186059596.0,fastq,,1.0,main_w3_handler1,3285016,17107077,False,,11164181.roundup,slurm,,132112168.0,corral-repl,,"""4ac9bc26b21811e790b0005056ba55fb""","""false""","""/cvmfs/data.galaxyproject.org/managed/len/ucsc/?.len""","""?""","""false""",0,"[{'src': 'hda', 'id': 31697082}]",,"[{'src': 'hda', 'id': 31697083}]",individual,"""0.25""","""200""","""10""",32.0,,,,,186792392.0,fastq,,,1508120335.0,ok,1023996.0,toolshed.g2.bx.psu.edu/repos/iuc/flash/flash/1.2.11.1,1.2.11.1,,2017-10-16 02:19:13.007501,88558.0,15.0
2017-10-16 03:12:24.474205,slurm_normal,1508123604.0,0,1841168878.0,fastq,,1.0,main_w4_handler1,3284323,17107261,False,,11164343.roundup,slurm,,132112168.0,corral-repl,,,"""false""","""/cvmfs/data.galaxyproject.org/managed/len/ucsc/?.len""","""?""","""false""",0,"[{'src': 'hda', 'id': 31697260}]",,"[{'src': 'hda', 'id': 31697260}]",individual,"""0.25""","""65""","""10""",32.0,,,,,1841168878.0,fastq,,41304268.0,1508123549.0,ok,1023996.0,toolshed.g2.bx.psu.edu/repos/iuc/flash/flash/1.2.11.1,1.2.11.1,,2017-10-16 03:13:27.300558,113460.0,55.0
2017-10-16 03:01:41.519207,slurm_normal,1508122963.0,0,1933861828.0,fastq,,1.0,main_w4_handler0,3284323,17107224,False,,11164305.roundup,slurm,,132112168.0,corral-repl,,,"""false""","""/cvmfs/data.galaxyproject.org/managed/len/ucsc/?.len""","""?""","""false""",0,"[{'src': 'hda', 'id': 31697253}]",,"[{'src': 'hda', 'id': 31697253}]",individual,"""0.25""","""65""","""10""",32.0,,,,,1933861828.0,fastq,,41304268.0,1508122905.0,ok,1023996.0,toolshed.g2.bx.psu.edu/repos/iuc/flash/flash/1.2.11.1,1.2.11.1,,2017-10-16 03:02:48.126387,113460.0,58.0
2017-10-16 03:43:35.684867,slurm_normal,1508125478.0,0,1841168878.0,fastq,,1.0,main_w3_handler0,3284323,17107344,False,,11164457.roundup,slurm,,132112168.0,corral-repl,,,"""false""","""/cvmfs/data.galaxyproject.org/managed/len/ucsc/?.len""","""?""","""false""",0,"[{'src': 'hda', 'id': 31697300}]",,"[{'src': 'hda', 'id': 31697300}]",individual,"""0.25""","""65""","""10""",32.0,,,,,1841168878.0,fastq,,41304268.0,1508125420.0,ok,1023996.0,toolshed.g2.bx.psu.edu/repos/iuc/flash/flash/1.2.11.1,1.2.11.1,,2017-10-16 03:44:41.546809,113460.0,58.0
2017-10-16 04:41:19.072943,slurm_normal,1508128908.0,0,129563810.0,fastq,,1.0,main_w4_handler0,3285016,17107591,False,,11164726.roundup,slurm,,132112168.0,corral-repl,,"""3dd544a4b22c11e7b965005056ba55fb""","""false""","""/cvmfs/data.galaxyproject.org/managed/len/ucsc/?.len""","""?""","""false""",0,"[{'src': 'hda', 'id': 31697816}]",,"[{'src': 'hda', 'id': 31697817}]",individual,"""0.25""","""200""","""10""",32.0,,,,,130090868.0,fastq,,,1508128896.0,ok,1023996.0,toolshed.g2.bx.psu.edu/repos/iuc/flash/flash/1.2.11.1,1.2.11.1,,2017-10-16 04:41:51.198830,88558.0,12.0
2017-10-16 04:31:36.703627,slurm_normal,1508128320.0,0,79067223.0,fastq,,1.0,main_w4_handler1,3285016,17107559,False,,11164689.roundup,slurm,,132112168.0,corral-repl,,"""e30f3f80b22a11e79d04005056ba2773""","""false""","""/cvmfs/data.galaxyproject.org/managed/len/ucsc/?.len""","""?""","""false""",0,"[{'src': 'hda', 'id': 31697776}]",,"[{'src': 'hda', 'id': 31697778}]",individual,"""0.25""","""200""","""10""",32.0,,,,,79394101.0,fastq,,,1508128313.0,ok,1023996.0,toolshed.g2.bx.psu.edu/repos/iuc/flash/flash/1.2.11.1,1.2.11.1,,2017-10-16 04:32:04.296451,88558.0,7.0
2017-10-16 04:41:20.714771,slurm_normal,1508128915.0,0,275342555.0,fastq,,1.0,main_w3_handler0,3285016,17107594,False,,11164727.roundup,slurm,,132112168.0,corral-repl,,"""3dd544a4b22c11e7b965005056ba55fb""","""false""","""/cvmfs/data.galaxyproject.org/managed/len/ucsc/?.len""","""?""","""false""",0,"[{'src': 'hda', 'id': 31697822}]",,"[{'src': 'hda', 'id': 31697823}]",individual,"""0.25""","""200""","""10""",32.0,,,,,276461527.0,fastq,,,1508128899.0,ok,1023996.0,toolshed.g2.bx.psu.edu/repos/iuc/flash/flash/1.2.11.1,1.2.11.1,,2017-10-16 04:41:57.174592,88558.0,16.0
2017-10-16 04:31:35.336164,slurm_normal,1508128316.0,0,35292067.0,fastq,,1.0,main_w3_handler1,3285016,17107555,False,,11164687.roundup,slurm,,132112168.0,corral-repl,,"""e30f3f80b22a11e79d04005056ba2773""","""false""","""/cvmfs/data.galaxyproject.org/managed/len/ucsc/?.len""","""?""","""false""",0,"[{'src': 'hda', 'id': 31697770}]",,"[{'src': 'hda', 'id': 31697771}]",individual,"""0.25""","""200""","""10""",32.0,,,,,35437865.0,fastq,,,1508128308.0,ok,1023996.0,toolshed.g2.bx.psu.edu/repos/iuc/flash/flash/1.2.11.1,1.2.11.1,,2017-10-16 04:31:58.404781,88558.0,8.0
2017-10-16 10:53:10.041562,slurm_normal,1508151200.0,0,159751.0,fastqsanger,,1.0,main_w4_handler0,3263003,17111142,False,,11168122.roundup,slurm,,132112168.0,corral-repl,,,"""false""","""/cvmfs/data.galaxyproject.org/managed/len/ucsc/?.len""","""?""","""false""",0,"[{'src': 'hda', 'id': 31703676}]",,"[{'src': 'hda', 'id': 31703677}]",individual,"""0.25""","""65""","""10""",32.0,,,,,159751.0,fastqsanger,,41310071.0,1508151196.0,ok,1023996.0,toolshed.g2.bx.psu.edu/repos/iuc/flash/flash/1.2.11.1,1.2.11.1,,2017-10-16 10:53:23.478548,112097.0,4.0
2017-10-16 11:28:30.426877,slurm_normal,1508153318.0,0,159751.0,fastqsanger,,1.0,main_w3_handler1,3263003,17111311,False,,11168314.roundup,slurm,,132112168.0,corral-repl,,,"""false""","""/cvmfs/data.galaxyproject.org/managed/len/ucsc/?.len""","""?""","""false""",0,"[{'src': 'hda', 'id': 31703676}]",,"[{'src': 'hda', 'id': 31703677}]",individual,"""0.25""","""65""","""10""",32.0,,,,,159751.0,fastqsanger,,41310071.0,1508153314.0,ok,1023996.0,toolshed.g2.bx.psu.edu/repos/iuc/flash/flash/1.2.11.1,1.2.11.1,,2017-10-16 11:28:42.785900,112097.0,4.0
2017-10-16 14:51:13.064779,slurm_normal,1508165480.0,0,159751.0,fastqsanger,,1.0,main_w4_handler1,3263003,17113612,False,,11170567.roundup,slurm,,132112168.0,corral-repl,,,"""false""","""/cvmfs/data.galaxyproject.org/managed/len/ucsc/?.len""","""?""","""false""",0,"[{'src': 'hda', 'id': 31703676}]",,"[{'src': 'hda', 'id': 31707740}]",individual,"""0.25""","""80""","""10""",32.0,,,,,159751.0,fastqsanger,,41310071.0,1508165475.0,ok,1023996.0,toolshed.g2.bx.psu.edu/repos/iuc/flash/flash/1.2.11.1,1.2.11.1,,2017-10-16 14:51:21.217472,112097.0,5.0
2017-10-16 14:53:35.577069,slurm_normal,1508165624.0,0,159751.0,fastqsanger,,1.0,main_w3_handler0,3263003,17113661,False,,11170626.roundup,slurm,,132112168.0,corral-repl,,,"""true""","""/cvmfs/data.galaxyproject.org/managed/len/ucsc/?.len""","""?""","""false""",0,"[{'src': 'hda', 'id': 31703676}]",,"[{'src': 'hda', 'id': 31703677}]",individual,"""0.25""","""65""","""10""",32.0,,,,,159751.0,fastqsanger,,41310071.0,1508165620.0,ok,1023996.0,toolshed.g2.bx.psu.edu/repos/iuc/flash/flash/1.2.11.1,1.2.11.1,,2017-10-16 14:53:48.278361,112097.0,4.0
2017-10-16 16:32:24.531489,slurm_normal,1508171608.0,0,,,,1.0,main_w4_handler0,3263003,17114596,False,,11171680.roundup,slurm,,132112168.0,corral-repl,,,"""true""","""/cvmfs/data.galaxyproject.org/managed/len/ucsc/?.len""","""?""","""false""",1,,"[{'src': 'dce', 'id': 1000007}]",,collection,"""0.25""","""65""","""10""",32.0,144136.0,fastqsanger,144136.0,fastqsanger,,,,41310071.0,1508171604.0,ok,1023996.0,toolshed.g2.bx.psu.edu/repos/iuc/flash/flash/1.2.11.1,1.2.11.1,,2017-10-16 16:33:30.237782,112097.0,4.0
2017-10-16 16:32:11.049452,slurm_normal,1508171543.0,0,,,,1.0,main_w4_handler0,3263003,17114583,False,,11171654.roundup,slurm,,132112168.0,corral-repl,,,"""true""","""/cvmfs/data.galaxyproject.org/managed/len/ucsc/?.len""","""?""","""false""",1,,"[{'src': 'dce', 'id': 999968}]",,collection,"""0.25""","""65""","""10""",32.0,128014.0,fastqsanger,128014.0,fastqsanger,,,,41310071.0,1508171539.0,ok,1023996.0,toolshed.g2.bx.psu.edu/repos/iuc/flash/flash/1.2.11.1,1.2.11.1,,2017-10-16 16:32:29.852879,112097.0,4.0
2017-10-16 16:32:34.396080,slurm_normal,1508171579.0,0,,,,1.0,main_w3_handler0,3263003,17114607,False,,11171668.roundup,slurm,,132112168.0,corral-repl,,,"""true""","""/cvmfs/data.galaxyproject.org/managed/len/ucsc/?.len""","""?""","""false""",1,,"[{'src': 'dce', 'id': 1000037}]",,collection,"""0.25""","""65""","""10""",32.0,6878.0,fastqsanger,6878.0,fastqsanger,,,,41310071.0,1508171574.0,ok,1023996.0,toolshed.g2.bx.psu.edu/repos/iuc/flash/flash/1.2.11.1,1.2.11.1,,2017-10-16 16:33:05.053310,112097.0,5.0
2017-10-16 16:32:16.614922,slurm_normal,1508171549.0,0,,,,1.0,main_w3_handler1,3263003,17114588,False,,11171656.roundup,slurm,,132112168.0,corral-repl,,,"""true""","""/cvmfs/data.galaxyproject.org/managed/len/ucsc/?.len""","""?""","""false""",1,,"[{'src': 'dce', 'id': 999983}]",,collection,"""0.25""","""65""","""10""",32.0,142548.0,fastqsanger,142548.0,fastqsanger,,,,41310071.0,1508171546.0,ok,1023996.0,toolshed.g2.bx.psu.edu/repos/iuc/flash/flash/1.2.11.1,1.2.11.1,,2017-10-16 16:32:35.996126,112097.0,3.0
2017-10-16 16:32:15.908376,slurm_normal,1508171559.0,0,,,,1.0,main_w3_handler0,3263003,17114587,False,,11171658.roundup,slurm,,132112168.0,corral-repl,,,"""true""","""/cvmfs/data.galaxyproject.org/managed/len/ucsc/?.len""","""?""","""false""",1,,"[{'src': 'dce', 'id': 999980}]",,collection,"""0.25""","""65""","""10""",32.0,164508.0,fastqsanger,164508.0,fastqsanger,,,,41310071.0,1508171554.0,ok,1023996.0,toolshed.g2.bx.psu.edu/repos/iuc/flash/flash/1.2.11.1,1.2.11.1,,2017-10-16 16:32:46.108828,112097.0,5.0
2017-10-16 16:32:29.692767,slurm_normal,1508171604.0,0,,,,1.0,main_w3_handler1,3263003,17114602,False,,11171678.roundup,slurm,,132112168.0,corral-repl,,,"""true""","""/cvmfs/data.galaxyproject.org/managed/len/ucsc/?.len""","""?""","""false""",1,,"[{'src': 'dce', 'id': 1000022}]",,collection,"""0.25""","""65""","""10""",32.0,7404.0,fastqsanger,7404.0,fastqsanger,,,,41310071.0,1508171600.0,ok,1023996.0,toolshed.g2.bx.psu.edu/repos/iuc/flash/flash/1.2.11.1,1.2.11.1,,2017-10-16 16:33:28.571238,112097.0,4.0
2017-10-16 16:32:10.287244,slurm_normal,1508171540.0,0,,,,1.0,main_w3_handler0,3263003,17114582,False,,11171652.roundup,slurm,,132112168.0,corral-repl,,,"""true""","""/cvmfs/data.galaxyproject.org/managed/len/ucsc/?.len""","""?""","""false""",1,,"[{'src': 'dce', 'id': 999965}]",,collection,"""0.25""","""65""","""10""",32.0,159751.0,fastqsanger,159751.0,fastqsanger,,,,41310071.0,1508171535.0,ok,1023996.0,toolshed.g2.bx.psu.edu/repos/iuc/flash/flash/1.2.11.1,1.2.11.1,,2017-10-16 16:32:22.836036,112097.0,5.0
2017-10-16 16:32:25.295956,slurm_normal,1508171575.0,0,,,,1.0,main_w3_handler0,3263003,17114597,False,,11171667.roundup,slurm,,132112168.0,corral-repl,,,"""true""","""/cvmfs/data.galaxyproject.org/managed/len/ucsc/?.len""","""?""","""false""",1,,"[{'src': 'dce', 'id': 1000010}]",,collection,"""0.25""","""65""","""10""",32.0,266085.0,fastqsanger,266085.0,fastqsanger,,,,41310071.0,1508171570.0,ok,1023996.0,toolshed.g2.bx.psu.edu/repos/iuc/flash/flash/1.2.11.1,1.2.11.1,,2017-10-16 16:33:01.255837,112097.0,5.0
2017-10-16 16:32:36.538331,slurm_normal,1508171594.0,0,,,,1.0,main_w3_handler0,3263003,17114609,False,,11171675.roundup,slurm,,132112168.0,corral-repl,,,"""true""","""/cvmfs/data.galaxyproject.org/managed/len/ucsc/?.len""","""?""","""false""",1,,"[{'src': 'dce', 'id': 1000043}]",,collection,"""0.25""","""65""","""10""",32.0,8990.0,fastqsanger,8990.0,fastqsanger,,,,41310071.0,1508171590.0,ok,1023996.0,toolshed.g2.bx.psu.edu/repos/iuc/flash/flash/1.2.11.1,1.2.11.1,,2017-10-16 16:33:16.250125,112097.0,4.0
2017-10-16 16:32:12.662753,slurm_normal,1508171543.0,0,,,,1.0,main_w3_handler1,3263003,17114585,False,,11171653.roundup,slurm,,132112168.0,corral-repl,,,"""true""","""/cvmfs/data.galaxyproject.org/managed/len/ucsc/?.len""","""?""","""false""",1,,"[{'src': 'dce', 'id': 999974}]",,collection,"""0.25""","""65""","""10""",32.0,129060.0,fastqsanger,129060.0,fastqsanger,,,,41310071.0,1508171538.0,ok,1023996.0,toolshed.g2.bx.psu.edu/repos/iuc/flash/flash/1.2.11.1,1.2.11.1,,2017-10-16 16:32:26.271433,112097.0,5.0
2017-10-16 16:32:26.494141,slurm_normal,1508171595.0,0,,,,1.0,main_w3_handler1,3263003,17114598,False,,11171674.roundup,slurm,,132112168.0,corral-repl,,,"""true""","""/cvmfs/data.galaxyproject.org/managed/len/ucsc/?.len""","""?""","""false""",1,,"[{'src': 'dce', 'id': 1000013}]",,collection,"""0.25""","""65""","""10""",32.0,10318.0,fastqsanger,10318.0,fastqsanger,,,,41310071.0,1508171590.0,ok,1023996.0,toolshed.g2.bx.psu.edu/repos/iuc/flash/flash/1.2.11.1,1.2.11.1,,2017-10-16 16:33:18.775319,112097.0,5.0
2017-10-16 16:32:11.721091,slurm_normal,1508171543.0,0,,,,1.0,main_w4_handler0,3263003,17114584,False,,11171655.roundup,slurm,,132112168.0,corral-repl,,,"""true""","""/cvmfs/data.galaxyproject.org/managed/len/ucsc/?.len""","""?""","""false""",1,,"[{'src': 'dce', 'id': 999971}]",,collection,"""0.25""","""65""","""10""",32.0,135679.0,fastqsanger,135679.0,fastqsanger,,,,41310071.0,1508171538.0,ok,1023996.0,toolshed.g2.bx.psu.edu/repos/iuc/flash/flash/1.2.11.1,1.2.11.1,,2017-10-16 16:32:30.494445,112097.0,5.0
2017-10-16 16:32:27.769152,slurm_normal,1508171616.0,0,,,,1.0,main_w4_handler0,3263003,17114600,False,,11171684.roundup,slurm,,132112168.0,corral-repl,,,"""true""","""/cvmfs/data.galaxyproject.org/managed/len/ucsc/?.len""","""?""","""false""",1,,"[{'src': 'dce', 'id': 1000016}]",,collection,"""0.25""","""65""","""10""",32.0,166077.0,fastqsanger,166077.0,fastqsanger,,,,41310071.0,1508171612.0,ok,1023996.0,toolshed.g2.bx.psu.edu/repos/iuc/flash/flash/1.2.11.1,1.2.11.1,,2017-10-16 16:33:39.351141,112097.0,4.0
2017-10-16 16:32:30.889292,slurm_normal,1508171567.0,0,,,,1.0,main_w3_handler0,3263003,17114603,False,,11171664.roundup,slurm,,132112168.0,corral-repl,,,"""true""","""/cvmfs/data.galaxyproject.org/managed/len/ucsc/?.len""","""?""","""false""",1,,"[{'src': 'dce', 'id': 1000025}]",,collection,"""0.25""","""65""","""10""",32.0,4238.0,fastqsanger,4238.0,fastqsanger,,,,41310071.0,1508171563.0,ok,1023996.0,toolshed.g2.bx.psu.edu/repos/iuc/flash/flash/1.2.11.1,1.2.11.1,,2017-10-16 16:32:52.211833,112097.0,4.0
2017-10-16 16:32:41.190323,slurm_normal,1508171606.0,0,,,,1.0,main_w4_handler1,3263003,17114613,False,,11171679.roundup,slurm,,132112168.0,corral-repl,,,"""true""","""/cvmfs/data.galaxyproject.org/managed/len/ucsc/?.len""","""?""","""false""",1,,"[{'src': 'dce', 'id': 1000055}]",,collection,"""0.25""","""65""","""10""",32.0,4759.0,fastqsanger,4759.0,fastqsanger,,,,41310071.0,1508171602.0,ok,1023996.0,toolshed.g2.bx.psu.edu/repos/iuc/flash/flash/1.2.11.1,1.2.11.1,,2017-10-16 16:33:28.573850,112097.0,4.0
2017-10-16 16:32:23.500463,slurm_normal,1508171583.0,0,,,,1.0,main_w4_handler1,3263003,17114595,False,,11171670.roundup,slurm,,132112168.0,corral-repl,,,"""true""","""/cvmfs/data.galaxyproject.org/managed/len/ucsc/?.len""","""?""","""false""",1,,"[{'src': 'dce', 'id': 1000004}]",,collection,"""0.25""","""65""","""10""",32.0,62943.0,fastqsanger,62943.0,fastqsanger,,,,41310071.0,1508171579.0,ok,1023996.0,toolshed.g2.bx.psu.edu/repos/iuc/flash/flash/1.2.11.1,1.2.11.1,,2017-10-16 16:33:06.423415,112097.0,4.0
2017-10-16 16:32:20.568180,slurm_normal,1508171555.0,0,,,,1.0,main_w4_handler1,3263003,17114592,False,,11171657.roundup,slurm,,132112168.0,corral-repl,,,"""true""","""/cvmfs/data.galaxyproject.org/managed/len/ucsc/?.len""","""?""","""false""",1,,"[{'src': 'dce', 'id': 999995}]",,collection,"""0.25""","""65""","""10""",32.0,280626.0,fastqsanger,280626.0,fastqsanger,,,,41310071.0,1508171551.0,ok,1023996.0,toolshed.g2.bx.psu.edu/repos/iuc/flash/flash/1.2.11.1,1.2.11.1,,2017-10-16 16:32:40.041783,112097.0,4.0
2017-10-16 16:32:35.490849,slurm_normal,1508171595.0,0,,,,1.0,main_w4_handler1,3263003,17114608,False,,11171673.roundup,slurm,,132112168.0,corral-repl,,,"""true""","""/cvmfs/data.galaxyproject.org/managed/len/ucsc/?.len""","""?""","""false""",1,,"[{'src': 'dce', 'id': 1000040}]",,collection,"""0.25""","""65""","""10""",32.0,29106.0,fastqsanger,29106.0,fastqsanger,,,,41310071.0,1508171590.0,ok,1023996.0,toolshed.g2.bx.psu.edu/repos/iuc/flash/flash/1.2.11.1,1.2.11.1,,2017-10-16 16:33:21.086088,112097.0,5.0
2017-10-16 16:32:32.958592,slurm_normal,1508171591.0,0,,,,1.0,main_w4_handler1,3263003,17114605,False,,11171672.roundup,slurm,,132112168.0,corral-repl,,,"""true""","""/cvmfs/data.galaxyproject.org/managed/len/ucsc/?.len""","""?""","""false""",1,,"[{'src': 'dce', 'id': 1000031}]",,collection,"""0.25""","""65""","""10""",32.0,98918.0,fastqsanger,98918.0,fastqsanger,,,,41310071.0,1508171587.0,ok,1023996.0,toolshed.g2.bx.psu.edu/repos/iuc/flash/flash/1.2.11.1,1.2.11.1,,2017-10-16 16:33:15.062391,112097.0,4.0
2017-10-16 16:32:19.612839,slurm_normal,1508171561.0,0,,,,1.0,main_w3_handler1,3263003,17114591,False,,11171661.roundup,slurm,,132112168.0,corral-repl,,,"""true""","""/cvmfs/data.galaxyproject.org/managed/len/ucsc/?.len""","""?""","""false""",1,,"[{'src': 'dce', 'id': 999992}]",,collection,"""0.25""","""65""","""10""",32.0,145460.0,fastqsanger,145460.0,fastqsanger,,,,41310071.0,1508171557.0,ok,1023996.0,toolshed.g2.bx.psu.edu/repos/iuc/flash/flash/1.2.11.1,1.2.11.1,,2017-10-16 16:32:44.624107,112097.0,4.0
2017-10-16 16:32:22.860446,slurm_normal,1508171582.0,0,,,,1.0,main_w3_handler1,3263003,17114594,False,,11171669.roundup,slurm,,132112168.0,corral-repl,,,"""true""","""/cvmfs/data.galaxyproject.org/managed/len/ucsc/?.len""","""?""","""false""",1,,"[{'src': 'dce', 'id': 1000001}]",,collection,"""0.25""","""65""","""10""",32.0,7137.0,fastqsanger,7137.0,fastqsanger,,,,41310071.0,1508171578.0,ok,1023996.0,toolshed.g2.bx.psu.edu/repos/iuc/flash/flash/1.2.11.1,1.2.11.1,,2017-10-16 16:33:04.408106,112097.0,4.0
2017-10-16 16:32:18.441209,slurm_normal,1508171561.0,0,,,,1.0,main_w3_handler0,3263003,17114590,False,,11171660.roundup,slurm,,132112168.0,corral-repl,,,"""true""","""/cvmfs/data.galaxyproject.org/managed/len/ucsc/?.len""","""?""","""false""",1,,"[{'src': 'dce', 'id': 999989}]",,collection,"""0.25""","""65""","""10""",32.0,169502.0,fastqsanger,169502.0,fastqsanger,,,,41310071.0,1508171557.0,ok,1023996.0,toolshed.g2.bx.psu.edu/repos/iuc/flash/flash/1.2.11.1,1.2.11.1,,2017-10-16 16:32:47.225164,112097.0,4.0
2017-10-16 16:32:28.788850,slurm_normal,1508171575.0,0,,,,1.0,main_w3_handler0,3263003,17114601,False,,11171666.roundup,slurm,,132112168.0,corral-repl,,,"""true""","""/cvmfs/data.galaxyproject.org/managed/len/ucsc/?.len""","""?""","""false""",1,,"[{'src': 'dce', 'id': 1000019}]",,collection,"""0.25""","""65""","""10""",32.0,2643.0,fastqsanger,2643.0,fastqsanger,,,,41310071.0,1508171570.0,ok,1023996.0,toolshed.g2.bx.psu.edu/repos/iuc/flash/flash/1.2.11.1,1.2.11.1,,2017-10-16 16:33:00.891980,112097.0,5.0
2017-10-16 16:32:40.009386,slurm_normal,1508171596.0,0,,,,1.0,main_w3_handler0,3263003,17114612,False,,11171676.roundup,slurm,,132112168.0,corral-repl,,,"""true""","""/cvmfs/data.galaxyproject.org/managed/len/ucsc/?.len""","""?""","""false""",1,,"[{'src': 'dce', 'id': 1000052}]",,collection,"""0.25""","""65""","""10""",32.0,4227.0,fastqsanger,4227.0,fastqsanger,,,,41310071.0,1508171591.0,ok,1023996.0,toolshed.g2.bx.psu.edu/repos/iuc/flash/flash/1.2.11.1,1.2.11.1,,2017-10-16 16:33:19.698878,112097.0,5.0
2017-10-16 16:32:21.823973,slurm_normal,1508171572.0,0,,,,1.0,main_w3_handler1,3263003,17114593,False,,11171665.roundup,slurm,,132112168.0,corral-repl,,,"""true""","""/cvmfs/data.galaxyproject.org/managed/len/ucsc/?.len""","""?""","""false""",1,,"[{'src': 'dce', 'id': 999998}]",,collection,"""0.25""","""65""","""10""",32.0,60833.0,fastqsanger,60833.0,fastqsanger,,,,41310071.0,1508171568.0,ok,1023996.0,toolshed.g2.bx.psu.edu/repos/iuc/flash/flash/1.2.11.1,1.2.11.1,,2017-10-16 16:32:55.338774,112097.0,4.0
2017-10-16 16:32:37.839319,slurm_normal,1508171616.0,0,,,,1.0,main_w3_handler1,3263003,17114610,False,,11171683.roundup,slurm,,132112168.0,corral-repl,,,"""true""","""/cvmfs/data.galaxyproject.org/managed/len/ucsc/?.len""","""?""","""false""",1,,"[{'src': 'dce', 'id': 1000046}]",,collection,"""0.25""","""65""","""10""",32.0,9790.0,fastqsanger,9790.0,fastqsanger,,,,41310071.0,1508171612.0,ok,1023996.0,toolshed.g2.bx.psu.edu/repos/iuc/flash/flash/1.2.11.1,1.2.11.1,,2017-10-16 16:33:39.344277,112097.0,4.0
2017-10-16 16:32:39.075804,slurm_normal,1508171619.0,0,,,,1.0,main_w3_handler1,3263003,17114611,False,,11171686.roundup,slurm,,132112168.0,corral-repl,,,"""true""","""/cvmfs/data.galaxyproject.org/managed/len/ucsc/?.len""","""?""","""false""",1,,"[{'src': 'dce', 'id': 1000049}]",,collection,"""0.25""","""65""","""10""",32.0,12954.0,fastqsanger,12954.0,fastqsanger,,,,41310071.0,1508171615.0,ok,1023996.0,toolshed.g2.bx.psu.edu/repos/iuc/flash/flash/1.2.11.1,1.2.11.1,,2017-10-16 16:33:42.729720,112097.0,4.0
2017-10-16 16:32:13.704472,slurm_normal,1508171585.0,0,,,,1.0,main_w4_handler0,3263003,17114586,False,,11171671.roundup,slurm,,132112168.0,corral-repl,,,"""true""","""/cvmfs/data.galaxyproject.org/managed/len/ucsc/?.len""","""?""","""false""",1,,"[{'src': 'dce', 'id': 999977}]",,collection,"""0.25""","""65""","""10""",32.0,178530.0,fastqsanger,178530.0,fastqsanger,,,,41310071.0,1508171581.0,ok,1023996.0,toolshed.g2.bx.psu.edu/repos/iuc/flash/flash/1.2.11.1,1.2.11.1,,2017-10-16 16:33:08.740871,112097.0,4.0
2017-10-16 16:32:17.530004,slurm_normal,1508171604.0,0,,,,1.0,main_w4_handler0,3263003,17114589,False,,11171677.roundup,slurm,,132112168.0,corral-repl,,,"""true""","""/cvmfs/data.galaxyproject.org/managed/len/ucsc/?.len""","""?""","""false""",1,,"[{'src': 'dce', 'id': 999986}]",,collection,"""0.25""","""65""","""10""",32.0,137004.0,fastqsanger,137004.0,fastqsanger,,,,41310071.0,1508171600.0,ok,1023996.0,toolshed.g2.bx.psu.edu/repos/iuc/flash/flash/1.2.11.1,1.2.11.1,,2017-10-16 16:33:27.362497,112097.0,4.0
2017-10-16 16:32:33.732571,slurm_normal,1508171608.0,0,,,,1.0,main_w3_handler1,3263003,17114606,False,,11171681.roundup,slurm,,132112168.0,corral-repl,,,"""true""","""/cvmfs/data.galaxyproject.org/managed/len/ucsc/?.len""","""?""","""false""",1,,"[{'src': 'dce', 'id': 1000034}]",,collection,"""0.25""","""65""","""10""",32.0,4763.0,fastqsanger,4763.0,fastqsanger,,,,41310071.0,1508171604.0,ok,1023996.0,toolshed.g2.bx.psu.edu/repos/iuc/flash/flash/1.2.11.1,1.2.11.1,,2017-10-16 16:33:33.101085,112097.0,4.0
2017-10-16 16:32:31.793032,slurm_normal,1508171619.0,0,,,,1.0,main_w4_handler0,3263003,17114604,False,,11171685.roundup,slurm,,132112168.0,corral-repl,,,"""true""","""/cvmfs/data.galaxyproject.org/managed/len/ucsc/?.len""","""?""","""false""",1,,"[{'src': 'dce', 'id': 1000028}]",,collection,"""0.25""","""65""","""10""",32.0,75377.0,fastqsanger,75377.0,fastqsanger,,,,41310071.0,1508171615.0,ok,1023996.0,toolshed.g2.bx.psu.edu/repos/iuc/flash/flash/1.2.11.1,1.2.11.1,,2017-10-16 16:33:41.787081,112097.0,4.0
2017-10-16 18:25:05.333397,slurm_normal,1508178313.0,0,2682565.0,fastqsanger,,1.0,main_w3_handler1,3289234,17115320,False,,11172611.roundup,slurm,,132112168.0,corral-repl,,,"""false""","""/cvmfs/data.galaxyproject.org/managed/len/ucsc/?.len""","""?""","""true""",0,"[{'src': 'hda', 'id': 31713350}]",,"[{'src': 'hda', 'id': 31713351}]",individual,"""0.25""","""65""","""10""",32.0,,,,,2679931.0,fastqsanger,,40027954.0,1508178308.0,ok,1023996.0,toolshed.g2.bx.psu.edu/repos/iuc/flash/flash/1.2.11.1,1.2.11.1,,2017-10-16 18:25:14.395874,1224.0,5.0
2017-10-16 18:36:32.575275,slurm_normal,1508179174.0,0,,,,1.0,main_w4_handler1,3289241,17115399,False,,11172719.roundup,slurm,,132112168.0,corral-repl,,"""e52b36b8b2a011e79d04005056ba2773""","""false""","""/cvmfs/data.galaxyproject.org/managed/len/ucsc/?.len""","""?""","""false""",1,,"[{'src': 'dce', 'id': 1002752}]",,collection,"""0.25""","""65""","""10""",32.0,167985742.0,fastqsanger,162520034.0,fastqsanger,,,,,1508179163.0,ok,1023996.0,toolshed.g2.bx.psu.edu/repos/iuc/flash/flash/1.2.11.1,1.2.11.1,,2017-10-16 18:39:35.259806,6067.0,11.0
2017-10-16 18:36:30.453251,slurm_normal,1508179129.0,0,,,,1.0,main_w3_handler1,3289241,17115394,False,,11172709.roundup,slurm,,132112168.0,corral-repl,,"""e52b36b8b2a011e79d04005056ba2773""","""false""","""/cvmfs/data.galaxyproject.org/managed/len/ucsc/?.len""","""?""","""false""",1,,"[{'src': 'dce', 'id': 1002740}]",,collection,"""0.25""","""65""","""10""",32.0,94392432.0,fastqsanger,90910952.0,fastqsanger,,,,,1508179121.0,ok,1023996.0,toolshed.g2.bx.psu.edu/repos/iuc/flash/flash/1.2.11.1,1.2.11.1,,2017-10-16 18:38:52.096236,6067.0,8.0
2017-10-16 18:36:32.095786,slurm_normal,1508179205.0,0,,,,1.0,main_w3_handler0,3289241,17115397,False,,11172727.roundup,slurm,,132112168.0,corral-repl,,"""e52b36b8b2a011e79d04005056ba2773""","""false""","""/cvmfs/data.galaxyproject.org/managed/len/ucsc/?.len""","""?""","""false""",1,,"[{'src': 'dce', 'id': 1002749}]",,collection,"""0.25""","""65""","""10""",32.0,85298142.0,fastqsanger,82724558.0,fastqsanger,,,,,1508179197.0,ok,1023996.0,toolshed.g2.bx.psu.edu/repos/iuc/flash/flash/1.2.11.1,1.2.11.1,,2017-10-16 18:40:07.243727,6067.0,8.0
2017-10-16 18:36:31.661067,slurm_normal,1508179191.0,0,,,,1.0,main_w4_handler0,3289241,17115396,False,,11172722.roundup,slurm,,132112168.0,corral-repl,,"""e52b36b8b2a011e79d04005056ba2773""","""false""","""/cvmfs/data.galaxyproject.org/managed/len/ucsc/?.len""","""?""","""false""",1,,"[{'src': 'dce', 'id': 1002746}]",,collection,"""0.25""","""65""","""10""",32.0,128045953.0,fastqsanger,124396325.0,fastqsanger,,,,,1508179181.0,ok,1023996.0,toolshed.g2.bx.psu.edu/repos/iuc/flash/flash/1.2.11.1,1.2.11.1,,2017-10-16 18:39:52.400004,6067.0,10.0
2017-10-16 18:36:31.197954,slurm_normal,1508179206.0,0,,,,1.0,main_w4_handler1,3289241,17115395,False,,11172724.roundup,slurm,,132112168.0,corral-repl,,"""e52b36b8b2a011e79d04005056ba2773""","""false""","""/cvmfs/data.galaxyproject.org/managed/len/ucsc/?.len""","""?""","""false""",1,,"[{'src': 'dce', 'id': 1002743}]",,collection,"""0.25""","""65""","""10""",32.0,194461924.0,fastqsanger,185382044.0,fastqsanger,,,,,1508179194.0,ok,1023996.0,toolshed.g2.bx.psu.edu/repos/iuc/flash/flash/1.2.11.1,1.2.11.1,,2017-10-16 18:40:09.491381,6067.0,12.0
2017-10-16 18:36:33.014652,slurm_normal,1508179219.0,0,,,,1.0,main_w4_handler0,3289241,17115400,False,,11172731.roundup,slurm,,132112168.0,corral-repl,,"""e52b36b8b2a011e79d04005056ba2773""","""false""","""/cvmfs/data.galaxyproject.org/managed/len/ucsc/?.len""","""?""","""false""",1,,"[{'src': 'dce', 'id': 1002755}]",,collection,"""0.25""","""65""","""10""",32.0,100883251.0,fastqsanger,97496645.0,fastqsanger,,,,,1508179210.0,ok,1023996.0,toolshed.g2.bx.psu.edu/repos/iuc/flash/flash/1.2.11.1,1.2.11.1,,2017-10-16 18:40:23.755127,6067.0,9.0
2017-10-16 18:48:54.752073,slurm_normal,1508179942.0,0,,,,1.0,main_w3_handler1,3289259,17115619,False,,11172956.roundup,slurm,,132112168.0,corral-repl,,"""990e0dd0b2a211e78b51005056ba2773""","""false""","""/cvmfs/data.galaxyproject.org/managed/len/ucsc/?.len""","""?""","""false""",1,,"[{'src': 'dce', 'id': 1003005}]",,collection,"""0.25""","""65""","""10""",32.0,85298142.0,fastqsanger,82724558.0,fastqsanger,,,,,1508179934.0,ok,1023996.0,toolshed.g2.bx.psu.edu/repos/iuc/flash/flash/1.2.11.1,1.2.11.1,,2017-10-16 18:52:31.883029,6067.0,8.0
2017-10-16 18:48:52.987121,slurm_normal,1508179909.0,0,,,,1.0,main_w3_handler0,3289259,17115617,False,,11172945.roundup,slurm,,132112168.0,corral-repl,,"""990e0dd0b2a211e78b51005056ba2773""","""false""","""/cvmfs/data.galaxyproject.org/managed/len/ucsc/?.len""","""?""","""false""",1,,"[{'src': 'dce', 'id': 1002999}]",,collection,"""0.25""","""65""","""10""",32.0,194461924.0,fastqsanger,185382044.0,fastqsanger,,,,,1508179893.0,ok,1023996.0,toolshed.g2.bx.psu.edu/repos/iuc/flash/flash/1.2.11.1,1.2.11.1,,2017-10-16 18:51:53.547856,6067.0,16.0
2017-10-16 18:48:52.335168,slurm_normal,1508179897.0,0,,,,1.0,main_w4_handler1,3289259,17115616,False,,11172939.roundup,slurm,,132112168.0,corral-repl,,"""990e0dd0b2a211e78b51005056ba2773""","""false""","""/cvmfs/data.galaxyproject.org/managed/len/ucsc/?.len""","""?""","""false""",1,,"[{'src': 'dce', 'id': 1002996}]",,collection,"""0.25""","""65""","""10""",32.0,94392432.0,fastqsanger,90910952.0,fastqsanger,,,,,1508179888.0,ok,1023996.0,toolshed.g2.bx.psu.edu/repos/iuc/flash/flash/1.2.11.1,1.2.11.1,,2017-10-16 18:51:39.573996,6067.0,9.0
2017-10-16 18:48:53.909070,slurm_normal,1508179967.0,0,,,,1.0,main_w4_handler0,3289259,17115618,False,,11172964.roundup,slurm,,132112168.0,corral-repl,,"""990e0dd0b2a211e78b51005056ba2773""","""false""","""/cvmfs/data.galaxyproject.org/managed/len/ucsc/?.len""","""?""","""false""",1,,"[{'src': 'dce', 'id': 1003002}]",,collection,"""0.25""","""65""","""10""",32.0,128045953.0,fastqsanger,124396325.0,fastqsanger,,,,,1508179957.0,ok,1023996.0,toolshed.g2.bx.psu.edu/repos/iuc/flash/flash/1.2.11.1,1.2.11.1,,2017-10-16 18:52:50.631453,6067.0,10.0
2017-10-16 18:48:56.201139,slurm_normal,1508179968.0,0,,,,1.0,main_w3_handler0,3289259,17115620,False,,11172966.roundup,slurm,,132112168.0,corral-repl,,"""990e0dd0b2a211e78b51005056ba2773""","""false""","""/cvmfs/data.galaxyproject.org/managed/len/ucsc/?.len""","""?""","""false""",1,,"[{'src': 'dce', 'id': 1003008}]",,collection,"""0.25""","""65""","""10""",32.0,167985742.0,fastqsanger,162520034.0,fastqsanger,,,,,1508179957.0,ok,1023996.0,toolshed.g2.bx.psu.edu/repos/iuc/flash/flash/1.2.11.1,1.2.11.1,,2017-10-16 18:52:51.751063,6067.0,11.0
2017-10-16 18:48:57.427449,slurm_normal,1508180015.0,0,,,,1.0,main_w4_handler1,3289259,17115621,False,,11172982.roundup,slurm,,132112168.0,corral-repl,,"""990e0dd0b2a211e78b51005056ba2773""","""false""","""/cvmfs/data.galaxyproject.org/managed/len/ucsc/?.len""","""?""","""false""",1,,"[{'src': 'dce', 'id': 1003011}]",,collection,"""0.25""","""65""","""10""",32.0,100883251.0,fastqsanger,97496645.0,fastqsanger,,,,,1508180007.0,ok,1023996.0,toolshed.g2.bx.psu.edu/repos/iuc/flash/flash/1.2.11.1,1.2.11.1,,2017-10-16 18:53:36.798528,6067.0,8.0
2017-10-16 19:01:01.406916,slurm_normal,1508180586.0,0,,,,1.0,main_w3_handler0,3289274,17116028,False,,11173291.roundup,slurm,,132112168.0,corral-repl,,"""39ad953eb2a411e79151005056ba55fb""","""false""","""/cvmfs/data.galaxyproject.org/managed/len/ucsc/?.len""","""?""","""false""",1,,"[{'src': 'dce', 'id': 1003325}]",,collection,"""0.25""","""65""","""10""",32.0,85298142.0,fastqsanger,82724558.0,fastqsanger,,,,,1508180578.0,ok,1023996.0,toolshed.g2.bx.psu.edu/repos/iuc/flash/flash/1.2.11.1,1.2.11.1,,2017-10-16 19:03:12.695303,6067.0,8.0
2017-10-16 19:00:59.402321,slurm_normal,1508180612.0,0,,,,1.0,main_w4_handler0,3289274,17116027,False,,11173304.roundup,slurm,,132112168.0,corral-repl,,"""39ad953eb2a411e79151005056ba55fb""","""false""","""/cvmfs/data.galaxyproject.org/managed/len/ucsc/?.len""","""?""","""false""",1,,"[{'src': 'dce', 'id': 1003322}]",,collection,"""0.25""","""65""","""10""",32.0,128045953.0,fastqsanger,124396325.0,fastqsanger,,,,,1508180604.0,ok,1023996.0,toolshed.g2.bx.psu.edu/repos/iuc/flash/flash/1.2.11.1,1.2.11.1,,2017-10-16 19:03:35.440626,6067.0,8.0
2017-10-16 19:00:57.940397,slurm_normal,1508180613.0,0,,,,1.0,main_w4_handler1,3289274,17116026,False,,11173296.roundup,slurm,,132112168.0,corral-repl,,"""39ad953eb2a411e79151005056ba55fb""","""false""","""/cvmfs/data.galaxyproject.org/managed/len/ucsc/?.len""","""?""","""false""",1,,"[{'src': 'dce', 'id': 1003319}]",,collection,"""0.25""","""65""","""10""",32.0,194461924.0,fastqsanger,185382044.0,fastqsanger,,,,,1508180586.0,ok,1023996.0,toolshed.g2.bx.psu.edu/repos/iuc/flash/flash/1.2.11.1,1.2.11.1,,2017-10-16 19:03:39.012583,6067.0,27.0
2017-10-16 19:00:57.172819,slurm_normal,1508180681.0,0,,,,1.0,main_w3_handler1,3289274,17116025,False,,11173329.roundup,slurm,,132112168.0,corral-repl,,"""39ad953eb2a411e79151005056ba55fb""","""false""","""/cvmfs/data.galaxyproject.org/managed/len/ucsc/?.len""","""?""","""false""",1,,"[{'src': 'dce', 'id': 1003316}]",,collection,"""0.25""","""65""","""10""",32.0,94392432.0,fastqsanger,90910952.0,fastqsanger,,,,,1508180673.0,ok,1023996.0,toolshed.g2.bx.psu.edu/repos/iuc/flash/flash/1.2.11.1,1.2.11.1,,2017-10-16 19:04:44.383441,6067.0,8.0
2017-10-16 19:01:04.141509,slurm_normal,1508180635.0,0,,,,1.0,main_w4_handler1,3289274,17116030,False,,11173312.roundup,slurm,,132112168.0,corral-repl,,"""39ad953eb2a411e79151005056ba55fb""","""false""","""/cvmfs/data.galaxyproject.org/managed/len/ucsc/?.len""","""?""","""false""",1,,"[{'src': 'dce', 'id': 1003331}]",,collection,"""0.25""","""65""","""10""",32.0,100883251.0,fastqsanger,97496645.0,fastqsanger,,,,,1508180625.0,ok,1023996.0,toolshed.g2.bx.psu.edu/repos/iuc/flash/flash/1.2.11.1,1.2.11.1,,2017-10-16 19:04:00.347863,6067.0,10.0
2017-10-16 19:01:03.209894,slurm_normal,1508180767.0,0,,,,1.0,main_w4_handler1,3289274,17116029,False,,11173363.roundup,slurm,,132112168.0,corral-repl,,"""39ad953eb2a411e79151005056ba55fb""","""false""","""/cvmfs/data.galaxyproject.org/managed/len/ucsc/?.len""","""?""","""false""",1,,"[{'src': 'dce', 'id': 1003328}]",,collection,"""0.25""","""65""","""10""",32.0,167985742.0,fastqsanger,162520034.0,fastqsanger,,,,,1508180756.0,ok,1023996.0,toolshed.g2.bx.psu.edu/repos/iuc/flash/flash/1.2.11.1,1.2.11.1,,2017-10-16 19:06:13.347012,6067.0,11.0
2017-10-16 19:24:27.486293,slurm_normal,1508182017.0,0,,,,1.0,main_w3_handler1,3289301,17116444,False,,11173733.roundup,slurm,,132112168.0,corral-repl,,"""952810eeb2a711e7a209005056ba2773""","""false""","""/cvmfs/data.galaxyproject.org/managed/len/ucsc/?.len""","""?""","""false""",1,,"[{'src': 'dce', 'id': 1003579}]",,collection,"""0.25""","""65""","""10""",32.0,85298142.0,fastqsanger,82724558.0,fastqsanger,,,,,1508182010.0,ok,1023996.0,toolshed.g2.bx.psu.edu/repos/iuc/flash/flash/1.2.11.1,1.2.11.1,,2017-10-16 19:27:01.609178,6067.0,7.0
2017-10-16 19:24:25.954893,slurm_normal,1508182036.0,0,,,,1.0,main_w4_handler1,3289301,17116441,False,,11173741.roundup,slurm,,132112168.0,corral-repl,,"""952810eeb2a711e7a209005056ba2773""","""false""","""/cvmfs/data.galaxyproject.org/managed/len/ucsc/?.len""","""?""","""false""",1,,"[{'src': 'dce', 'id': 1003570}]",,collection,"""0.25""","""65""","""10""",32.0,94392432.0,fastqsanger,90910952.0,fastqsanger,,,,,1508182029.0,ok,1023996.0,toolshed.g2.bx.psu.edu/repos/iuc/flash/flash/1.2.11.1,1.2.11.1,,2017-10-16 19:27:20.120297,6067.0,7.0
2017-10-16 19:24:27.119655,slurm_normal,1508182090.0,0,,,,1.0,main_w3_handler0,3289301,17116443,False,,11173756.roundup,slurm,,132112168.0,corral-repl,,"""952810eeb2a711e7a209005056ba2773""","""false""","""/cvmfs/data.galaxyproject.org/managed/len/ucsc/?.len""","""?""","""false""",1,,"[{'src': 'dce', 'id': 1003576}]",,collection,"""0.25""","""65""","""10""",32.0,128045953.0,fastqsanger,124396325.0,fastqsanger,,,,,1508182080.0,ok,1023996.0,toolshed.g2.bx.psu.edu/repos/iuc/flash/flash/1.2.11.1,1.2.11.1,,2017-10-16 19:28:13.646868,6067.0,10.0
2017-10-16 19:24:26.746324,slurm_normal,1508182064.0,0,,,,1.0,main_w4_handler0,3289301,17116442,False,,11173746.roundup,slurm,,132112168.0,corral-repl,,"""952810eeb2a711e7a209005056ba2773""","""false""","""/cvmfs/data.galaxyproject.org/managed/len/ucsc/?.len""","""?""","""false""",1,,"[{'src': 'dce', 'id': 1003573}]",,collection,"""0.25""","""65""","""10""",32.0,194461924.0,fastqsanger,185382044.0,fastqsanger,,,,,1508182050.0,ok,1023996.0,toolshed.g2.bx.psu.edu/repos/iuc/flash/flash/1.2.11.1,1.2.11.1,,2017-10-16 19:27:48.707920,6067.0,14.0
2017-10-16 19:24:28.171690,slurm_normal,1508182090.0,0,,,,1.0,main_w4_handler1,3289301,17116446,False,,11173755.roundup,slurm,,132112168.0,corral-repl,,"""952810eeb2a711e7a209005056ba2773""","""false""","""/cvmfs/data.galaxyproject.org/managed/len/ucsc/?.len""","""?""","""false""",1,,"[{'src': 'dce', 'id': 1003585}]",,collection,"""0.25""","""65""","""10""",32.0,100883251.0,fastqsanger,97496645.0,fastqsanger,,,,,1508182080.0,ok,1023996.0,toolshed.g2.bx.psu.edu/repos/iuc/flash/flash/1.2.11.1,1.2.11.1,,2017-10-16 19:28:14.391519,6067.0,10.0
2017-10-16 19:24:27.861940,slurm_normal,1508182094.0,0,,,,1.0,main_w3_handler1,3289301,17116445,False,,11173757.roundup,slurm,,132112168.0,corral-repl,,"""952810eeb2a711e7a209005056ba2773""","""false""","""/cvmfs/data.galaxyproject.org/managed/len/ucsc/?.len""","""?""","""false""",1,,"[{'src': 'dce', 'id': 1003582}]",,collection,"""0.25""","""65""","""10""",32.0,167985742.0,fastqsanger,162520034.0,fastqsanger,,,,,1508182081.0,ok,1023996.0,toolshed.g2.bx.psu.edu/repos/iuc/flash/flash/1.2.11.1,1.2.11.1,,2017-10-16 19:28:17.660318,6067.0,13.0
2017-10-16 20:41:24.702499,slurm_normal,1508186494.0,0,96837286.0,fastqsanger,,1.0,main_w3_handler0,3289400,17117007,False,,11174347,slurm,,132112168.0,corral-repl,,"""5efc5e48b2b211e7a938005056ba55fb""","""false""","""/cvmfs/data.galaxyproject.org/managed/len/ucsc/?.len""","""?""","""true""",0,"[{'src': 'hda', 'id': 31716462}]",,"[{'src': 'hda', 'id': 31716467}]",individual,"""0.25""","""65""","""10""",32.0,,,,,96974948.0,fastqsanger,,,1508186486.0,ok,1023996.0,toolshed.g2.bx.psu.edu/repos/iuc/flash/flash/1.2.11.1,1.2.11.1,,2017-10-16 20:41:37.820060,1224.0,8.0
2017-10-16 20:38:34.666689,slurm_normal,1508186330.0,0,96837286.0,fastqsanger,,1.0,main_w3_handler1,3289400,17116984,False,,11174322,slurm,,132112168.0,corral-repl,,,"""false""","""/cvmfs/data.galaxyproject.org/managed/len/ucsc/?.len""","""?""","""true""",0,"[{'src': 'hda', 'id': 31716462}]",,"[{'src': 'hda', 'id': 31716467}]",individual,"""0.25""","""65""","""10""",32.0,,,,,96974948.0,fastqsanger,,40027954.0,1508186318.0,ok,1023996.0,toolshed.g2.bx.psu.edu/repos/iuc/flash/flash/1.2.11.1,1.2.11.1,,2017-10-16 20:38:51.716826,1224.0,12.0
2017-10-16 20:47:21.614115,slurm_normal,1508186851.0,0,18003688.0,fastq,,1.0,main_w4_handler0,3289415,17117041,False,,11174380,slurm,,132112168.0,corral-repl,,"""32a3123cb2b311e7b1ef005056ba55fb""","""false""","""/cvmfs/data.galaxyproject.org/managed/len/ucsc/?.len""","""?""","""false""",0,"[{'src': 'hda', 'id': 31660231}]",,"[{'src': 'hda', 'id': 31660231}]",individual,"""0.2""","""400""","""20""",32.0,,,,,18003688.0,fastq,,,1508186846.0,ok,1023996.0,toolshed.g2.bx.psu.edu/repos/iuc/flash/flash/1.2.11.1,1.2.11.1,,2017-10-16 20:47:34.644860,105745.0,5.0
2017-10-16 20:50:39.920045,slurm_normal,1508187065.0,0,417574303.0,fastqsanger,,1.0,main_w3_handler0,3289422,17117090,False,,11174421,slurm,,132112168.0,corral-repl,,"""a9835254b2b311e7b41e005056ba2773""","""false""","""/cvmfs/data.galaxyproject.org/managed/len/ucsc/?.len""","""?""","""false""",0,"[{'src': 'hda', 'id': 31622903}]",,"[{'src': 'hda', 'id': 31623153}]",individual,"""0.2""","""400""","""20""",32.0,,,,,417574303.0,fastqsanger,,,1508187043.0,ok,1023996.0,toolshed.g2.bx.psu.edu/repos/iuc/flash/flash/1.2.11.1,1.2.11.1,,2017-10-16 20:51:07.978326,105745.0,22.0
2017-10-16 20:56:00.650556,slurm_normal,1508187385.0,0,275943519.0,fastqsanger,,1.0,main_w3_handler0,3289435,17117159,False,,11174479,slurm,,132112168.0,corral-repl,,"""68343a2eb2b411e791d2005056ba2773""","""false""","""/cvmfs/data.galaxyproject.org/managed/len/ucsc/?.len""","""?""","""false""",0,"[{'src': 'hda', 'id': 31623210}]",,"[{'src': 'hda', 'id': 31623385}]",individual,"""0.2""","""400""","""20""",32.0,,,,,275943519.0,fastqsanger,,,1508187364.0,ok,1023996.0,toolshed.g2.bx.psu.edu/repos/iuc/flash/flash/1.2.11.1,1.2.11.1,,2017-10-16 20:56:27.007552,105745.0,21.0
2017-10-16 21:11:08.676647,slurm_normal,1508188293.0,0,417574303.0,fastqsanger,,1.0,main_w4_handler0,3289451,17117302,False,,11174633,slurm,,132112168.0,corral-repl,,"""868ce140b2b611e79ee8005056ba2773""","""false""","""/cvmfs/data.galaxyproject.org/managed/len/ucsc/?.len""","""?""","""false""",0,"[{'src': 'hda', 'id': 31622903}]",,"[{'src': 'hda', 'id': 31623153}]",individual,"""0.1""","""400""","""20""",32.0,,,,,417574303.0,fastqsanger,,,1508188270.0,ok,1023996.0,toolshed.g2.bx.psu.edu/repos/iuc/flash/flash/1.2.11.1,1.2.11.1,,2017-10-16 21:11:35.215076,105745.0,23.0
2017-10-16 21:33:43.717789,slurm_normal,1508189630.0,0,6218201.0,fastqsanger,,1.0,main_w3_handler1,3289464,17117392,False,,11174746,slurm,,132112168.0,corral-repl,,,"""false""","""/cvmfs/data.galaxyproject.org/managed/len/ucsc/?.len""","""?""","""false""",0,"[{'src': 'hda', 'id': 31717267}]",,"[{'src': 'hda', 'id': 31717267}]",individual,"""0.25""","""65""","""10""",32.0,,,,,6218201.0,fastqsanger,,41327032.0,1508189626.0,ok,1023996.0,toolshed.g2.bx.psu.edu/repos/iuc/flash/flash/1.2.11.1,1.2.11.1,,2017-10-16 21:33:52.229457,,4.0
2017-10-16 21:34:55.629796,slurm_normal,1508189723.0,0,417574303.0,fastqsanger,,1.0,main_w3_handler0,3289470,17117398,False,,11174751,slurm,,132112168.0,corral-repl,,"""d8d07fa4b2b911e79d44005056ba55fb""","""false""","""/cvmfs/data.galaxyproject.org/managed/len/ucsc/?.len""","""?""","""false""",0,"[{'src': 'hda', 'id': 31622903}]",,"[{'src': 'hda', 'id': 31623153}]",individual,"""0.1""","""400""","""10""",32.0,,,,,417574303.0,fastqsanger,,,1508189700.0,ok,1023996.0,toolshed.g2.bx.psu.edu/repos/iuc/flash/flash/1.2.11.1,1.2.11.1,,2017-10-16 21:35:26.377125,105745.0,23.0
2017-10-16 22:41:37.849958,slurm_normal,1508193724.0,0,417574303.0,fastqsanger,,1.0,main_w4_handler0,3289508,17117640,False,,11175023,slurm,,132112168.0,corral-repl,,"""24c0f778b2c311e78c22005056ba55fb""","""false""","""/cvmfs/data.galaxyproject.org/managed/len/ucsc/?.len""","""?""","""false""",0,"[{'src': 'hda', 'id': 31622903}]",,"[{'src': 'hda', 'id': 31623153}]",individual,"""0.5""","""400""","""20""",32.0,,,,,417574303.0,fastqsanger,,,1508193703.0,ok,1023996.0,toolshed.g2.bx.psu.edu/repos/iuc/flash/flash/1.2.11.1,1.2.11.1,,2017-10-16 22:42:07.006299,105745.0,21.0
2017-10-16 22:48:44.034363,slurm_normal,1508194154.0,0,417574303.0,fastqsanger,,1.0,main_w3_handler1,3289513,17117687,False,,11175068,slurm,,132112168.0,corral-repl,,"""26440300b2c411e79bf5005056ba55fb""","""false""","""/cvmfs/data.galaxyproject.org/managed/len/ucsc/?.len""","""?""","""false""",0,"[{'src': 'hda', 'id': 31622903}]",,"[{'src': 'hda', 'id': 31623153}]",individual,"""0.2""","""400""","""20""",32.0,,,,,417574303.0,fastqsanger,,,1508194133.0,ok,1023996.0,toolshed.g2.bx.psu.edu/repos/iuc/flash/flash/1.2.11.1,1.2.11.1,,2017-10-16 22:49:23.622441,105745.0,21.0
2017-10-18 15:44:32.029529,slurm_normal,1508341601.0,0,2544648875.0,fastqsanger,,1.0,main_w4_handler0,3065572,17133918,False,,11190738,slurm,,132112168.0,corral-repl,,,"""false""","""/cvmfs/data.galaxyproject.org/managed/len/ucsc/?.len""","""?""","""false""",0,"[{'src': 'hda', 'id': 31724846}]",,"[{'src': 'hda', 'id': 31724847}]",individual,"""0.25""","""65""","""10""",32.0,,,,,2544648875.0,fastqsanger,,41331706.0,1508341509.0,ok,1023996.0,toolshed.g2.bx.psu.edu/repos/iuc/flash/flash/1.2.11.1,1.2.11.1,,2017-10-18 15:47:00.127639,103834.0,92.0
2017-10-18 03:40:46.244112,slurm_normal,1508298405.0,0,16010392405.0,fastqsanger,,1.0,main_w3_handler0,2968203,17125693,False,,11182592,slurm,,132112168.0,corral-repl,,,"""false""","""/cvmfs/data.galaxyproject.org/managed/len/ucsc/?.len""","""?""","""false""",0,"[{'src': 'hda', 'id': 31685807}]",,"[{'src': 'hda', 'id': 31657372}]",individual,"""0.25""","""100""","""60""",32.0,,,,,16010392405.0,fastqsanger,,41099598.0,1508298056.0,ok,1023996.0,toolshed.g2.bx.psu.edu/repos/iuc/flash/flash/1.2.11.1,1.2.11.1,,2017-10-18 03:46:50.552834,44041.0,349.0
2017-10-18 11:40:46.926355,slurm_normal,1508326858.0,0,22415132.0,fastqsanger,,1.0,main_w3_handler0,3232722,17130400,False,,11186832,slurm,,132112168.0,corral-repl,,,"""false""","""/cvmfs/data.galaxyproject.org/managed/len/ucsc/?.len""","""?""","""false""",0,"[{'src': 'hda', 'id': 30987763}]",,"[{'src': 'hda', 'id': 30987764}]",individual,"""0.25""","""65""","""10""",32.0,,,,,21522728.0,fastqsanger,,40998274.0,1508326853.0,ok,1023996.0,toolshed.g2.bx.psu.edu/repos/iuc/flash/flash/1.2.11.1,1.2.11.1,,2017-10-18 11:41:00.383827,63294.0,5.0
2017-10-18 11:40:02.200187,slurm_normal,1508326851.0,0,22415132.0,fastqsanger,,1.0,main_w4_handler1,3232722,17130394,False,,11186831,slurm,,132112168.0,corral-repl,,,"""false""","""/cvmfs/data.galaxyproject.org/managed/len/ucsc/?.len""","""?""","""true""",0,"[{'src': 'hda', 'id': 30987763}]",,"[{'src': 'hda', 'id': 30987764}]",individual,"""0.25""","""65""","""10""",32.0,,,,,21522728.0,fastqsanger,,40998274.0,1508326846.0,ok,1023996.0,toolshed.g2.bx.psu.edu/repos/iuc/flash/flash/1.2.11.1,1.2.11.1,,2017-10-18 11:41:16.752107,63294.0,5.0
2017-10-18 14:53:03.956001,slurm_normal,1508338821.0,0,2721422443.0,fastqsanger,,1.0,main_w4_handler0,3065572,17133435,False,,11189826,slurm,,132112168.0,corral-repl,,,"""false""","""/cvmfs/data.galaxyproject.org/managed/len/ucsc/?.len""","""?""","""false""",0,"[{'src': 'hda', 'id': 31720419}]",,"[{'src': 'hda', 'id': 31724843}]",individual,"""0.25""","""65""","""10""",32.0,,,,,2721422443.0,fastqsanger,,41331706.0,1508338692.0,ok,1023996.0,toolshed.g2.bx.psu.edu/repos/iuc/flash/flash/1.2.11.1,1.2.11.1,,2017-10-18 15:03:19.203925,103834.0,129.0
2017-10-18 15:37:49.601185,slurm_normal,1508341216.0,0,2997300348.0,fastqsanger,,1.0,main_w4_handler0,3065572,17133871,False,,11190635,slurm,,132112168.0,corral-repl,,,"""false""","""/cvmfs/data.galaxyproject.org/managed/len/ucsc/?.len""","""?""","""false""",0,"[{'src': 'hda', 'id': 31724844}]",,"[{'src': 'hda', 'id': 31724845}]",individual,"""0.25""","""65""","""10""",32.0,,,,,2997300348.0,fastqsanger,,41331706.0,1508341105.0,ok,1023996.0,toolshed.g2.bx.psu.edu/repos/iuc/flash/flash/1.2.11.1,1.2.11.1,,2017-10-18 15:40:31.710988,103834.0,111.0
2017-10-18 15:14:43.614318,slurm_normal,1508339804.0,0,1690645374.0,fastqsanger,,1.0,main_w4_handler1,3065572,17133724,False,,11190193,slurm,,132112168.0,corral-repl,,,"""false""","""/cvmfs/data.galaxyproject.org/managed/len/ucsc/?.len""","""?""","""false""",0,"[{'src': 'hda', 'id': 30915721}]",,"[{'src': 'hda', 'id': 30915744}]",individual,"""0.25""","""65""","""10""",32.0,,,,,1690645374.0,fastqsanger,,41331706.0,1508339739.0,ok,1023996.0,toolshed.g2.bx.psu.edu/repos/iuc/flash/flash/1.2.11.1,1.2.11.1,,2017-10-18 15:16:57.601278,103834.0,65.0
2017-10-18 15:47:03.668230,slurm_normal,1508341738.0,0,2502125096.0,fastqsanger,,1.0,main_w3_handler1,3065572,17133950,False,,11190773,slurm,,132112168.0,corral-repl,,,"""false""","""/cvmfs/data.galaxyproject.org/managed/len/ucsc/?.len""","""?""","""false""",0,"[{'src': 'hda', 'id': 31724848}]",,"[{'src': 'hda', 'id': 31724849}]",individual,"""0.25""","""65""","""10""",32.0,,,,,2502125096.0,fastqsanger,,41331706.0,1508341636.0,ok,1023996.0,toolshed.g2.bx.psu.edu/repos/iuc/flash/flash/1.2.11.1,1.2.11.1,,2017-10-18 15:49:03.991441,103834.0,102.0
2017-10-18 15:54:30.648260,slurm_normal,1508342244.0,0,2533984930.0,fastqsanger,,1.0,main_w4_handler1,3065572,17134048,False,,11190908,slurm,,132112168.0,corral-repl,,,"""false""","""/cvmfs/data.galaxyproject.org/managed/len/ucsc/?.len""","""?""","""false""",0,"[{'src': 'hda', 'id': 31724856}]",,"[{'src': 'hda', 'id': 31724859}]",individual,"""0.25""","""65""","""10""",32.0,,,,,2533984930.0,fastqsanger,,41331706.0,1508342137.0,ok,1023996.0,toolshed.g2.bx.psu.edu/repos/iuc/flash/flash/1.2.11.1,1.2.11.1,,2017-10-18 15:57:44.663419,103834.0,107.0
2017-10-18 15:53:50.382661,slurm_normal,1508342169.0,0,2614881673.0,fastqsanger,,1.0,main_w3_handler1,3065572,17134039,False,,11190888,slurm,,132112168.0,corral-repl,,,"""false""","""/cvmfs/data.galaxyproject.org/managed/len/ucsc/?.len""","""?""","""false""",0,"[{'src': 'hda', 'id': 31724852}]",,"[{'src': 'hda', 'id': 31724853}]",individual,"""0.25""","""65""","""10""",32.0,,,,,2614881673.0,fastqsanger,,41331706.0,1508342049.0,ok,1023996.0,toolshed.g2.bx.psu.edu/repos/iuc/flash/flash/1.2.11.1,1.2.11.1,,2017-10-18 15:56:21.444926,103834.0,120.0
2017-10-18 16:57:59.022033,slurm_normal,1508346857.0,0,16010392405.0,fastqsanger,,1.0,main_w4_handler0,2968203,17134939,False,,11191455,slurm,,132112168.0,corral-repl,,,"""false""","""/cvmfs/data.galaxyproject.org/managed/len/ucsc/?.len""","""?""","""false""",0,"[{'src': 'hda', 'id': 31741600}]",,"[{'src': 'hda', 'id': 31729538}]",individual,"""0.25""","""100""","""60""",32.0,,,,,16010392405.0,fastqsanger,,41099598.0,1508345889.0,ok,1023996.0,toolshed.g2.bx.psu.edu/repos/iuc/flash/flash/1.2.11.1,1.2.11.1,,2017-10-18 17:14:29.158135,44041.0,968.0
2017-10-18 22:43:56.384823,slurm_normal,1508366679.0,0,2512109.0,fastqsanger,,1.0,main_w4_handler1,3291584,17138184,False,,11195027,slurm,,132112168.0,corral-repl,,,"""false""","""/cvmfs/data.galaxyproject.org/managed/len/ucsc/?.len""","""?""","""false""",0,"[{'src': 'hda', 'id': 31747704}]",,"[{'src': 'hda', 'id': 31747705}]",individual,"""0.25""","""65""","""10""",32.0,,,,,2512109.0,fastqsanger,,40990043.0,1508366674.0,ok,1023996.0,toolshed.g2.bx.psu.edu/repos/iuc/flash/flash/1.2.11.1,1.2.11.1,,2017-10-18 22:45:02.173439,73527.0,5.0
2017-10-18 23:57:54.856376,slurm_normal,1508371111.0,0,3026924.0,fastqsanger,,1.0,main_w4_handler0,3291584,17138712,False,,11195603,slurm,,132112168.0,corral-repl,,,"""false""","""/cvmfs/data.galaxyproject.org/managed/len/ucsc/?.len""","""?""","""false""",0,"[{'src': 'hda', 'id': 31748452}]",,"[{'src': 'hda', 'id': 31748453}]",individual,"""0.25""","""65""","""10""",32.0,,,,,3026924.0,fastqsanger,,40990043.0,1508371106.0,ok,1023996.0,toolshed.g2.bx.psu.edu/repos/iuc/flash/flash/1.2.11.1,1.2.11.1,,2017-10-18 23:58:50.521200,73527.0,5.0
2017-10-19 00:47:16.970418,slurm_normal,1508374062.0,0,4617564.0,fastqsanger,,1.0,main_w4_handler0,3291584,17139270,False,,11196255,slurm,,132112168.0,corral-repl,,,"""false""","""/cvmfs/data.galaxyproject.org/managed/len/ucsc/?.len""","""?""","""true""",0,"[{'src': 'hda', 'id': 31749356}]",,"[{'src': 'hda', 'id': 31749357}]",individual,"""0.25""","""65""","""10""",32.0,,,,,4617564.0,fastqsanger,,40990043.0,1508374057.0,ok,1023996.0,toolshed.g2.bx.psu.edu/repos/iuc/flash/flash/1.2.11.1,1.2.11.1,,2017-10-19 00:47:56.451792,73527.0,5.0
2017-10-19 06:06:28.822928,slurm_normal,1508393199.0,0,2653319.0,fastqsanger,,1.0,main_w3_handler0,3291584,17141441,False,,11198685,slurm,,132112168.0,corral-repl,,,"""false""","""/cvmfs/data.galaxyproject.org/managed/len/ucsc/?.len""","""?""","""false""",0,"[{'src': 'hda', 'id': 31752445}]",,"[{'src': 'hda', 'id': 31752446}]",individual,"""0.25""","""65""","""10""",32.0,,,,,2653319.0,fastqsanger,,40990043.0,1508393195.0,ok,1023996.0,toolshed.g2.bx.psu.edu/repos/iuc/flash/flash/1.2.11.1,1.2.11.1,,2017-10-19 06:06:43.274268,73527.0,4.0
2017-10-19 07:18:01.673086,slurm_normal,1508397508.0,0,40077780.0,fastqsanger,,1.0,main_w4_handler0,3292045,17142220,False,,11199757,slurm,,132112168.0,corral-repl,,,"""false""","""/cvmfs/data.galaxyproject.org/managed/len/ucsc/?.len""","""?""","""false""",0,"[{'src': 'hda', 'id': 31753459}]",,"[{'src': 'hda', 'id': 31753459}]",individual,"""0.25""","""65""","""10""",32.0,,,,,40077780.0,fastqsanger,,41383658.0,1508397500.0,ok,1023996.0,toolshed.g2.bx.psu.edu/repos/iuc/flash/flash/1.2.11.1,1.2.11.1,,2017-10-19 07:18:33.704083,,8.0
2017-10-19 16:21:30.012873,slurm_normal,1508430203.0,0,3332834980.0,fastqsanger,,1.0,main_w4_handler0,3292539,17146765,False,,11204525,slurm,,132112168.0,corral-repl,,,"""false""","""/cvmfs/data.galaxyproject.org/managed/len/ucsc/?.len""","""?""","""false""",0,"[{'src': 'hda', 'id': 31759109}]",,"[{'src': 'hda', 'id': 31759227}]",individual,"""0.25""","""65""","""10""",32.0,,,,,3332834980.0,fastqsanger,,41394764.0,1508430098.0,ok,1023996.0,toolshed.g2.bx.psu.edu/repos/iuc/flash/flash/1.2.11.1,1.2.11.1,,2017-10-19 16:23:28.109789,113976.0,105.0
2017-10-19 18:10:45.568223,slurm_normal,1508436766.0,0,3295595416.0,fastqsanger,,1.0,main_w3_handler0,3292539,17148151,False,,11205922,slurm,,132112168.0,corral-repl,,,"""false""","""/cvmfs/data.galaxyproject.org/managed/len/ucsc/?.len""","""?""","""false""",0,"[{'src': 'hda', 'id': 31763972}]",,"[{'src': 'hda', 'id': 31763895}]",individual,"""0.25""","""65""","""10""",32.0,,,,,3295595416.0,fastqsanger,,41394764.0,1508436654.0,ok,1023996.0,toolshed.g2.bx.psu.edu/repos/iuc/flash/flash/1.2.11.1,1.2.11.1,,2017-10-19 18:12:51.998427,113976.0,112.0
2017-10-22 07:42:49.916580,slurm_normal,1508658813.0,0,123354578.0,fastqsanger,,1.0,main_w3_handler0,3295218,17165858,False,,11225379,slurm,,132112168.0,corral-repl,,"""96f479aeb6fc11e781b0005056ba55fb""","""false""","""/cvmfs/data.galaxyproject.org/managed/len/ucsc/?.len""","""?""","""false""",0,"[{'src': 'hda', 'id': 31634986}]",,"[{'src': 'hda', 'id': 31635006}]",individual,"""0.5""","""400""","""20""",32.0,,,,,123354578.0,fastqsanger,,,1508658803.0,ok,1023996.0,toolshed.g2.bx.psu.edu/repos/iuc/flash/flash/1.2.11.1,1.2.11.1,,2017-10-22 07:53:38.940894,105745.0,10.0
2017-10-16 21:38:03.267512,slurm_normal,1508550749.0,0,6218201.0,fastqsanger,,1.0,main_w4_handler0,3289464,17117412,False,,11219540,slurm,,132112168.0,corral-repl,,,"""false""","""/cvmfs/data.galaxyproject.org/managed/len/ucsc/?.len""","""?""","""false""",0,"[{'src': 'hda', 'id': 31717267}]",,"[{'src': 'hda', 'id': 31717267}]",individual,"""0.25""","""65""","""10""",32.0,,,,,6218201.0,fastqsanger,,41327068.0,1508550745.0,ok,1023996.0,toolshed.g2.bx.psu.edu/repos/iuc/flash/flash/1.2.11.1,1.2.11.1,,2017-10-21 01:52:36.656438,113770.0,4.0
2017-10-22 07:28:24.490510,slurm_normal,1508657912.0,0,76097280.0,fastqsanger,,1.0,main_w3_handler0,3295206,17165762,False,,11225263,slurm,,132112168.0,corral-repl,,"""911d8a68b6fa11e7b1da005056ba2773""","""false""","""/cvmfs/data.galaxyproject.org/managed/len/ucsc/?.len""","""?""","""false""",0,"[{'src': 'hda', 'id': 31634692}]",,"[{'src': 'hda', 'id': 31634712}]",individual,"""0.5""","""400""","""20""",32.0,,,,,76097280.0,fastqsanger,,,1508657904.0,ok,1023996.0,toolshed.g2.bx.psu.edu/repos/iuc/flash/flash/1.2.11.1,1.2.11.1,,2017-10-22 07:38:36.671553,105745.0,8.0
2017-10-22 07:06:13.682856,slurm_normal,1508656445.0,0,109409506.0,fastqsanger,,1.0,main_w4_handler1,3295184,17165567,False,,11225123,slurm,,132112168.0,corral-repl,,"""7b181b3cb6f711e7b9c5005056ba2773""","""false""","""/cvmfs/data.galaxyproject.org/managed/len/ucsc/?.len""","""?""","""false""",0,"[{'src': 'hda', 'id': 31628290}]",,"[{'src': 'hda', 'id': 31628362}]",individual,"""0.5""","""400""","""20""",32.0,,,,,109409506.0,fastqsanger,,,1508656436.0,ok,1023996.0,toolshed.g2.bx.psu.edu/repos/iuc/flash/flash/1.2.11.1,1.2.11.1,,2017-10-22 07:14:11.939266,105745.0,9.0
2017-10-22 07:23:09.203864,slurm_normal,1508657584.0,0,336634279.0,fastqsanger,,1.0,main_w3_handler0,3295199,17165719,False,,11225219,slurm,,132112168.0,corral-repl,,"""d7513166b6f911e78707005056ba2773""","""false""","""/cvmfs/data.galaxyproject.org/managed/len/ucsc/?.len""","""?""","""false""",0,"[{'src': 'hda', 'id': 31634353}]",,"[{'src': 'hda', 'id': 31634411}]",individual,"""0.5""","""400""","""20""",32.0,,,,,336634279.0,fastqsanger,,,1508657567.0,ok,1023996.0,toolshed.g2.bx.psu.edu/repos/iuc/flash/flash/1.2.11.1,1.2.11.1,,2017-10-22 07:33:09.573463,105745.0,17.0
2017-10-22 06:32:15.189894,slurm_normal,1508653993.0,0,417574303.0,fastqsanger,,1.0,main_w4_handler1,3295166,17165453,False,,11224993,slurm,,132112168.0,corral-repl,,"""b92a68eeb6f211e7b705005056ba2773""","""false""","""/cvmfs/data.galaxyproject.org/managed/len/ucsc/?.len""","""?""","""false""",0,"[{'src': 'hda', 'id': 31622903}]",,"[{'src': 'hda', 'id': 31623153}]",individual,"""0.5""","""400""","""20""",32.0,,,,,417574303.0,fastqsanger,,,1508653969.0,ok,1023996.0,toolshed.g2.bx.psu.edu/repos/iuc/flash/flash/1.2.11.1,1.2.11.1,,2017-10-22 06:33:17.140555,105745.0,24.0
2017-10-22 07:00:24.405634,slurm_normal,1508655694.0,0,479418790.0,fastqsanger,,1.0,main_w3_handler1,3295181,17165533,False,,11225069,slurm,,132112168.0,corral-repl,,"""ab427baab6f611e7b1c5005056ba55fb""","""false""","""/cvmfs/data.galaxyproject.org/managed/len/ucsc/?.len""","""?""","""false""",0,"[{'src': 'hda', 'id': 31626340}]",,"[{'src': 'hda', 'id': 31626489}]",individual,"""0.5""","""400""","""20""",32.0,,,,,479418790.0,fastqsanger,,,1508655671.0,ok,1023996.0,toolshed.g2.bx.psu.edu/repos/iuc/flash/flash/1.2.11.1,1.2.11.1,,2017-10-22 07:01:46.936095,105745.0,23.0
2017-10-22 06:12:22.801793,slurm_normal,1508652779.0,0,417574303.0,fastqsanger,,1.0,main_w4_handler1,3295163,17165403,False,,11224901,slurm,,132112168.0,corral-repl,,"""f3cfaab6b6ef11e7bf17005056ba2773""","""false""","""/cvmfs/data.galaxyproject.org/managed/len/ucsc/?.len""","""?""","""false""",0,"[{'src': 'hda', 'id': 31622903}]",,"[{'src': 'hda', 'id': 31623153}]",individual,"""0.5""","""400""","""20""",32.0,,,,,417574303.0,fastqsanger,,,1508652753.0,ok,1023996.0,toolshed.g2.bx.psu.edu/repos/iuc/flash/flash/1.2.11.1,1.2.11.1,,2017-10-22 06:13:04.879554,105745.0,26.0
2017-10-22 07:05:04.050127,slurm_normal,1508655998.0,0,390781377.0,fastqsanger,,1.0,main_w4_handler0,3295183,17165557,False,,11225087,slurm,,132112168.0,corral-repl,,"""492101c0b6f711e79a49005056ba2773""","""false""","""/cvmfs/data.galaxyproject.org/managed/len/ucsc/?.len""","""?""","""false""",0,"[{'src': 'hda', 'id': 31627721}]",,"[{'src': 'hda', 'id': 31628202}]",individual,"""0.5""","""400""","""20""",32.0,,,,,390781377.0,fastqsanger,,,1508655977.0,ok,1023996.0,toolshed.g2.bx.psu.edu/repos/iuc/flash/flash/1.2.11.1,1.2.11.1,,2017-10-22 07:06:40.430136,105745.0,21.0
2017-10-22 07:02:45.972558,slurm_normal,1508655853.0,0,397228001.0,fastqsanger,,1.0,main_w3_handler0,3295182,17165547,False,,11225077,slurm,,132112168.0,corral-repl,,"""fbb2d40eb6f611e7b705005056ba2773""","""false""","""/cvmfs/data.galaxyproject.org/managed/len/ucsc/?.len""","""?""","""false""",0,"[{'src': 'hda', 'id': 31627348}]",,"[{'src': 'hda', 'id': 31627498}]",individual,"""0.5""","""400""","""20""",32.0,,,,,397228001.0,fastqsanger,,,1508655832.0,ok,1023996.0,toolshed.g2.bx.psu.edu/repos/iuc/flash/flash/1.2.11.1,1.2.11.1,,2017-10-22 07:04:16.008630,105745.0,21.0
2017-10-22 06:57:55.253995,slurm_normal,1508655504.0,0,275943519.0,fastqsanger,,1.0,main_w4_handler1,3295179,17165500,False,,11225056,slurm,,132112168.0,corral-repl,,"""51e45e20b6f611e7a596005056ba55fb""","""false""","""/cvmfs/data.galaxyproject.org/managed/len/ucsc/?.len""","""?""","""false""",0,"[{'src': 'hda', 'id': 31623210}]",,"[{'src': 'hda', 'id': 31623385}]",individual,"""0.5""","""400""","""20""",32.0,,,,,275943519.0,fastqsanger,,,1508655489.0,ok,1023996.0,toolshed.g2.bx.psu.edu/repos/iuc/flash/flash/1.2.11.1,1.2.11.1,,2017-10-22 06:58:32.780153,105745.0,15.0
2017-10-22 06:59:14.444265,slurm_normal,1508655577.0,0,354675936.0,fastqsanger,,1.0,main_w3_handler0,3295180,17165516,False,,11225061,slurm,,132112168.0,corral-repl,,"""7f91a15cb6f611e78336005056ba55fb""","""false""","""/cvmfs/data.galaxyproject.org/managed/len/ucsc/?.len""","""?""","""false""",0,"[{'src': 'hda', 'id': 31623426}]",,"[{'src': 'hda', 'id': 31623473}]",individual,"""0.5""","""400""","""20""",32.0,,,,,354675936.0,fastqsanger,,,1508655558.0,ok,1023996.0,toolshed.g2.bx.psu.edu/repos/iuc/flash/flash/1.2.11.1,1.2.11.1,,2017-10-22 06:59:39.814683,105745.0,19.0
2017-10-22 07:44:24.653516,slurm_normal,1508658918.0,0,471514365.0,fastqsanger,,1.0,main_w4_handler0,3295219,17165872,False,,11225383,slurm,,132112168.0,corral-repl,,"""d1161eeeb6fc11e7a9ec005056ba55fb""","""false""","""/cvmfs/data.galaxyproject.org/managed/len/ucsc/?.len""","""?""","""false""",0,"[{'src': 'hda', 'id': 31635055}]",,"[{'src': 'hda', 'id': 31635173}]",individual,"""0.5""","""400""","""20""",32.0,,,,,471514365.0,fastqsanger,,,1508658892.0,ok,1023996.0,toolshed.g2.bx.psu.edu/repos/iuc/flash/flash/1.2.11.1,1.2.11.1,,2017-10-22 07:55:21.629046,105745.0,26.0
2017-10-22 07:10:57.970960,slurm_normal,1508656674.0,0,502511720.0,fastqsanger,,1.0,main_w4_handler0,3295188,17165602,False,,11225141,slurm,,132112168.0,corral-repl,,"""222c2b20b6f811e7a84e005056ba55fb""","""false""","""/cvmfs/data.galaxyproject.org/managed/len/ucsc/?.len""","""?""","""false""",0,"[{'src': 'hda', 'id': 31629743}]",,"[{'src': 'hda', 'id': 31630020}]",individual,"""0.5""","""400""","""20""",32.0,,,,,502511720.0,fastqsanger,,,1508656649.0,ok,1023996.0,toolshed.g2.bx.psu.edu/repos/iuc/flash/flash/1.2.11.1,1.2.11.1,,2017-10-22 07:17:55.676690,105745.0,25.0
2017-10-22 07:12:10.044176,slurm_normal,1508656379.0,0,444326748.0,fastqsanger,,1.0,main_w3_handler0,3295189,17165614,False,,11225113,slurm,,132112168.0,corral-repl,,"""503c35c8b6f811e79320005056ba55fb""","""false""","""/cvmfs/data.galaxyproject.org/managed/len/ucsc/?.len""","""?""","""false""",0,"[{'src': 'hda', 'id': 31632640}]",,"[{'src': 'hda', 'id': 31632968}]",individual,"""0.5""","""400""","""20""",32.0,,,,,444326748.0,fastqsanger,,,1508656357.0,ok,1023996.0,toolshed.g2.bx.psu.edu/repos/iuc/flash/flash/1.2.11.1,1.2.11.1,,2017-10-22 07:13:02.194836,105745.0,22.0
2017-10-22 07:18:38.844406,slurm_normal,1508656837.0,0,733263667.0,fastqsanger,,1.0,main_w3_handler0,3295194,17165656,False,,11225157,slurm,,132112168.0,corral-repl,,"""35c244acb6f911e79ae5005056ba2773""","""false""","""/cvmfs/data.galaxyproject.org/managed/len/ucsc/?.len""","""?""","""false""",0,"[{'src': 'hda', 'id': 31633513}]",,"[{'src': 'hda', 'id': 31633713}]",individual,"""0.5""","""400""","""20""",32.0,,,,,733263667.0,fastqsanger,,,1508656801.0,ok,1023996.0,toolshed.g2.bx.psu.edu/repos/iuc/flash/flash/1.2.11.1,1.2.11.1,,2017-10-22 07:20:40.487311,105745.0,36.0
2017-10-22 07:07:20.729026,slurm_normal,1508656389.0,0,491782644.0,fastqsanger,,1.0,main_w4_handler1,3295186,17165579,False,,11225115,slurm,,132112168.0,corral-repl,,"""a3289a0cb6f711e79a49005056ba2773""","""false""","""/cvmfs/data.galaxyproject.org/managed/len/ucsc/?.len""","""?""","""false""",0,"[{'src': 'hda', 'id': 31628683}]",,"[{'src': 'hda', 'id': 31628949}]",individual,"""0.5""","""400""","""20""",32.0,,,,,491782644.0,fastqsanger,,,1508656363.0,ok,1023996.0,toolshed.g2.bx.psu.edu/repos/iuc/flash/flash/1.2.11.1,1.2.11.1,,2017-10-22 07:13:20.198308,105745.0,26.0
2017-10-22 07:14:36.980708,slurm_normal,1508656701.0,0,186927152.0,fastqsanger,,1.0,main_w4_handler1,3295192,17165634,False,,11225145,slurm,,132112168.0,corral-repl,,"""a74dfb94b6f811e79afd005056ba55fb""","""false""","""/cvmfs/data.galaxyproject.org/managed/len/ucsc/?.len""","""?""","""false""",0,"[{'src': 'hda', 'id': 31633031}]",,"[{'src': 'hda', 'id': 31633109}]",individual,"""0.5""","""400""","""20""",32.0,,,,,186927152.0,fastqsanger,,,1508656689.0,ok,1023996.0,toolshed.g2.bx.psu.edu/repos/iuc/flash/flash/1.2.11.1,1.2.11.1,,2017-10-22 07:18:28.942622,105745.0,12.0
2017-10-22 07:21:30.495376,slurm_normal,1508656973.0,0,90460587.0,fastqsanger,,1.0,main_w4_handler0,3295198,17165707,False,,11225175,slurm,,132112168.0,corral-repl,,"""9df4808ab6f911e78d9e005056ba2773""","""false""","""/cvmfs/data.galaxyproject.org/managed/len/ucsc/?.len""","""?""","""false""",0,"[{'src': 'hda', 'id': 31634240}]",,"[{'src': 'hda', 'id': 31634255}]",individual,"""0.5""","""400""","""20""",32.0,,,,,90460587.0,fastqsanger,,,1508656964.0,ok,1023996.0,toolshed.g2.bx.psu.edu/repos/iuc/flash/flash/1.2.11.1,1.2.11.1,,2017-10-22 07:22:54.824090,105745.0,9.0
2017-10-22 07:24:18.011929,slurm_normal,1508657208.0,0,260712904.0,fastqsanger,,1.0,main_w4_handler0,3295200,17165729,False,,11225191,slurm,,132112168.0,corral-repl,,"""ff72c600b6f911e78d95005056ba2773""","""false""","""/cvmfs/data.galaxyproject.org/managed/len/ucsc/?.len""","""?""","""false""",0,"[{'src': 'hda', 'id': 31634454}]",,"[{'src': 'hda', 'id': 31634500}]",individual,"""0.5""","""400""","""20""",32.0,,,,,260712904.0,fastqsanger,,,1508657192.0,ok,1023996.0,toolshed.g2.bx.psu.edu/repos/iuc/flash/flash/1.2.11.1,1.2.11.1,,2017-10-22 07:26:49.347951,105745.0,16.0
2017-10-22 07:08:56.326272,slurm_normal,1508656890.0,0,377038086.0,fastqsanger,,1.0,main_w4_handler1,3295187,17165590,False,,11225165,slurm,,132112168.0,corral-repl,,"""d873f01cb6f711e7b2d7005056ba2773""","""false""","""/cvmfs/data.galaxyproject.org/managed/len/ucsc/?.len""","""?""","""false""",0,"[{'src': 'hda', 'id': 31629183}]",,"[{'src': 'hda', 'id': 31629438}]",individual,"""0.5""","""400""","""20""",32.0,,,,,377038086.0,fastqsanger,,,1508656870.0,ok,1023996.0,toolshed.g2.bx.psu.edu/repos/iuc/flash/flash/1.2.11.1,1.2.11.1,,2017-10-22 07:21:37.212456,105745.0,20.0
2017-10-22 07:15:56.951263,slurm_normal,1508658420.0,0,492619133.0,fastqsanger,,1.0,main_w4_handler1,3295193,17165644,False,,11225326,slurm,,132112168.0,corral-repl,,"""d6d65226b6f811e7b1da005056ba2773""","""false""","""/cvmfs/data.galaxyproject.org/managed/len/ucsc/?.len""","""?""","""false""",0,"[{'src': 'hda', 'id': 31633304}]",,"[{'src': 'hda', 'id': 31633409}]",individual,"""0.5""","""400""","""20""",32.0,,,,,492619133.0,fastqsanger,,,1508658392.0,ok,1023996.0,toolshed.g2.bx.psu.edu/repos/iuc/flash/flash/1.2.11.1,1.2.11.1,,2017-10-22 07:47:08.570775,105745.0,28.0
2017-10-22 07:31:17.303892,slurm_normal,1508657710.0,0,35050358.0,fastqsanger,,1.0,main_w4_handler0,3295208,17165788,False,,11225229,slurm,,132112168.0,corral-repl,,"""fbbcdc2ab6fa11e7b705005056ba2773""","""false""","""/cvmfs/data.galaxyproject.org/managed/len/ucsc/?.len""","""?""","""false""",0,"[{'src': 'hda', 'id': 31634742}]",,"[{'src': 'hda', 'id': 31634757}]",individual,"""0.5""","""400""","""20""",32.0,,,,,35050358.0,fastqsanger,,,1508657704.0,ok,1023996.0,toolshed.g2.bx.psu.edu/repos/iuc/flash/flash/1.2.11.1,1.2.11.1,,2017-10-22 07:35:11.892536,105745.0,6.0
2017-10-22 07:32:22.296562,slurm_normal,1508657730.0,0,366661571.0,fastqsanger,,1.0,main_w4_handler0,3295209,17165800,False,,11225230,slurm,,132112168.0,corral-repl,,"""206f936eb6fb11e7bedc005056ba55fb""","""false""","""/cvmfs/data.galaxyproject.org/managed/len/ucsc/?.len""","""?""","""false""",0,"[{'src': 'hda', 'id': 31634852}]",,"[{'src': 'hda', 'id': 31634909}]",individual,"""0.5""","""400""","""20""",32.0,,,,,366661571.0,fastqsanger,,,1508657710.0,ok,1023996.0,toolshed.g2.bx.psu.edu/repos/iuc/flash/flash/1.2.11.1,1.2.11.1,,2017-10-22 07:35:33.421644,105745.0,20.0
2017-10-22 07:20:47.797735,slurm_normal,1508658072.0,0,567815887.0,fastqsanger,,1.0,main_w3_handler1,3295196,17165694,False,,11225276,slurm,,132112168.0,corral-repl,,"""7fcbb3e4b6f911e78d9e005056ba2773""","""false""","""/cvmfs/data.galaxyproject.org/managed/len/ucsc/?.len""","""?""","""false""",0,"[{'src': 'hda', 'id': 31634104}]",,"[{'src': 'hda', 'id': 31634233}]",individual,"""0.5""","""400""","""20""",32.0,,,,,567815887.0,fastqsanger,,,1508658045.0,ok,1023996.0,toolshed.g2.bx.psu.edu/repos/iuc/flash/flash/1.2.11.1,1.2.11.1,,2017-10-22 07:41:22.942429,105745.0,27.0
2017-10-22 07:26:52.576746,slurm_normal,1508657827.0,0,302466960.0,fastqsanger,,1.0,main_w3_handler0,3295205,17165750,False,,11225252,slurm,,132112168.0,corral-repl,,"""5df9dc90b6fa11e790e2005056ba2773""","""false""","""/cvmfs/data.galaxyproject.org/managed/len/ucsc/?.len""","""?""","""false""",0,"[{'src': 'hda', 'id': 31634566}]",,"[{'src': 'hda', 'id': 31634663}]",individual,"""0.5""","""400""","""20""",32.0,,,,,302466960.0,fastqsanger,,,1508657810.0,ok,1023996.0,toolshed.g2.bx.psu.edu/repos/iuc/flash/flash/1.2.11.1,1.2.11.1,,2017-10-22 07:37:11.878010,105745.0,17.0
2017-10-22 07:29:41.449989,slurm_normal,1508658013.0,0,40167722.0,fastqsanger,,1.0,main_w3_handler1,3295207,17165774,False,,11225273,slurm,,132112168.0,corral-repl,,"""c2646592b6fa11e7b2ef005056ba2773""","""false""","""/cvmfs/data.galaxyproject.org/managed/len/ucsc/?.len""","""?""","""false""",0,"[{'src': 'hda', 'id': 31634721}]",,"[{'src': 'hda', 'id': 31634737}]",individual,"""0.5""","""400""","""20""",32.0,,,,,40167722.0,fastqsanger,,,1508658006.0,ok,1023996.0,toolshed.g2.bx.psu.edu/repos/iuc/flash/flash/1.2.11.1,1.2.11.1,,2017-10-22 07:40:26.531352,105745.0,7.0
2017-10-22 07:55:55.987423,slurm_normal,1508659216.0,0,477163255.0,fastqsanger,,1.0,main_w3_handler0,3295248,17165969,False,,11225408,slurm,,132112168.0,corral-repl,,"""69467a6eb6fe11e79b33005056ba2773""","""false""","""/cvmfs/data.galaxyproject.org/managed/len/ucsc/?.len""","""?""","""false""",0,"[{'src': 'hda', 'id': 31645267}]",,"[{'src': 'hda', 'id': 31645267}]",individual,"""0.5""","""400""","""20""",32.0,,,,,477163255.0,fastqsanger,,,1508659188.0,ok,1023996.0,toolshed.g2.bx.psu.edu/repos/iuc/flash/flash/1.2.11.1,1.2.11.1,,2017-10-22 08:00:18.740115,105745.0,28.0
2017-10-22 07:59:58.209718,slurm_normal,1508660305.0,0,250091464.0,fastqsanger,,1.0,main_w3_handler1,3295253,17166008,False,,11225537,slurm,,132112168.0,corral-repl,,"""f9eae38eb6fe11e78d95005056ba2773""","""false""","""/cvmfs/data.galaxyproject.org/managed/len/ucsc/?.len""","""?""","""false""",0,"[{'src': 'hda', 'id': 31645432}]",,"[{'src': 'hda', 'id': 31645437}]",individual,"""0.5""","""400""","""20""",32.0,,,,,250091464.0,fastqsanger,,,1508660290.0,ok,1023996.0,toolshed.g2.bx.psu.edu/repos/iuc/flash/flash/1.2.11.1,1.2.11.1,,2017-10-22 08:18:41.581794,105745.0,15.0
2017-10-22 07:56:40.591142,slurm_normal,1508659348.0,0,434674815.0,fastqsanger,,1.0,main_w3_handler0,3295249,17165979,False,,11225424,slurm,,132112168.0,corral-repl,,"""8562333cb6fe11e7b9c5005056ba2773""","""false""","""/cvmfs/data.galaxyproject.org/managed/len/ucsc/?.len""","""?""","""false""",0,"[{'src': 'hda', 'id': 31645287}]",,"[{'src': 'hda', 'id': 31645418}]",individual,"""0.5""","""400""","""20""",32.0,,,,,434674815.0,fastqsanger,,,1508659321.0,ok,1023996.0,toolshed.g2.bx.psu.edu/repos/iuc/flash/flash/1.2.11.1,1.2.11.1,,2017-10-22 08:02:31.722174,105745.0,27.0
2017-10-22 07:19:54.298691,slurm_normal,1508659392.0,0,560559227.0,fastqsanger,,1.0,main_w4_handler1,3295195,17165684,False,,11225429,slurm,,132112168.0,corral-repl,,"""61ef9deab6f911e7b6a9005056ba2773""","""false""","""/cvmfs/data.galaxyproject.org/managed/len/ucsc/?.len""","""?""","""false""",0,"[{'src': 'hda', 'id': 31633899}]",,"[{'src': 'hda', 'id': 31634017}]",individual,"""0.5""","""400""","""20""",32.0,,,,,560559227.0,fastqsanger,,,1508659365.0,ok,1023996.0,toolshed.g2.bx.psu.edu/repos/iuc/flash/flash/1.2.11.1,1.2.11.1,,2017-10-22 08:03:24.805640,105745.0,27.0
2017-10-22 07:58:28.103428,slurm_normal,1508661546.0,0,236001092.0,fastqsanger,,1.0,main_w3_handler1,3295251,17165997,False,,11225675,slurm,,132112168.0,corral-repl,,"""c82142dab6fe11e79467005056ba2773""","""false""","""/cvmfs/data.galaxyproject.org/managed/len/ucsc/?.len""","""?""","""false""",0,"[{'src': 'hda', 'id': 31645421}]",,"[{'src': 'hda', 'id': 31645426}]",individual,"""0.5""","""400""","""20""",32.0,,,,,236001092.0,fastqsanger,,,1508661529.0,ok,1023996.0,toolshed.g2.bx.psu.edu/repos/iuc/flash/flash/1.2.11.1,1.2.11.1,,2017-10-22 08:39:20.740329,105745.0,17.0
2017-10-22 08:01:41.232924,slurm_normal,1508659554.0,0,114138135.0,fastqsanger,,1.0,main_w4_handler0,3295256,17166020,False,,11225444,slurm,,132112168.0,corral-repl,,"""3ae59f64b6ff11e7b2ef005056ba2773""","""false""","""/cvmfs/data.galaxyproject.org/managed/len/ucsc/?.len""","""?""","""false""",0,"[{'src': 'hda', 'id': 31645441}]",,"[{'src': 'hda', 'id': 31645441}]",individual,"""0.5""","""400""","""20""",32.0,,,,,114138135.0,fastqsanger,,,1508659546.0,ok,1023996.0,toolshed.g2.bx.psu.edu/repos/iuc/flash/flash/1.2.11.1,1.2.11.1,,2017-10-22 08:05:57.372920,105745.0,8.0
2017-10-22 08:03:11.873983,slurm_normal,1508659573.0,0,284631405.0,fastqsanger,,1.0,main_w3_handler0,3295258,17166032,False,,11225446,slurm,,132112168.0,corral-repl,,"""6c6bfee8b6ff11e7ba62005056ba2773""","""false""","""/cvmfs/data.galaxyproject.org/managed/len/ucsc/?.len""","""?""","""false""",0,"[{'src': 'hda', 'id': 31645451}]",,"[{'src': 'hda', 'id': 31645454}]",individual,"""0.5""","""400""","""20""",32.0,,,,,284631405.0,fastqsanger,,,1508659556.0,ok,1023996.0,toolshed.g2.bx.psu.edu/repos/iuc/flash/flash/1.2.11.1,1.2.11.1,,2017-10-22 08:06:16.146461,105745.0,17.0
2017-10-22 08:05:32.834217,slurm_normal,1508659627.0,0,238407478.0,fastqsanger,,1.0,main_w3_handler0,3295259,17166043,False,,11225452,slurm,,132112168.0,corral-repl,,"""c4e321beb6ff11e78745005056ba2773""","""false""","""/cvmfs/data.galaxyproject.org/managed/len/ucsc/?.len""","""?""","""false""",0,"[{'src': 'hda', 'id': 31645561}]",,"[{'src': 'hda', 'id': 31645565}]",individual,"""0.5""","""400""","""20""",32.0,,,,,238407478.0,fastqsanger,,,1508659610.0,ok,1023996.0,toolshed.g2.bx.psu.edu/repos/iuc/flash/flash/1.2.11.1,1.2.11.1,,2017-10-22 08:07:10.168211,105745.0,17.0
2017-10-22 08:07:57.942797,slurm_normal,1508660170.0,0,2000183668.0,fastqsanger,,1.0,main_w4_handler0,3295261,17166075,False,,11225519,slurm,,132112168.0,corral-repl,,"""1afd7a04b70011e7b2d7005056ba2773""","""false""","""/cvmfs/data.galaxyproject.org/managed/len/ucsc/?.len""","""?""","""false""",0,"[{'src': 'hda', 'id': 31645672}]",,"[{'src': 'hda', 'id': 31645672}]",individual,"""0.5""","""400""","""20""",32.0,,,,,2000183668.0,fastqsanger,,,1508660084.0,ok,1023996.0,toolshed.g2.bx.psu.edu/repos/iuc/flash/flash/1.2.11.1,1.2.11.1,,2017-10-22 08:16:13.630677,105745.0,86.0
2017-10-22 07:25:50.166866,slurm_normal,1508660210.0,0,30872328.0,fastqsanger,,1.0,main_w3_handler1,3295202,17165739,False,,11225524,slurm,,132112168.0,corral-repl,,"""3696516ab6fa11e7a5f5005056ba2773""","""false""","""/cvmfs/data.galaxyproject.org/managed/len/ucsc/?.len""","""?""","""false""",0,"[{'src': 'hda', 'id': 31634506}]",,"[{'src': 'hda', 'id': 31634510}]",individual,"""0.5""","""400""","""20""",32.0,,,,,30872328.0,fastqsanger,,,1508660204.0,ok,1023996.0,toolshed.g2.bx.psu.edu/repos/iuc/flash/flash/1.2.11.1,1.2.11.1,,2017-10-22 08:16:59.969945,105745.0,6.0
2017-10-22 07:41:50.860778,slurm_normal,1508661754.0,0,79720316.0,fastqsanger,,1.0,main_w4_handler1,3295216,17165830,False,,11225713,slurm,,132112168.0,corral-repl,,"""73de2618b6fc11e7b1fe005056ba55fb""","""false""","""/cvmfs/data.galaxyproject.org/managed/len/ucsc/?.len""","""?""","""false""",0,"[{'src': 'hda', 'id': 31634940}]",,"[{'src': 'hda', 'id': 31634964}]",individual,"""0.5""","""400""","""20""",32.0,,,,,79720316.0,fastqsanger,,,1508661747.0,ok,1023996.0,toolshed.g2.bx.psu.edu/repos/iuc/flash/flash/1.2.11.1,1.2.11.1,,2017-10-22 08:42:39.606459,105745.0,7.0
2017-10-22 07:48:24.687671,slurm_normal,1508660731.0,0,502736616.0,fastqsanger,,1.0,main_w3_handler1,3295222,17165899,False,,11225579,slurm,,132112168.0,corral-repl,,"""5d5761b0b6fd11e781b0005056ba55fb""","""false""","""/cvmfs/data.galaxyproject.org/managed/len/ucsc/?.len""","""?""","""false""",0,"[{'src': 'hda', 'id': 31645227}]",,"[{'src': 'hda', 'id': 31645235}]",individual,"""0.5""","""400""","""20""",32.0,,,,,502736616.0,fastqsanger,,,1508660704.0,ok,1023996.0,toolshed.g2.bx.psu.edu/repos/iuc/flash/flash/1.2.11.1,1.2.11.1,,2017-10-22 08:25:38.893526,105745.0,27.0
2017-10-22 07:35:35.876655,slurm_normal,1508661677.0,0,104598162.0,fastqsanger,,1.0,main_w4_handler1,3295213,17165816,False,,11225705,slurm,,132112168.0,corral-repl,,"""94fcbe3cb6fb11e79cff005056ba55fb""","""false""","""/cvmfs/data.galaxyproject.org/managed/len/ucsc/?.len""","""?""","""false""",0,"[{'src': 'hda', 'id': 31634915}]",,"[{'src': 'hda', 'id': 31634931}]",individual,"""0.5""","""400""","""20""",32.0,,,,,104598162.0,fastqsanger,,,1508661668.0,ok,1023996.0,toolshed.g2.bx.psu.edu/repos/iuc/flash/flash/1.2.11.1,1.2.11.1,,2017-10-22 08:41:26.412304,105745.0,9.0
2017-10-22 07:47:07.575493,slurm_normal,1508662102.0,0,325896922.0,fastqsanger,,1.0,main_w4_handler1,3295221,17165889,False,,11225747,slurm,,132112168.0,corral-repl,,"""30e7e528b6fd11e7b11e005056ba55fb""","""false""","""/cvmfs/data.galaxyproject.org/managed/len/ucsc/?.len""","""?""","""false""",0,"[{'src': 'hda', 'id': 31645202}]",,"[{'src': 'hda', 'id': 31645214}]",individual,"""0.5""","""400""","""20""",32.0,,,,,325896922.0,fastqsanger,,,1508662083.0,ok,1023996.0,toolshed.g2.bx.psu.edu/repos/iuc/flash/flash/1.2.11.1,1.2.11.1,,2017-10-22 08:48:25.769614,105745.0,19.0
2017-10-22 14:54:04.417715,slurm_normal,1508684633.0,0,733263667.0,fastqsanger,,1.0,main_w4_handler0,3295452,17167363,False,,11227102,slurm,,132112168.0,corral-repl,,"""d4fc7332b73811e78824005056ba2773""","""false""","""/cvmfs/data.galaxyproject.org/managed/len/ucsc/?.len""","""?""","""false""",0,"[{'src': 'hda', 'id': 31797387}]",,"[{'src': 'hda', 'id': 31797486}]",individual,"""0.5""","""400""","""20""",32.0,,,,,733263667.0,fastqsanger,,,1508684600.0,ok,1023996.0,toolshed.g2.bx.psu.edu/repos/iuc/flash/flash/1.2.11.1,1.2.11.1,,2017-10-22 15:03:55.644686,105745.0,33.0
2017-10-22 14:52:30.802620,slurm_normal,1508684045.0,0,492619133.0,fastqsanger,,1.0,main_w4_handler1,3295451,17167351,False,,11226976,slurm,,132112168.0,corral-repl,,"""9e9199c6b73811e7ba62005056ba2773""","""false""","""/cvmfs/data.galaxyproject.org/managed/len/ucsc/?.len""","""?""","""false""",0,"[{'src': 'hda', 'id': 31797344}]",,"[{'src': 'hda', 'id': 31797344}]",individual,"""0.5""","""400""","""20""",32.0,,,,,492619133.0,fastqsanger,,,1508684023.0,ok,1023996.0,toolshed.g2.bx.psu.edu/repos/iuc/flash/flash/1.2.11.1,1.2.11.1,,2017-10-22 14:54:09.273492,105745.0,22.0
2017-10-22 14:43:10.288500,slurm_normal,1508683435.0,0,603159418.0,fastqsanger,,1.0,main_w4_handler1,3295432,17167234,False,,11226910,slurm,,132112168.0,corral-repl,,"""4e6be01ab73711e79215005056ba2773""","""false""","""/cvmfs/data.galaxyproject.org/managed/len/ucsc/?.len""","""?""","""false""",0,"[{'src': 'hda', 'id': 31796691}]",,"[{'src': 'hda', 'id': 31796800}]",individual,"""0.5""","""400""","""20""",32.0,,,,,603159418.0,fastqsanger,,,1508683401.0,ok,1023996.0,toolshed.g2.bx.psu.edu/repos/iuc/flash/flash/1.2.11.1,1.2.11.1,,2017-10-22 14:43:58.523729,105745.0,34.0
2017-10-22 14:44:53.766191,slurm_normal,1508683529.0,0,439236436.0,fastqsanger,,1.0,main_w4_handler0,3295435,17167267,False,,11226927,slurm,,132112168.0,corral-repl,,"""8b9f6fbab73711e7807d005056ba2773""","""false""","""/cvmfs/data.galaxyproject.org/managed/len/ucsc/?.len""","""?""","""false""",0,"[{'src': 'hda', 'id': 31796874}]",,"[{'src': 'hda', 'id': 31796888}]",individual,"""0.5""","""400""","""20""",32.0,,,,,439236436.0,fastqsanger,,,1508683507.0,ok,1023996.0,toolshed.g2.bx.psu.edu/repos/iuc/flash/flash/1.2.11.1,1.2.11.1,,2017-10-22 14:45:31.631487,105745.0,22.0
2017-10-22 14:44:09.620020,slurm_normal,1508683532.0,0,592188453.0,fastqsanger,,1.0,main_w4_handler1,3295434,17167254,False,,11226926,slurm,,132112168.0,corral-repl,,"""6fd5b92eb73711e78745005056ba2773""","""false""","""/cvmfs/data.galaxyproject.org/managed/len/ucsc/?.len""","""?""","""false""",0,"[{'src': 'hda', 'id': 31796822}]",,"[{'src': 'hda', 'id': 31796847}]",individual,"""0.5""","""400""","""20""",32.0,,,,,592188453.0,fastqsanger,,,1508683503.0,ok,1023996.0,toolshed.g2.bx.psu.edu/repos/iuc/flash/flash/1.2.11.1,1.2.11.1,,2017-10-22 14:45:36.214820,105745.0,29.0
2017-10-22 14:45:34.690658,slurm_normal,1508683563.0,0,377038086.0,fastqsanger,,1.0,main_w3_handler0,3295438,17167278,False,,11226933,slurm,,132112168.0,corral-repl,,"""a5ef5420b73711e78444005056ba2773""","""false""","""/cvmfs/data.galaxyproject.org/managed/len/ucsc/?.len""","""?""","""false""",0,"[{'src': 'hda', 'id': 31796927}]",,"[{'src': 'hda', 'id': 31796927}]",individual,"""0.5""","""400""","""20""",32.0,,,,,377038086.0,fastqsanger,,,1508683545.0,ok,1023996.0,toolshed.g2.bx.psu.edu/repos/iuc/flash/flash/1.2.11.1,1.2.11.1,,2017-10-22 14:46:09.298783,105745.0,18.0
2017-10-22 14:51:27.411673,slurm_normal,1508684031.0,0,186927152.0,fastqsanger,,1.0,main_w4_handler0,3295449,17167339,False,,11226975,slurm,,132112168.0,corral-repl,,"""7676fe18b73811e79679005056ba2773""","""false""","""/cvmfs/data.galaxyproject.org/managed/len/ucsc/?.len""","""?""","""false""",0,"[{'src': 'hda', 'id': 31797316}]",,"[{'src': 'hda', 'id': 31797321}]",individual,"""0.5""","""400""","""20""",32.0,,,,,186927152.0,fastqsanger,,,1508684020.0,ok,1023996.0,toolshed.g2.bx.psu.edu/repos/iuc/flash/flash/1.2.11.1,1.2.11.1,,2017-10-22 14:53:54.329550,105745.0,11.0
2017-10-22 14:46:16.195829,slurm_normal,1508684083.0,0,502511720.0,fastqsanger,,1.0,main_w3_handler1,3295439,17167290,False,,11226980,slurm,,132112168.0,corral-repl,,"""bce46a58b73711e7b705005056ba2773""","""false""","""/cvmfs/data.galaxyproject.org/managed/len/ucsc/?.len""","""?""","""false""",0,"[{'src': 'hda', 'id': 31797031}]",,"[{'src': 'hda', 'id': 31797133}]",individual,"""0.5""","""400""","""20""",32.0,,,,,502511720.0,fastqsanger,,,1508684059.0,ok,1023996.0,toolshed.g2.bx.psu.edu/repos/iuc/flash/flash/1.2.11.1,1.2.11.1,,2017-10-22 14:54:49.245764,105745.0,24.0
2017-10-22 14:50:33.709887,slurm_normal,1508684241.0,0,444326748.0,fastqsanger,,1.0,main_w3_handler0,3295447,17167325,False,,11226991,slurm,,132112168.0,corral-repl,,"""58b6f6b2b73811e79b33005056ba2773""","""false""","""/cvmfs/data.galaxyproject.org/managed/len/ucsc/?.len""","""?""","""false""",0,"[{'src': 'hda', 'id': 31797295}]",,"[{'src': 'hda', 'id': 31797308}]",individual,"""0.5""","""400""","""20""",32.0,,,,,444326748.0,fastqsanger,,,1508684219.0,ok,1023996.0,toolshed.g2.bx.psu.edu/repos/iuc/flash/flash/1.2.11.1,1.2.11.1,,2017-10-22 14:57:26.813672,105745.0,22.0
2017-10-22 14:56:05.062928,slurm_normal,1508684938.0,0,560559227.0,fastqsanger,,1.0,main_w4_handler0,3295455,17167375,False,,11227164,slurm,,132112168.0,corral-repl,,"""1ba5115eb73911e7b5b7005056ba55fb""","""false""","""/cvmfs/data.galaxyproject.org/managed/len/ucsc/?.len""","""?""","""false""",0,"[{'src': 'hda', 'id': 31797514}]",,"[{'src': 'hda', 'id': 31797553}]",individual,"""0.5""","""400""","""20""",32.0,,,,,560559227.0,fastqsanger,,,1508684911.0,ok,1023996.0,toolshed.g2.bx.psu.edu/repos/iuc/flash/flash/1.2.11.1,1.2.11.1,,2017-10-22 15:09:01.054310,105745.0,27.0
2017-10-22 15:00:34.957431,slurm_normal,1508684652.0,0,90460587.0,fastqsanger,,1.0,main_w4_handler1,3295458,17167501,False,,11227124,slurm,,132112168.0,corral-repl,,"""bfa9ed4cb73911e7b5b7005056ba55fb""","""false""","""/cvmfs/data.galaxyproject.org/managed/len/ucsc/?.len""","""?""","""false""",0,"[{'src': 'hda', 'id': 31797739}]",,"[{'src': 'hda', 'id': 31797744}]",individual,"""0.5""","""400""","""20""",32.0,,,,,90460587.0,fastqsanger,,,1508684644.0,ok,1023996.0,toolshed.g2.bx.psu.edu/repos/iuc/flash/flash/1.2.11.1,1.2.11.1,,2017-10-22 15:04:18.066486,105745.0,8.0
2017-10-22 15:10:03.610641,slurm_normal,1508685228.0,0,471514365.0,fastqsanger,,1.0,main_w4_handler0,3295465,17167645,False,,11227270,slurm,,132112168.0,corral-repl,,"""0e8c53b8b73b11e7a67e005056ba55fb""","""false""","""/cvmfs/data.galaxyproject.org/managed/len/ucsc/?.len""","""?""","""false""",0,"[{'src': 'hda', 'id': 31635055}]",,"[{'src': 'hda', 'id': 31635173}]",individual,"""0.5""","""400""","""20""",32.0,,,,,471514365.0,fastqsanger,,,1508685205.0,ok,1023996.0,toolshed.g2.bx.psu.edu/repos/iuc/flash/flash/1.2.11.1,1.2.11.1,,2017-10-22 15:13:52.327516,105745.0,23.0
2017-10-22 15:08:26.658724,slurm_normal,1508685021.0,0,123354578.0,fastqsanger,,1.0,main_w3_handler1,3295464,17167560,False,,11227208,slurm,,132112168.0,corral-repl,,"""d6cad17ab73a11e78848005056ba55fb""","""false""","""/cvmfs/data.galaxyproject.org/managed/len/ucsc/?.len""","""?""","""false""",0,"[{'src': 'hda', 'id': 31634986}]",,"[{'src': 'hda', 'id': 31635006}]",individual,"""0.5""","""400""","""20""",32.0,,,,,123354578.0,fastqsanger,,,1508685012.0,ok,1023996.0,toolshed.g2.bx.psu.edu/repos/iuc/flash/flash/1.2.11.1,1.2.11.1,,2017-10-22 15:10:30.808278,105745.0,9.0
2017-10-22 14:58:09.411923,slurm_normal,1508685750.0,0,567815887.0,fastqsanger,,1.0,main_w3_handler0,3295456,17167390,False,,11227411,slurm,,132112168.0,corral-repl,,"""651db44eb73911e78336005056ba55fb""","""false""","""/cvmfs/data.galaxyproject.org/managed/len/ucsc/?.len""","""?""","""false""",0,"[{'src': 'hda', 'id': 31797673}]",,"[{'src': 'hda', 'id': 31797735}]",individual,"""0.5""","""400""","""20""",32.0,,,,,567815887.0,fastqsanger,,,1508685722.0,ok,1023996.0,toolshed.g2.bx.psu.edu/repos/iuc/flash/flash/1.2.11.1,1.2.11.1,,2017-10-22 15:22:36.719820,105745.0,28.0
2017-10-22 14:48:34.432971,slurm_normal,1508685734.0,0,325896922.0,fastqsanger,,1.0,main_w3_handler1,3295441,17167304,False,,11227408,slurm,,132112168.0,corral-repl,,"""0e3d16e8b73811e79a49005056ba2773""","""false""","""/cvmfs/data.galaxyproject.org/managed/len/ucsc/?.len""","""?""","""false""",0,"[{'src': 'hda', 'id': 31797159}]",,"[{'src': 'hda', 'id': 31797172}]",individual,"""0.5""","""400""","""20""",32.0,,,,,325896922.0,fastqsanger,,,1508685717.0,ok,1023996.0,toolshed.g2.bx.psu.edu/repos/iuc/flash/flash/1.2.11.1,1.2.11.1,,2017-10-22 15:22:25.691439,105745.0,17.0
2017-10-22 14:49:32.380940,slurm_normal,1508686139.0,0,502736616.0,fastqsanger,,1.0,main_w3_handler1,3295446,17167315,False,,11227469,slurm,,132112168.0,corral-repl,,"""329f68e2b73811e7ba62005056ba2773""","""false""","""/cvmfs/data.galaxyproject.org/managed/len/ucsc/?.len""","""?""","""false""",0,"[{'src': 'hda', 'id': 31797273}]",,"[{'src': 'hda', 'id': 31797285}]",individual,"""0.5""","""400""","""20""",32.0,,,,,502736616.0,fastqsanger,,,1508686112.0,ok,1023996.0,toolshed.g2.bx.psu.edu/repos/iuc/flash/flash/1.2.11.1,1.2.11.1,,2017-10-22 15:29:04.684803,105745.0,27.0
2017-10-22 15:02:35.357593,slurm_normal,1508686946.0,0,336634279.0,fastqsanger,,1.0,main_w4_handler1,3295461,17167514,False,,11227655,slurm,,132112168.0,corral-repl,,"""0823a36ab73a11e7948f005056ba55fb""","""false""","""/cvmfs/data.galaxyproject.org/managed/len/ucsc/?.len""","""?""","""false""",0,"[{'src': 'hda', 'id': 31797759}]",,"[{'src': 'hda', 'id': 31797791}]",individual,"""0.5""","""400""","""20""",32.0,,,,,336634279.0,fastqsanger,,,1508686925.0,ok,1023996.0,toolshed.g2.bx.psu.edu/repos/iuc/flash/flash/1.2.11.1,1.2.11.1,,2017-10-22 15:42:33.395053,105745.0,21.0
2018-02-15 15:19:22.611503,slurm_normal,1518707995.0,0,137847485.0,fastqsanger,7680.0,1.0,main_w4_handler1,3430456,18397884,False,,12483324,slurm,,132112168.0,corral-repl,,"""970b527e126311e89cf8005056ba2773""","""false""","""/cvmfs/data.galaxyproject.org/managed/len/ucsc/?.len""","""?""","""false""",0,"[{'src': 'hda', 'id': 33877735}]",,"[{'src': 'hda', 'id': 33877738}]",individual,"""0.1""","""400""","""20""",32.0,,,,,137847485.0,fastqsanger,,,1518707982.0,ok,1023996.0,toolshed.g2.bx.psu.edu/repos/iuc/flash/flash/1.2.11.1,1.2.11.1,,2018-02-15 15:19:58.580971,105745.0,13.0
