bed_infile,bed_infile_filetype,create_time,destination_id,end_epoch,exit_code,galaxy_slots,handler,history_id,id,imported,infile,infile_filetype,info,job_runner_external_id,job_runner_name,library_folder_id,memtotal,object_store_id,param_filename,parameters.bed_infile,parameters.bed_infile.values,parameters.chromInfo,parameters.cutoff,parameters.dbkey,parameters.infile,parameters.infile.values,parameters.winsize,processor_count,runner_name,session_id,start_epoch,state,swaptotal,tool_id,tool_version,traceback,update_time,user_id,runtime
30669,bed,2016-06-18 16:17:17.865884,slurm_normal,1466266829.0,0,1.0,main_w1_handler0,1104862,13199781,False,1192353875,bam,,7384383.roundup,slurm,,132112168.0,corral-repl,,,"[{'src': 'hda', 'id': 'bbd44e69cb8906b5efb2fbdd1245a3a2'}]","""/galaxy-repl/localdata/chrom/hg19.len""","""5.0""","""hg19""",,"[{'src': 'hda', 'id': 'bbd44e69cb8906b54e5cdd7c7c760611'}]","""200""",32.0,,30757500,1466266666.0,ok,1023996.0,toolshed.g2.bx.psu.edu/repos/iuc/macs2/macs2_refinepeak/2.1.0.20151222.0,2.1.0.20151222.0,,2016-06-18 16:20:30.551950,25699.0,163.0
558575,bed,2016-06-29 13:46:38.068459,slurm_normal,1467208651.0,0,1.0,main_w1_handler0,2211498,13287433,False,3113333367,bam,,7482777.roundup,slurm,,132112168.0,corral-repl,,,"[{'src': 'hda', 'id': 'bbd44e69cb8906b52e17cefc6b04373c'}]","""/galaxy-repl/localdata/chrom/mm9.len""","""5.0""","""mm9""",,"[{'src': 'hda', 'id': 'bbd44e69cb8906b55637d4d3e5d9d0c6'}]","""145""",32.0,,30743989,1467208090.0,ok,1023996.0,toolshed.g2.bx.psu.edu/repos/iuc/macs2/macs2_refinepeak/2.1.0.20151222.0,2.1.0.20151222.0,,2016-06-29 13:59:11.584437,34556.0,561.0
10216405,bed,2016-03-07 13:54:40.529035,slurm_normal,1457359830.0,0,1.0,main_w1_handler0,2617088,12052068,False,1684338247,bam,,6278230.roundup,slurm,,132112168.0,corral-repl,,23705741,,"""/galaxy-repl/localdata/chrom/hg19.len""","""5.0""","""hg19""",23705608,,"""200""",32.0,,28719198,1457358902.0,ok,1023996.0,toolshed.g2.bx.psu.edu/repos/iuc/macs2/macs2_refinepeak/2.1.0.20151222.0,2.1.0.20151222.0,,2016-03-07 14:10:35.435989,19259.0,928.0
47778,bed,2016-05-15 15:31:11.072081,slurm_normal,1463326496.0,0,1.0,main_w1_handler0,2706623,12902711,False,1215736285,bam,,7097947.roundup,slurm,,132112168.0,corral-repl,,,"[{'src': 'hda', 'id': 'bbd44e69cb8906b5cf1c8c450d3384dc'}]","""/galaxy-repl/localdata/chrom/hg19.len""","""5.0""","""hg19""",,"[{'src': 'hda', 'id': 'bbd44e69cb8906b5a15559539218a71e'}]","""200""",32.0,,29445865,1463326307.0,ok,1023996.0,toolshed.g2.bx.psu.edu/repos/iuc/macs2/macs2_refinepeak/2.1.0.20151222.0,2.1.0.20151222.0,,2016-05-15 15:34:57.632508,81993.0,189.0
45829,bed,2016-05-15 15:31:27.066387,slurm_normal,1463326526.0,0,1.0,main_w2_handler1,2706623,12902712,False,1233788200,bam,,7097948.roundup,slurm,,132112168.0,corral-repl,,,"[{'src': 'hda', 'id': 'bbd44e69cb8906b5dea18b65e8fa7a39'}]","""/galaxy-repl/localdata/chrom/hg19.len""","""5.0""","""hg19""",,"[{'src': 'hda', 'id': 'bbd44e69cb8906b559130886094d1728'}]","""200""",32.0,,29445865,1463326323.0,ok,1023996.0,toolshed.g2.bx.psu.edu/repos/iuc/macs2/macs2_refinepeak/2.1.0.20151222.0,2.1.0.20151222.0,,2016-05-15 15:35:29.409976,81993.0,203.0
112121,bed,2016-05-15 15:31:47.020568,slurm_normal,1463326422.0,0,1.0,main_w1_handler0,2706623,12902713,False,512010195,bam,,7097949.roundup,slurm,,132112168.0,corral-repl,,,"[{'src': 'hda', 'id': 'bbd44e69cb8906b56318067cd13349b0'}]","""/galaxy-repl/localdata/chrom/hg19.len""","""5.0""","""hg19""",,"[{'src': 'hda', 'id': 'bbd44e69cb8906b5dccb8b2e8188010e'}]","""200""",32.0,,29445865,1463326331.0,ok,1023996.0,toolshed.g2.bx.psu.edu/repos/iuc/macs2/macs2_refinepeak/2.1.0.20151222.0,2.1.0.20151222.0,,2016-05-15 15:33:46.696575,81993.0,91.0
32507,bed,2016-05-15 15:37:17.945881,slurm_normal,1463326877.0,0,1.0,main_w1_handler0,2706623,12902751,False,1410118592,bam,,7097972.roundup,slurm,,132112168.0,corral-repl,,,"[{'src': 'hda', 'id': 'bbd44e69cb8906b596790f8e6d4e971f'}]","""/galaxy-repl/localdata/chrom/hg19.len""","""5.0""","""hg19""",,"[{'src': 'hda', 'id': 'bbd44e69cb8906b512832495399eb9ba'}]","""200""",32.0,,29445865,1463326670.0,ok,1023996.0,toolshed.g2.bx.psu.edu/repos/iuc/macs2/macs2_refinepeak/2.1.0.20151222.0,2.1.0.20151222.0,,2016-05-15 15:41:20.217496,81993.0,207.0
20612559,bed,2016-04-19 14:08:05.174734,slurm_normal,1461075405.0,0,1.0,main_w1_handler2,2456123,12523405,False,413166075,bam,,6710157.roundup,slurm,,132112168.0,corral-repl,,,"[{'src': 'hda', 'id': 'bbd44e69cb8906b5ef5d34a89d04c22e'}]","""/galaxy-repl/localdata/chrom/hg19.len""","""5.0""","""hg19""",,"[{'src': 'hda', 'id': 'bbd44e69cb8906b5ce7cefdfdd1b6f03'}]","""200""",32.0,,29678997,1461074939.0,ok,1023996.0,toolshed.g2.bx.psu.edu/repos/iuc/macs2/macs2_refinepeak/2.1.0.20151222.0,2.1.0.20151222.0,,2016-04-19 14:16:48.134388,32309.0,466.0
20612559,bed,2016-04-19 14:08:06.339919,slurm_normal,1461075538.0,0,1.0,main_w2_handler1,2456123,12523407,False,574034875,bam,,6710160.roundup,slurm,,132112168.0,corral-repl,,,"[{'src': 'hda', 'id': 'bbd44e69cb8906b5ef5d34a89d04c22e'}]","""/galaxy-repl/localdata/chrom/hg19.len""","""5.0""","""hg19""",,"[{'src': 'hda', 'id': 'bbd44e69cb8906b535cc736a5d119329'}]","""200""",32.0,,29678997,1461074939.0,ok,1023996.0,toolshed.g2.bx.psu.edu/repos/iuc/macs2/macs2_refinepeak/2.1.0.20151222.0,2.1.0.20151222.0,,2016-04-19 14:19:03.685803,32309.0,599.0
3473755,bed,2016-04-20 09:04:40.751036,slurm_normal,1461148377.0,0,1.0,main_w2_handler0,2675765,12533133,False,1047534851,bam,,6721403.roundup,slurm,,132112168.0,corral-repl,,,"[{'src': 'hda', 'id': 'bbd44e69cb8906b5cd7aae5032360ca6'}]","""/galaxy-repl/localdata/chrom/hg19.len""","""5.0""","""hg19""",,"[{'src': 'hda', 'id': 'bbd44e69cb8906b5ee751bad7929dcbc'}]","""200""",32.0,,29638907,1461148010.0,ok,1023996.0,toolshed.g2.bx.psu.edu/repos/iuc/macs2/macs2_refinepeak/2.1.0.20151222.0,2.1.0.20151222.0,,2016-04-20 10:33:02.350900,42102.0,367.0
1054110,bed,2016-04-20 00:31:53.112723,slurm_normal,1461113751.0,0,1.0,main_w1_handler2,2674501,12530347,False,1287306874,bed,,6717716.roundup,slurm,,132112168.0,corral-repl,,,"[{'src': 'hda', 'id': 'bbd44e69cb8906b53939d9cdd4102062'}]","""/galaxy-repl/localdata/chrom/?.len""","""5.0""","""?""",,"[{'src': 'hda', 'id': 'bbd44e69cb8906b5ea39803bb57fa3f3'}]","""200""",32.0,,29173559,1461113460.0,ok,1023996.0,toolshed.g2.bx.psu.edu/repos/iuc/macs2/macs2_refinepeak/2.1.0.20151222.0,2.1.0.20151222.0,,2016-04-20 00:55:54.133497,81324.0,291.0
3488215,bed,2016-09-23 15:37:35.146172,slurm_normal,1474652499.0,0,1.0,main_w3_handler0,2807142,13926424,False,2793608918,bed,,8149448.roundup,slurm,,132112168.0,corral-repl,,,"[{'src': 'hda', 'id': 'bbd44e69cb8906b5afa400a92f4229dc'}]","""/galaxy-repl/localdata/chrom/hg19.len""","""5.0""","""hg19""",,"[{'src': 'hda', 'id': 'bbd44e69cb8906b5448029af9a5cd416'}]","""50""",32.0,,32691252,1474651221.0,ok,1023996.0,toolshed.g2.bx.psu.edu/repos/iuc/macs2/macs2_refinepeak/2.1.0.20151222.0,2.1.0.20151222.0,,2016-09-23 17:41:44.313043,62135.0,1278.0
2209651,bed,2016-09-23 15:38:01.008647,slurm_normal,1474655167.0,0,1.0,main_w4_handler0,2807142,13926427,False,2612070617,bed,,8149692.roundup,slurm,,132112168.0,corral-repl,,,"[{'src': 'hda', 'id': 'bbd44e69cb8906b5fa95844f74f461e3'}]","""/galaxy-repl/localdata/chrom/hg19.len""","""5.0""","""hg19""",,"[{'src': 'hda', 'id': 'bbd44e69cb8906b5822569b789e61ee1'}]","""50""",32.0,,32691252,1474653507.0,ok,1023996.0,toolshed.g2.bx.psu.edu/repos/iuc/macs2/macs2_refinepeak/2.1.0.20151222.0,2.1.0.20151222.0,,2016-09-23 18:26:13.051164,62135.0,1660.0
2093063,bed,2016-09-24 08:10:10.632240,slurm_normal,1474706232.0,0,1.0,main_w3_handler0,2807142,13930667,False,2088919476,bam,,8153122.roundup,slurm,,132112168.0,corral-repl,,,"[{'src': 'hda', 'id': 'bbd44e69cb8906b57b277477bc7ba080'}]","""/galaxy-repl/localdata/chrom/hg19.len""","""5.0""","""hg19""",,"[{'src': 'hda', 'id': 'bbd44e69cb8906b550e77c3b60355ab7'}]","""200""",32.0,,33035132,1474704765.0,ok,1023996.0,toolshed.g2.bx.psu.edu/repos/iuc/macs2/macs2_refinepeak/2.1.0.20151222.0,2.1.0.20151222.0,,2016-09-24 08:37:14.545539,62135.0,1467.0
2666365,bed,2016-09-24 09:20:43.004148,slurm_normal,1474710185.0,0,1.0,main_w4_handler0,2807142,13930930,False,2088919476,bam,,8153364.roundup,slurm,,132112168.0,corral-repl,,,"[{'src': 'hda', 'id': 'bbd44e69cb8906b52a82e25e3092241b'}]","""/galaxy-repl/localdata/chrom/hg19.len""","""5.0""","""hg19""",,"[{'src': 'hda', 'id': 'bbd44e69cb8906b550e77c3b60355ab7'}]","""200""",32.0,,33035132,1474708902.0,ok,1023996.0,toolshed.g2.bx.psu.edu/repos/iuc/macs2/macs2_refinepeak/2.1.0.20151222.0,2.1.0.20151222.0,,2016-09-24 09:43:07.973775,62135.0,1283.0
3488215,bed,2016-09-25 07:22:17.054524,slurm_normal,1474789075.0,0,1.0,main_w4_handler0,2807142,13935074,False,2088919476,bam,,8157623.roundup,slurm,,132112168.0,corral-repl,,,"[{'src': 'hda', 'id': 'bbd44e69cb8906b5afa400a92f4229dc'}]","""/galaxy-repl/localdata/chrom/hg19.len""","""5.0""","""hg19""",,"[{'src': 'hda', 'id': 'bbd44e69cb8906b550e77c3b60355ab7'}]","""200""",32.0,,33035132,1474788255.0,ok,1023996.0,toolshed.g2.bx.psu.edu/repos/iuc/macs2/macs2_refinepeak/2.1.0.20151222.0,2.1.0.20151222.0,,2016-09-25 07:37:56.496564,62135.0,820.0
3488215,bed,2016-09-25 08:11:41.444084,slurm_normal,1474791964.0,0,1.0,main_w4_handler1,2807142,13935165,False,2088919476,bam,,8157707.roundup,slurm,,132112168.0,corral-repl,,,"[{'src': 'hda', 'id': 'bbd44e69cb8906b5afa400a92f4229dc'}]","""/galaxy-repl/localdata/chrom/hg19.len""","""5.0""","""hg19""",,"[{'src': 'hda', 'id': 'bbd44e69cb8906b550e77c3b60355ab7'}]","""50""",32.0,,33035132,1474791179.0,ok,1023996.0,toolshed.g2.bx.psu.edu/repos/iuc/macs2/macs2_refinepeak/2.1.0.20151222.0,2.1.0.20151222.0,,2016-09-25 08:26:05.714972,62135.0,785.0
3891975,bed,2016-09-24 09:20:26.027418,slurm_normal,1474710565.0,0,1.0,main_w3_handler0,2807142,13930929,False,1895909441,bam,,8153361.roundup,slurm,,132112168.0,corral-repl,,,"[{'src': 'hda', 'id': 'bbd44e69cb8906b5e40d5ee6345a71e2'}]","""/galaxy-repl/localdata/chrom/hg19.len""","""5.0""","""hg19""",,"[{'src': 'hda', 'id': 'bbd44e69cb8906b5be21e19722308ac3'}]","""200""",32.0,,33035132,1474708889.0,ok,1023996.0,toolshed.g2.bx.psu.edu/repos/iuc/macs2/macs2_refinepeak/2.1.0.20151222.0,2.1.0.20151222.0,,2016-09-24 09:49:29.264194,62135.0,1676.0
3488215,bed,2016-09-24 12:27:11.365225,slurm_normal,1474720887.0,0,1.0,main_w4_handler1,2807142,13931545,False,2088919476,bam,,8154024.roundup,slurm,,132112168.0,corral-repl,,,"[{'src': 'hda', 'id': 'bbd44e69cb8906b5afa400a92f4229dc'}]","""/galaxy-repl/localdata/chrom/hg19.len""","""5.0""","""hg19""",,"[{'src': 'hda', 'id': 'bbd44e69cb8906b550e77c3b60355ab7'}]","""50""",32.0,,33035132,1474720102.0,ok,1023996.0,toolshed.g2.bx.psu.edu/repos/iuc/macs2/macs2_refinepeak/2.1.0.20151222.0,2.1.0.20151222.0,,2016-09-24 12:41:29.156006,62135.0,785.0
3488215,bed,2016-09-24 12:26:42.801462,slurm_normal,1474720931.0,0,1.0,main_w4_handler1,2807142,13931542,False,2088919476,bam,,8154021.roundup,slurm,,132112168.0,corral-repl,,,"[{'src': 'hda', 'id': 'bbd44e69cb8906b5afa400a92f4229dc'}]","""/galaxy-repl/localdata/chrom/hg19.len""","""5.0""","""hg19""",,"[{'src': 'hda', 'id': 'bbd44e69cb8906b550e77c3b60355ab7'}]","""200""",32.0,,33035132,1474720066.0,ok,1023996.0,toolshed.g2.bx.psu.edu/repos/iuc/macs2/macs2_refinepeak/2.1.0.20151222.0,2.1.0.20151222.0,,2016-09-24 12:42:13.364504,62135.0,865.0
40268,bed,2016-06-14 17:53:15.045256,slurm_normal,1465926938.0,0,1.0,main_w2_handler0,1104862,13161979,False,532941923,bam,,7346018.roundup,slurm,,132112168.0,corral-repl,,,"[{'src': 'hda', 'id': 'bbd44e69cb8906b5a3e3fc8536942225'}]","""/galaxy-repl/localdata/chrom/?.len""","""5.0""","""?""",,"[{'src': 'hda', 'id': 'bbd44e69cb8906b54f92af23521f5181'}]","""200""",32.0,,30757500,1465926824.0,ok,1023996.0,toolshed.g2.bx.psu.edu/repos/iuc/macs2/macs2_refinepeak/2.1.0.20151222.0,2.1.0.20151222.0,,2016-06-14 17:55:40.946618,25699.0,114.0
178610,bed,2016-06-16 16:56:26.265261,slurm_normal,1466096343.0,0,1.0,main_w2_handler1,1104862,13185939,False,532941923,bam,,7370483.roundup,slurm,,132112168.0,corral-repl,,,"[{'src': 'hda', 'id': 'bbd44e69cb8906b5f23be7ead06b3553'}]","""/galaxy-repl/localdata/chrom/?.len""","""5.0""","""?""",,"[{'src': 'hda', 'id': 'bbd44e69cb8906b54f92af23521f5181'}]","""100""",32.0,,30757500,1466096201.0,ok,1023996.0,toolshed.g2.bx.psu.edu/repos/iuc/macs2/macs2_refinepeak/2.1.0.20151222.0,2.1.0.20151222.0,,2016-06-16 16:59:05.030207,25699.0,142.0
178610,bed,2016-06-16 16:50:50.628982,slurm_normal,1466096035.0,0,1.0,main_w1_handler1,1104862,13185825,False,532941923,bam,,7370335.roundup,slurm,,132112168.0,corral-repl,,,"[{'src': 'hda', 'id': 'bbd44e69cb8906b5f23be7ead06b3553'}]","""/galaxy-repl/localdata/chrom/?.len""","""5.0""","""?""",,"[{'src': 'hda', 'id': 'bbd44e69cb8906b54f92af23521f5181'}]","""200""",32.0,,30757500,1466095898.0,ok,1023996.0,toolshed.g2.bx.psu.edu/repos/iuc/macs2/macs2_refinepeak/2.1.0.20151222.0,2.1.0.20151222.0,,2016-06-16 16:53:58.563024,25699.0,137.0
496942,bed,2016-08-25 14:35:15.530073,slurm_normal,1472135955.0,0,1.0,main_w3_handler1,2794346,13718046,False,956929956,bam,,7935045.roundup,slurm,,132112168.0,corral-repl,,,"[{'src': 'hda', 'id': 'bbd44e69cb8906b5444fd2770f3400bf'}]","""/galaxy-repl/localdata/chrom/hg38.len""","""5.0""","""hg38""",,"[{'src': 'hda', 'id': 'bbd44e69cb8906b5bc4d1511b309e8ee'}]","""200""",32.0,,31656448,1472135731.0,ok,1023996.0,toolshed.g2.bx.psu.edu/repos/iuc/macs2/macs2_refinepeak/2.1.0.20151222.0,2.1.0.20151222.0,,2016-08-25 14:39:16.849726,83068.0,224.0
47244,bed,2016-08-30 23:33:03.335295,slurm_normal,1472606682.0,0,1.0,main_w3_handler0,2806470,13751639,False,62985613,bam,,7972382.roundup,slurm,,132112168.0,corral-repl,,,"[{'src': 'hda', 'id': 'bbd44e69cb8906b5e38a046e38b64115'}]","""/galaxy-repl/localdata/chrom/mm10.len""","""5.0""","""mm10""",,"[{'src': 'hda', 'id': 'bbd44e69cb8906b55383b0e3e99fc12c'}]","""200""",32.0,,32088976,1472600041.0,ok,1023996.0,toolshed.g2.bx.psu.edu/repos/iuc/macs2/macs2_refinepeak/2.1.0.20151222.0,2.1.0.20151222.0,,2016-08-31 01:24:43.570264,67966.0,6641.0
2199870,bed,2016-09-30 20:43:07.102634,slurm_normal,1475269433.0,0,1.0,main_w4_handler0,2807142,13985149,False,1796901341,bam,,8204677.roundup,slurm,,132112168.0,corral-repl,,,"[{'src': 'hda', 'id': 'bbd44e69cb8906b5d51916983a5fee07'}]","""/galaxy-repl/localdata/chrom/mm9.len""","""5.0""","""mm9""",,"[{'src': 'hda', 'id': 'bbd44e69cb8906b58044d06ad4f9208c'}]","""50""",32.0,,33035132,1475268238.0,ok,1023996.0,toolshed.g2.bx.psu.edu/repos/iuc/macs2/macs2_refinepeak/2.1.0.20151222.0,2.1.0.20151222.0,,2016-09-30 21:03:56.034770,62135.0,1195.0
2199870,bed,2016-09-30 20:42:48.365049,slurm_normal,1475270482.0,0,1.0,main_w4_handler1,2807142,13985146,False,1796901341,bam,,8204675.roundup,slurm,,132112168.0,corral-repl,,,"[{'src': 'hda', 'id': 'bbd44e69cb8906b5d51916983a5fee07'}]","""/galaxy-repl/localdata/chrom/mm9.len""","""5.0""","""mm9""",,"[{'src': 'hda', 'id': 'bbd44e69cb8906b58044d06ad4f9208c'}]","""200""",32.0,,33035132,1475268236.0,ok,1023996.0,toolshed.g2.bx.psu.edu/repos/iuc/macs2/macs2_refinepeak/2.1.0.20151222.0,2.1.0.20151222.0,,2016-09-30 21:21:31.951595,62135.0,2246.0
4280495,bed,2016-10-02 13:28:48.196914,slurm_normal,1475415369.0,0,1.0,main_w3_handler1,2835334,13990560,False,1558617492,bed,,8210018.roundup,slurm,,132112168.0,corral-repl,,,"[{'src': 'hda', 'id': 'bbd44e69cb8906b5ac3b76cd7ae03bf3'}]","""/galaxy-repl/localdata/chrom/danRer10.len""","""5.0""","""danRer10""",,"[{'src': 'hda', 'id': 'bbd44e69cb8906b5289691534c808035'}]","""200""",32.0,,33400245,1475415052.0,ok,1023996.0,toolshed.g2.bx.psu.edu/repos/iuc/macs2/macs2_refinepeak/2.1.0.20151222.0,2.1.0.20151222.0,,2016-10-02 13:36:10.842330,90250.0,317.0
2792277,bed,2017-01-11 18:44:05.385075,slurm_normal,1484160633.0,0,1.0,main_w3_handler0,2804823,14742554,False,1842951844,bam,,8907322.roundup,slurm,,132112168.0,corral-repl,,,"[{'src': 'hda', 'id': 26815121}]","""/galaxy-repl/localdata/chrom/hg19.len""","""5.0""","""hg19""",,"[{'src': 'hda', 'id': 26298322}]","""200""",32.0,,35324709,1484160250.0,ok,1023996.0,toolshed.g2.bx.psu.edu/repos/iuc/macs2/macs2_refinepeak/2.1.0.20151222.0,2.1.0.20151222.0,,2017-01-11 18:50:37.249785,89184.0,383.0
887808,bed,2016-10-03 13:40:31.665736,slurm_normal,1475503809.0,0,1.0,main_w4_handler1,2807142,13996245,False,1059575007,bam,,8215624.roundup,slurm,,132112168.0,corral-repl,,,"[{'src': 'hda', 'id': 'bbd44e69cb8906b5bb4f21c3cd9c6c5b'}]","""/galaxy-repl/localdata/chrom/mm9.len""","""5.0""","""mm9""",,"[{'src': 'hda', 'id': 'bbd44e69cb8906b5603373e0b84187eb'}]","""200""",32.0,,33035132,1475503140.0,ok,1023996.0,toolshed.g2.bx.psu.edu/repos/iuc/macs2/macs2_refinepeak/2.1.0.20151222.0,2.1.0.20151222.0,,2016-10-03 14:10:13.028081,62135.0,669.0
56009,bed,2017-01-11 21:40:06.077275,slurm_normal,1484171138.0,0,1.0,main_w3_handler0,2804823,14744115,False,1842951844,bam,,8908803.roundup,slurm,,132112168.0,corral-repl,,,"[{'src': 'hda', 'id': 27897511}]","""/galaxy-repl/localdata/chrom/hg19.len""","""5.0""","""hg19""",,"[{'src': 'hda', 'id': 26298322}]","""200""",32.0,,35331076,1484170835.0,ok,1023996.0,toolshed.g2.bx.psu.edu/repos/iuc/macs2/macs2_refinepeak/2.1.0.20151222.0,2.1.0.20151222.0,,2017-01-11 21:45:40.662119,89184.0,303.0
72100,bed,2017-01-11 21:43:51.923429,slurm_normal,1484171436.0,0,1.0,main_w3_handler1,2804823,14744136,False,1842951844,bam,,8908827.roundup,slurm,,132112168.0,corral-repl,,,"[{'src': 'hda', 'id': 27897426}]","""/galaxy-repl/localdata/chrom/hg19.len""","""5.0""","""hg19""",,"[{'src': 'hda', 'id': 26298322}]","""200""",32.0,,35331076,1484171037.0,ok,1023996.0,toolshed.g2.bx.psu.edu/repos/iuc/macs2/macs2_refinepeak/2.1.0.20151222.0,2.1.0.20151222.0,,2017-01-11 21:50:39.818561,89184.0,399.0
1705952,bed,2016-10-04 13:19:24.374814,slurm_normal,1475588408.0,0,1.0,main_w3_handler0,2837396,14004456,False,3234642789,bam,,8223175.roundup,slurm,,132112168.0,corral-repl,,,"[{'src': 'hda', 'id': 'bbd44e69cb8906b594612c0181c155a3'}]","""/galaxy-repl/localdata/chrom/hg19.len""","""5.0""","""hg19""",,"[{'src': 'hda', 'id': 'bbd44e69cb8906b5b6d65c36d4bd3b97'}]","""200""",32.0,,33121136,1475587323.0,ok,1023996.0,toolshed.g2.bx.psu.edu/repos/iuc/macs2/macs2_refinepeak/2.1.0.20151222.0,2.1.0.20151222.0,,2016-10-04 13:40:15.890065,16545.0,1085.0
683629,bed,2016-11-01 16:25:55.048552,slurm_normal,1478018341.0,0,1.0,main_w4_handler1,2837396,14225932,False,3266253959,bam,,8435974.roundup,slurm,,132112168.0,corral-repl,,,"[{'src': 'hda', 'id': 'bbd44e69cb8906b5649cf759bbb4c986'}]","""/galaxy-repl/localdata/chrom/hg19.len""","""5.0""","""hg19""",,"[{'src': 'hda', 'id': 'bbd44e69cb8906b52076f13236e84c97'}]","""200""",32.0,,33874643,1478017562.0,ok,1023996.0,toolshed.g2.bx.psu.edu/repos/iuc/macs2/macs2_refinepeak/2.1.0.20151222.0,2.1.0.20151222.0,,2016-11-01 16:39:04.323235,16545.0,779.0
151143,bed,2017-01-13 12:42:29.924215,slurm_normal,1484311485.0,0,1.0,main_w4_handler0,2952241,14758526,False,523612237,bam,,8922958.roundup,slurm,,132112168.0,corral-repl,,,"[{'src': 'hda', 'id': 27918925}]","""/galaxy-repl/localdata/chrom/hg19.len""","""5.0""","""hg19""",,"[{'src': 'hda', 'id': 27917698}]","""200""",32.0,,35345483,1484311360.0,ok,1023996.0,toolshed.g2.bx.psu.edu/repos/iuc/macs2/macs2_refinepeak/2.1.0.20151222.0,2.1.0.20151222.0,,2017-01-13 12:44:48.994609,88896.0,125.0
151143,bed,2017-01-13 12:45:41.188553,slurm_normal,1484311662.0,0,1.0,main_w4_handler1,2952241,14758546,False,523612237,bam,,8922980.roundup,slurm,,132112168.0,corral-repl,,,"[{'src': 'hda', 'id': 27918934}]","""/galaxy-repl/localdata/chrom/hg19.len""","""5.0""","""hg19""",,"[{'src': 'hda', 'id': 27917698}]","""200""",32.0,,35345483,1484311544.0,ok,1023996.0,toolshed.g2.bx.psu.edu/repos/iuc/macs2/macs2_refinepeak/2.1.0.20151222.0,2.1.0.20151222.0,,2017-01-13 12:47:45.365480,88896.0,118.0
151143,bed,2017-01-13 14:12:45.401887,slurm_normal,1484317032.0,0,1.0,main_w3_handler0,2804823,14759119,False,1842951844,bam,,8923539.roundup,slurm,,132112168.0,corral-repl,,,"[{'src': 'hda', 'id': 27919724}]","""/galaxy-repl/localdata/chrom/hg19.len""","""2.0""","""hg19""",,"[{'src': 'hda', 'id': 26298322}]","""200""",32.0,,35365559,1484316770.0,ok,1023996.0,toolshed.g2.bx.psu.edu/repos/iuc/macs2/macs2_refinepeak/2.1.0.20151222.0,2.1.0.20151222.0,,2017-01-13 14:17:14.565678,89184.0,262.0
361299210,bed,2016-11-10 09:11:05.845634,slurm_normal,1478790628.0,0,1.0,main_w3_handler0,2882205,14304046,False,361299210,bed,,8512108.roundup,slurm,,132112168.0,corral-repl,,,"[{'src': 'hda', 'id': 'bbd44e69cb8906b50dc9408ca32de97d'}]","""/galaxy-repl/localdata/chrom/hg19.len""","""5.0""","""hg19""",,"[{'src': 'hda', 'id': 'bbd44e69cb8906b50dc9408ca32de97d'}]","""200""",32.0,,34182873,1478769428.0,ok,1023996.0,toolshed.g2.bx.psu.edu/repos/iuc/macs2/macs2_refinepeak/2.1.0.20151222.0,2.1.0.20151222.0,,2016-11-10 15:10:34.691701,77685.0,21200.0
151143,bed,2017-01-13 14:27:26.859564,slurm_normal,1484318198.0,0,1.0,main_w3_handler0,2802843,14759237,False,4198683436,bam,,8923656.roundup,slurm,,132112168.0,corral-repl,,,"[{'src': 'hda', 'id': 27919923}]","""/galaxy-repl/localdata/chrom/hg19.len""","""3.0""","""hg19""",,"[{'src': 'hda', 'id': 26277882}]","""200""",32.0,,35365814,1484317650.0,ok,1023996.0,toolshed.g2.bx.psu.edu/repos/iuc/macs2/macs2_refinepeak/2.1.0.20151222.0,2.1.0.20151222.0,,2017-01-13 14:36:39.876106,89095.0,548.0
151143,bed,2017-01-13 14:50:22.252335,slurm_normal,1484319564.0,0,1.0,main_w4_handler0,2802843,14759408,False,4146010795,bam,,8923831.roundup,slurm,,132112168.0,corral-repl,,,"[{'src': 'hda', 'id': 27919923}]","""/galaxy-repl/localdata/chrom/hg19.len""","""3.0""","""hg19""",,"[{'src': 'hda', 'id': 26277883}]","""200""",32.0,,35365814,1484319025.0,ok,1023996.0,toolshed.g2.bx.psu.edu/repos/iuc/macs2/macs2_refinepeak/2.1.0.20151222.0,2.1.0.20151222.0,,2017-01-13 14:59:25.882070,89095.0,539.0
151143,bed,2017-01-13 15:14:35.239871,slurm_normal,1484320969.0,0,1.0,main_w4_handler0,2802843,14759623,False,3894318548,bam,,8924039.roundup,slurm,,132112168.0,corral-repl,,,"[{'src': 'hda', 'id': 27919923}]","""/galaxy-repl/localdata/chrom/hg19.len""","""5.0""","""hg19""",,"[{'src': 'hda', 'id': 26277884}]","""200""",32.0,,35365814,1484320483.0,ok,1023996.0,toolshed.g2.bx.psu.edu/repos/iuc/macs2/macs2_refinepeak/2.1.0.20151222.0,2.1.0.20151222.0,,2017-01-13 15:22:51.760444,89095.0,486.0
151143,bed,2017-01-13 15:14:34.562732,slurm_normal,1484320996.0,0,1.0,main_w3_handler1,2802843,14759621,False,4146010795,bam,,8924036.roundup,slurm,,132112168.0,corral-repl,,,"[{'src': 'hda', 'id': 27919923}]","""/galaxy-repl/localdata/chrom/hg19.len""","""5.0""","""hg19""",,"[{'src': 'hda', 'id': 26277883}]","""200""",32.0,,35365814,1484320480.0,ok,1023996.0,toolshed.g2.bx.psu.edu/repos/iuc/macs2/macs2_refinepeak/2.1.0.20151222.0,2.1.0.20151222.0,,2017-01-13 15:23:19.617212,89095.0,516.0
151143,bed,2017-01-13 15:14:34.088996,slurm_normal,1484321032.0,0,1.0,main_w3_handler1,2802843,14759619,False,4198683436,bam,,8924035.roundup,slurm,,132112168.0,corral-repl,,,"[{'src': 'hda', 'id': 27919923}]","""/galaxy-repl/localdata/chrom/hg19.len""","""5.0""","""hg19""",,"[{'src': 'hda', 'id': 26277882}]","""200""",32.0,,35365814,1484320479.0,ok,1023996.0,toolshed.g2.bx.psu.edu/repos/iuc/macs2/macs2_refinepeak/2.1.0.20151222.0,2.1.0.20151222.0,,2017-01-13 15:23:55.713668,89095.0,553.0
660306079,bed,2016-11-17 12:46:45.573284,slurm_normal,1479420250.0,0,1.0,main_w3_handler1,2875339,14366203,False,492215500,bed,,8572294.roundup,slurm,,132112168.0,corral-repl,,,"[{'src': 'hda', 'id': 'bbd44e69cb8906b5721559492a3bc7aa'}]","""/galaxy-repl/localdata/chrom/ce10.len""","""5.0""","""ce10""",,"[{'src': 'hda', 'id': 'bbd44e69cb8906b548b21c0e49ef3c8e'}]","""200""",32.0,,33999242,1479386809.0,ok,1023996.0,toolshed.g2.bx.psu.edu/repos/iuc/macs2/macs2_refinepeak/2.1.0.20151222.0,2.1.0.20151222.0,,2016-11-17 22:04:13.443345,41870.0,33441.0
2134708,bed,2017-01-24 03:18:17.713977,slurm_normal,1485228731.0,0,1.0,main_w3_handler1,2955340,14853784,False,4318968190,bam,,9013957.roundup,slurm,,132112168.0,corral-repl,,,"[{'src': 'hda', 'id': 27927956}]","""/galaxy-repl/localdata/chrom/mm10.len""","""15.0""","""mm10""",,"[{'src': 'hda', 'id': 27926559}]","""200""",32.0,,35421683,1485227900.0,ok,1023996.0,toolshed.g2.bx.psu.edu/repos/iuc/macs2/macs2_refinepeak/2.1.0.20151222.0,2.1.0.20151222.0,,2017-01-24 03:32:14.609861,73725.0,831.0
390859925,bed,2017-01-09 15:49:56.561370,slurm_normal,1483996087.0,0,1.0,main_w4_handler1,2947774,14717361,False,390859925,bed,,8886129.roundup,slurm,,132111800.0,corral-repl,,,"[{'src': 'hda', 'id': 27837535}]","""/galaxy-repl/localdata/chrom/hg19.len""","""5.0""","""hg19""",,"[{'src': 'hda', 'id': 27837535}]","""200""",32.0,,35216311,1483977006.0,ok,1023996.0,toolshed.g2.bx.psu.edu/repos/iuc/macs2/macs2_refinepeak/2.1.0.20151222.0,2.1.0.20151222.0,,2017-01-09 21:08:10.942769,,19081.0
1218,bed,2017-02-03 04:20:37.053472,slurm_normal,1486095902.0,0,1.0,main_w3_handler0,2978425,14939526,False,1792619276,sam,,9096314.roundup,slurm,,132112168.0,corral-repl,,,"[{'src': 'hda', 'id': 28191025}]","""/galaxy-repl/localdata/chrom/hg19.len""","""5.0""","""hg19""",,"[{'src': 'hda', 'id': 28189022}]","""200""",32.0,,35776414,1486095846.0,ok,1023996.0,toolshed.g2.bx.psu.edu/repos/iuc/macs2/macs2_refinepeak/2.1.0.20151222.0,2.1.0.20151222.0,,2017-02-03 04:25:04.545561,99276.0,56.0
963681,bed,2017-03-02 12:29:51.143313,slurm_normal,1488458421.0,0,1.0,main_w3_handler0,1639242,15188086,False,2128213317,bam,,9338942.roundup,slurm,,132112168.0,corral-repl,,,"[{'src': 'hda', 'id': 28577657}]","""/galaxy-repl/localdata/chrom/mm10.len""","""5.0""","""mm10""",,"[{'src': 'hda', 'id': 28577638}]","""200""",32.0,,36269636,1488457801.0,ok,1023996.0,toolshed.g2.bx.psu.edu/repos/iuc/macs2/macs2_refinepeak/2.1.0.20151222.0,2.1.0.20151222.0,,2017-03-02 12:40:23.372517,31997.0,620.0
12217,bed,2017-04-04 00:13:38.846145,reserved,1491264835.0,0,1.0,main_w3_handler0,3049269,15477558,False,17075971,bam,,9606392.roundup,slurm,,132112168.0,corral-repl,,,"[{'src': 'hda', 'id': 29054486}]","""/galaxy-repl/localdata/chrom/mm10.len""","""5.0""","""mm10""",,"[{'src': 'hda', 'id': 28969394}]","""200""",32.0,,36046187,1491264821.0,ok,1023996.0,toolshed.g2.bx.psu.edu/repos/iuc/macs2/macs2_refinepeak/2.1.0.20151222.0,2.1.0.20151222.0,,2017-04-04 00:13:57.336923,621.0,14.0
2027871,bed,2017-02-23 13:18:49.444563,slurm_normal,1487856080.0,0,1.0,main_w3_handler1,2957975,15118014,False,219611,bed,,9272286.roundup,slurm,,132112168.0,corral-repl,,,"[{'src': 'hda', 'id': 28478858}]","""/galaxy-repl/localdata/chrom/?.len""","""5.0""","""?""",,"[{'src': 'hda', 'id': 28478857}]","""200""",32.0,,35791876,1487855946.0,ok,1023996.0,toolshed.g2.bx.psu.edu/repos/iuc/macs2/macs2_refinepeak/2.1.0.20151222.0,2.1.0.20151222.0,,2017-02-23 13:21:21.987445,93822.0,134.0
963681,bed,2017-03-02 00:49:34.136442,slurm_normal,1488422466.0,0,1.0,main_w3_handler0,1639242,15183755,False,2128213317,bam,,9335121.roundup,slurm,,132112168.0,corral-repl,,,"[{'src': 'hda', 'id': 28577657}]","""/galaxy-repl/localdata/chrom/mm10.len""","""5.0""","""mm10""",,"[{'src': 'hda', 'id': 28577638}]","""200""",32.0,,36269636,1488422124.0,ok,1023996.0,toolshed.g2.bx.psu.edu/repos/iuc/macs2/macs2_refinepeak/2.1.0.20151222.0,2.1.0.20151222.0,,2017-03-02 02:41:08.468822,31997.0,342.0
963681,bed,2017-03-02 00:49:34.534830,slurm_normal,1488422496.0,0,1.0,main_w4_handler0,1639242,15183756,False,2427678389,bam,,9335120.roundup,slurm,,132112168.0,corral-repl,,,"[{'src': 'hda', 'id': 28577657}]","""/galaxy-repl/localdata/chrom/mm10.len""","""5.0""","""mm10""",,"[{'src': 'hda', 'id': 28577639}]","""200""",32.0,,36269636,1488422124.0,ok,1023996.0,toolshed.g2.bx.psu.edu/repos/iuc/macs2/macs2_refinepeak/2.1.0.20151222.0,2.1.0.20151222.0,,2017-03-02 02:41:37.810367,31997.0,372.0
963681,bed,2017-03-02 12:29:51.426231,slurm_normal,1488458210.0,0,1.0,main_w3_handler0,1639242,15188087,False,2427678389,bam,,9338944.roundup,slurm,,132112168.0,corral-repl,,,"[{'src': 'hda', 'id': 28577657}]","""/galaxy-repl/localdata/chrom/mm10.len""","""5.0""","""mm10""",,"[{'src': 'hda', 'id': 28577639}]","""200""",32.0,,36269636,1488457800.0,ok,1023996.0,toolshed.g2.bx.psu.edu/repos/iuc/macs2/macs2_refinepeak/2.1.0.20151222.0,2.1.0.20151222.0,,2017-03-02 12:36:54.448142,31997.0,410.0
325157476,bed,2017-03-02 13:09:24.417232,slurm_normal,1488469105.0,0,1.0,main_w3_handler0,3016517,15188431,False,325157476,bed,,9339337.roundup,slurm,,132112168.0,corral-repl,,,"[{'src': 'hda', 'id': 28586349}]","""/galaxy-repl/localdata/chrom/?.len""","""5.0""","""?""",,"[{'src': 'hda', 'id': 28586349}]","""200""",32.0,,36384414,1488460169.0,ok,1023996.0,toolshed.g2.bx.psu.edu/repos/iuc/macs2/macs2_refinepeak/2.1.0.20151222.0,2.1.0.20151222.0,,2017-03-02 15:38:29.266009,,8936.0
1496849,bed,2017-03-04 18:59:06.844432,slurm_normal,1488654018.0,0,1.0,main_w4_handler0,3004381,15208165,False,1496849,bed,,9357944.roundup,slurm,,132112168.0,corral-repl,,,"[{'src': 'hda', 'id': 28618166}]","""/galaxy-repl/localdata/chrom/?.len""","""5.0""","""?""",,"[{'src': 'hda', 'id': 28618166}]","""200""",32.0,,36202578,1488653964.0,ok,1023996.0,toolshed.g2.bx.psu.edu/repos/iuc/macs2/macs2_refinepeak/2.1.0.20151222.0,2.1.0.20151222.0,,2017-03-04 19:00:20.377517,,54.0
46222,bed,2017-03-15 21:05:43.625499,slurm_normal,1489612019.0,0,1.0,main_w4_handler1,3032991,15306928,False,35992279,bed,,9449065.roundup,slurm,,132112168.0,corral-repl,,,"[{'src': 'hda', 'id': 28773502}]","""/galaxy-repl/localdata/chrom/?.len""","""5.0""","""?""",,"[{'src': 'hda', 'id': 28773135}]","""200""",32.0,,36644923,1489612004.0,ok,1023996.0,toolshed.g2.bx.psu.edu/repos/iuc/macs2/macs2_refinepeak/2.1.0.20151222.0,2.1.0.20151222.0,,2017-03-15 21:07:01.249973,102131.0,15.0
46222,bed,2017-03-15 21:05:44.811505,slurm_normal,1489611968.0,0,1.0,main_w3_handler0,3032991,15306931,False,172495486,bed,,9449034.roundup,slurm,,132112168.0,corral-repl,,,"[{'src': 'hda', 'id': 28773502}]","""/galaxy-repl/localdata/chrom/?.len""","""5.0""","""?""",,"[{'src': 'hda', 'id': 28773137}]","""200""",32.0,,36644923,1489611948.0,ok,1023996.0,toolshed.g2.bx.psu.edu/repos/iuc/macs2/macs2_refinepeak/2.1.0.20151222.0,2.1.0.20151222.0,,2017-03-15 21:06:11.969245,102131.0,20.0
46222,bed,2017-03-15 21:05:45.750900,slurm_normal,1489611994.0,0,1.0,main_w3_handler0,3032991,15306932,False,137059792,bed,,9449035.roundup,slurm,,132112168.0,corral-repl,,,"[{'src': 'hda', 'id': 28773502}]","""/galaxy-repl/localdata/chrom/?.len""","""5.0""","""?""",,"[{'src': 'hda', 'id': 28773138}]","""200""",32.0,,36644923,1489611951.0,ok,1023996.0,toolshed.g2.bx.psu.edu/repos/iuc/macs2/macs2_refinepeak/2.1.0.20151222.0,2.1.0.20151222.0,,2017-03-15 21:06:37.358272,102131.0,43.0
46222,bed,2017-03-15 21:05:42.824565,slurm_normal,1489612000.0,0,1.0,main_w4_handler1,3032991,15306925,False,123065739,bed,,9449052.roundup,slurm,,132112168.0,corral-repl,,,"[{'src': 'hda', 'id': 28773502}]","""/galaxy-repl/localdata/chrom/?.len""","""5.0""","""?""",,"[{'src': 'hda', 'id': 28773133}]","""200""",32.0,,36644923,1489611988.0,ok,1023996.0,toolshed.g2.bx.psu.edu/repos/iuc/macs2/macs2_refinepeak/2.1.0.20151222.0,2.1.0.20151222.0,,2017-03-15 21:06:49.035940,102131.0,12.0
46222,bed,2017-03-15 21:05:43.288114,slurm_normal,1489612016.0,0,1.0,main_w4_handler0,3032991,15306926,False,79921595,bed,,9449060.roundup,slurm,,132112168.0,corral-repl,,,"[{'src': 'hda', 'id': 28773502}]","""/galaxy-repl/localdata/chrom/?.len""","""5.0""","""?""",,"[{'src': 'hda', 'id': 28773134}]","""200""",32.0,,36644923,1489612004.0,ok,1023996.0,toolshed.g2.bx.psu.edu/repos/iuc/macs2/macs2_refinepeak/2.1.0.20151222.0,2.1.0.20151222.0,,2017-03-15 21:06:59.654063,102131.0,12.0
46222,bed,2017-03-15 21:05:44.242320,slurm_normal,1489612040.0,0,1.0,main_w4_handler0,3032991,15306929,False,231707628,bed,,9449067.roundup,slurm,,132112168.0,corral-repl,,,"[{'src': 'hda', 'id': 28773502}]","""/galaxy-repl/localdata/chrom/?.len""","""5.0""","""?""",,"[{'src': 'hda', 'id': 28773136}]","""200""",32.0,,36644923,1489612019.0,ok,1023996.0,toolshed.g2.bx.psu.edu/repos/iuc/macs2/macs2_refinepeak/2.1.0.20151222.0,2.1.0.20151222.0,,2017-03-15 21:07:28.426030,102131.0,21.0
112131175,bed,2017-07-28 09:54:22.933116,slurm_normal,1501243664.0,0,1.0,main_w4_handler1,3205106,16441186,False,402492437,bam,,10509177.roundup,slurm,,132112168.0,corral-repl,,,"[{'src': 'hda', 'id': 30650095}]","""/galaxy-repl/localdata/chrom/pseuAeru.len""","""2.0""","""pseuAeru""",,"[{'src': 'hda', 'id': 30649646}]","""200""",32.0,,39559226,1501235758.0,ok,1023996.0,toolshed.g2.bx.psu.edu/repos/iuc/macs2/macs2_refinepeak/2.1.0.20151222.0,2.1.0.20151222.0,,2017-07-28 12:07:47.487566,102197.0,7906.0
67488,bed,2017-07-31 11:55:46.238909,slurm_normal,1501502273.0,0,1.0,main_w4_handler0,3204408,16466269,False,439669065,bam,,10534242.roundup,slurm,,132112168.0,corral-repl,,,"[{'src': 'hda', 'id': 30690883}]","""/galaxy-repl/localdata/chrom/pseuAeru.len""","""2.0""","""pseuAeru""",,"[{'src': 'hda', 'id': 30639622}]","""400""",32.0,,39606459,1501502160.0,ok,1023996.0,toolshed.g2.bx.psu.edu/repos/iuc/macs2/macs2_refinepeak/2.1.0.20151222.0,2.1.0.20151222.0,,2017-07-31 11:57:55.692292,102197.0,113.0
5285386,bed,2017-08-01 08:36:46.962807,slurm_normal,1501577400.0,0,1.0,main_w3_handler0,3123707,16475660,False,627232659,bam,,10544224.roundup,slurm,,132112168.0,corral-repl,,,"[{'src': 'hda', 'id': 30692652}]","""/galaxy-repl/localdata/chrom/mm10.len""","""5.0""","""mm10""",,"[{'src': 'hda', 'id': 30669480}]","""200""",32.0,,38943298,1501576616.0,ok,1023996.0,toolshed.g2.bx.psu.edu/repos/iuc/macs2/macs2_refinepeak/2.1.0.20151222.0,2.1.0.20151222.0,,2017-08-01 08:50:05.973790,78577.0,784.0
6712509,bed,2017-08-01 08:36:18.319839,slurm_normal,1501577654.0,0,1.0,main_w4_handler0,3123707,16475653,False,1049135679,bam,,10544214.roundup,slurm,,132112168.0,corral-repl,,,"[{'src': 'hda', 'id': 30692370}]","""/galaxy-repl/localdata/chrom/mm10.len""","""5.0""","""mm10""",,"[{'src': 'hda', 'id': 29832718}]","""200""",32.0,,38943298,1501576589.0,ok,1023996.0,toolshed.g2.bx.psu.edu/repos/iuc/macs2/macs2_refinepeak/2.1.0.20151222.0,2.1.0.20151222.0,,2017-08-01 08:54:18.080860,78577.0,1065.0
11942051,bed,2017-08-01 08:34:14.685142,slurm_normal,1501578694.0,0,1.0,main_w3_handler0,3123707,16475605,False,2151982179,bam,,10544190.roundup,slurm,,132112168.0,corral-repl,,,"[{'src': 'hda', 'id': 30708370}]","""/galaxy-repl/localdata/chrom/mm10.len""","""5.0""","""mm10""",,"[{'src': 'hda', 'id': 29832720}]","""200""",32.0,,38943298,1501576461.0,ok,1023996.0,toolshed.g2.bx.psu.edu/repos/iuc/macs2/macs2_refinepeak/2.1.0.20151222.0,2.1.0.20151222.0,,2017-08-01 09:11:37.927842,78577.0,2233.0
3657071,bed,2017-09-06 13:35:39.115728,slurm_normal,1504713730.0,0,1.0,main_w4_handler1,3223594,16746784,False,3657071,bed,,10816392.roundup,slurm,,132112168.0,corral-repl,,,"[{'src': 'hda', 'id': 31123589}]","""/galaxy-repl/localdata/chrom/?.len""","""5.0""","""?""",,"[{'src': 'hda', 'id': 31123589}]","""200""",32.0,,40150205,1504713604.0,ok,1023996.0,toolshed.g2.bx.psu.edu/repos/iuc/macs2/macs2_refinepeak/2.1.0.20151222.0,2.1.0.20151222.0,,2017-09-06 16:02:11.649113,73248.0,126.0
503658568,bed,2017-09-10 10:22:13.372493,slurm_normal,1505056573.0,0,1.0,main_w4_handler1,3229717,16781467,False,473254784,bam,,10849800.roundup,slurm,,132112168.0,corral-repl,,,"[{'src': 'hda', 'id': 30979293}]","""/cvmfs/data.galaxyproject.org/managed/len/ucsc/hg19.len""","""5.0""","""hg19""",,"[{'src': 'hda', 'id': 30953618}]","""200""",32.0,,40005489,1505038940.0,ok,1023996.0,toolshed.g2.bx.psu.edu/repos/iuc/macs2/macs2_refinepeak/2.1.0.20151222.0,2.1.0.20151222.0,,2017-09-10 15:16:16.263003,110428.0,17633.0
