create_time,destination_id,end_epoch,exit_code,galaxy_memory_mb,galaxy_slots,handler,history_id,id,imported,info,job_runner_external_id,job_runner_name,library_folder_id,memtotal,object_store_id,otu,otu_filetype,param_filename,parameters.__workflow_invocation_uuid__,parameters.abund,parameters.calc,parameters.chromInfo,parameters.dbkey,parameters.freq,parameters.iters,parameters.label,parameters.otu.values,parameters.otu|__identifier__,processor_count,runner_name,session_id,start_epoch,state,swaptotal,tool_id,tool_version,traceback,update_time,user_id,runtime
2018-01-12 16:55:42.226387,slurm_normal,1515776154.0,0,,1.0,main_w4_handler1,3287353,18018722,False,,12096019,slurm,,132112168.0,corral-repl,16268,mothur.shared,,,"""10""","[""sobs""]","""/cvmfs/data.galaxyproject.org/managed/len/ucsc/?.len""","""?""","""100.0""","""1000""",,"[{'src': 'hda', 'id': 33288209}]",,32.0,,43135597.0,1515776146.0,ok,1023996.0,toolshed.g2.bx.psu.edu/repos/iuc/mothur_rarefaction_single/mothur_rarefaction_single/1.36.1.0,1.36.1.0,,2018-01-12 16:55:57.324288,113659.0,8.0
2018-01-12 17:12:32.947262,slurm_normal,1515777161.0,0,,1.0,main_w3_handler1,3390534,18019000,False,,12096311,slurm,,132112168.0,corral-repl,340,mothur.shared,,,"""10""","[""sobs""]","""/cvmfs/data.galaxyproject.org/managed/len/ucsc/?.len""","""?""","""100.0""","""1000""",,"[{'src': 'hda', 'id': 33288848}]",,32.0,,43165624.0,1515777156.0,ok,1023996.0,toolshed.g2.bx.psu.edu/repos/iuc/mothur_rarefaction_single/mothur_rarefaction_single/1.36.1.0,1.36.1.0,,2018-01-12 17:12:46.172381,119655.0,5.0
2018-01-12 17:28:11.731857,slurm_normal,1515778108.0,0,,1.0,main_w3_handler1,3390534,18019130,False,,12096491,slurm,,132112168.0,corral-repl,20847,mothur.shared,,,"""10""","[""sobs""]","""/cvmfs/data.galaxyproject.org/managed/len/ucsc/?.len""","""?""","""100.0""","""1000""",,"[{'src': 'hda', 'id': 33289388}]",,32.0,,43165624.0,1515778097.0,ok,1023996.0,toolshed.g2.bx.psu.edu/repos/iuc/mothur_rarefaction_single/mothur_rarefaction_single/1.36.1.0,1.36.1.0,,2018-01-12 17:28:31.395971,119655.0,11.0
2018-01-12 17:49:22.604367,slurm_normal,1515779379.0,0,,1.0,main_w3_handler0,3390534,18019351,False,,12096739,slurm,,132112168.0,corral-repl,20847,mothur.shared,,,"""10""","[""sobs""]","""/cvmfs/data.galaxyproject.org/managed/len/ucsc/?.len""","""?""","""100.0""","""1000""",,"[{'src': 'hda', 'id': 33289388}]",,32.0,,43165624.0,1515779368.0,ok,1023996.0,toolshed.g2.bx.psu.edu/repos/iuc/mothur_rarefaction_single/mothur_rarefaction_single/1.36.1.0,1.36.1.0,,2018-01-12 17:49:43.121930,119655.0,11.0
2018-01-12 21:47:59.741661,slurm_normal,1515793697.0,0,,1.0,main_w4_handler0,3390748,18022714,False,,12099922,slurm,,132112168.0,corral-repl,205263,mothur.shared,,,"""10""","[""sobs""]","""/cvmfs/data.galaxyproject.org/managed/len/ucsc/?.len""","""?""","""100.0""","""1000""",,"[{'src': 'hda', 'id': 33294877}]",,32.0,,43135597.0,1515793683.0,ok,1023996.0,toolshed.g2.bx.psu.edu/repos/iuc/mothur_rarefaction_single/mothur_rarefaction_single/1.36.1.0,1.36.1.0,,2018-01-12 21:48:21.544558,113659.0,14.0
2017-11-27 20:01:12.291178,slurm_normal,1511812915.0,0,,1.0,main_w3_handler0,3329496,17609200,False,,11669169,slurm,,132112168.0,corral-repl,22071,mothur.shared,,,"""10""","[""sobs""]","""/cvmfs/data.galaxyproject.org/managed/len/ucsc/?.len""","""?""","""100.0""","""1000""",,"[{'src': 'hda', 'id': 32569703}]",,32.0,,42074081.0,1511812901.0,ok,1023996.0,toolshed.g2.bx.psu.edu/repos/iuc/mothur_rarefaction_single/mothur_rarefaction_single/1.36.1.0,1.36.1.0,,2017-11-27 20:01:59.706528,116551.0,14.0
2017-11-28 03:24:47.979359,slurm_normal,1511839497.0,0,,1.0,main_w4_handler0,3307154,17613336,False,,11674090,slurm,,132112168.0,corral-repl,354,mothur.shared,,,"""10""","[""sobs""]","""/cvmfs/data.galaxyproject.org/managed/len/ucsc/?.len""","""?""","""100.0""","""1000""",,"[{'src': 'hda', 'id': 32575656}]",,32.0,,42295298.0,1511839492.0,ok,1023996.0,toolshed.g2.bx.psu.edu/repos/iuc/mothur_rarefaction_single/mothur_rarefaction_single/1.36.1.0,1.36.1.0,,2017-11-28 03:24:59.619729,114886.0,5.0
2017-11-28 07:31:07.729954,slurm_normal,1511854284.0,0,,1.0,main_w3_handler1,3307154,17614381,False,,11675275,slurm,,132112168.0,corral-repl,21206,mothur.shared,,,"""10""","[""sobs""]","""/cvmfs/data.galaxyproject.org/managed/len/ucsc/?.len""","""?""","""100.0""","""1000""",,"[{'src': 'hda', 'id': 32577045}]",,32.0,,42297227.0,1511854272.0,ok,1023996.0,toolshed.g2.bx.psu.edu/repos/iuc/mothur_rarefaction_single/mothur_rarefaction_single/1.36.1.0,1.36.1.0,,2017-11-28 07:31:27.334616,114886.0,12.0
2017-11-28 07:46:44.388440,slurm_normal,1511855216.0,0,,1.0,main_w4_handler0,3307154,17614486,False,,11675366,slurm,,132112168.0,corral-repl,16025,mothur.shared,,,"""10""","[""sobs""]","""/cvmfs/data.galaxyproject.org/managed/len/ucsc/?.len""","""?""","""100.0""","""1000""",,"[{'src': 'hda', 'id': 32577442}]","""0.03""",32.0,,42297227.0,1511855209.0,ok,1023996.0,toolshed.g2.bx.psu.edu/repos/iuc/mothur_rarefaction_single/mothur_rarefaction_single/1.36.1.0,1.36.1.0,,2017-11-28 07:46:58.127724,114886.0,7.0
2017-11-28 08:11:46.078708,slurm_normal,1511856721.0,0,,1.0,main_w4_handler1,3307154,17614776,False,,11675624,slurm,,132112168.0,corral-repl,21206,mothur.shared,,,"""10""","[""sobs""]","""/cvmfs/data.galaxyproject.org/managed/len/ucsc/?.len""","""?""","""100.0""","""1000""",,"[{'src': 'hda', 'id': 32577045}]",,32.0,,42297227.0,1511856709.0,ok,1023996.0,toolshed.g2.bx.psu.edu/repos/iuc/mothur_rarefaction_single/mothur_rarefaction_single/1.36.1.0,1.36.1.0,,2017-11-28 08:12:03.238934,114886.0,12.0
2017-11-30 16:04:26.530408,slurm_normal,1512057884.0,0,,1.0,main_w3_handler0,3318794,17652056,False,,11710792,slurm,,132112168.0,corral-repl,3943,mothur.shared,,,"""10""","[""sobs""]","""/cvmfs/data.galaxyproject.org/managed/len/ucsc/?.len""","""?""","""100.0""","""1000""",,"[{'src': 'hda', 'id': 32650932}]",,32.0,,41894749.0,1512057878.0,ok,1023996.0,toolshed.g2.bx.psu.edu/repos/iuc/mothur_rarefaction_single/mothur_rarefaction_single/1.36.1.0,1.36.1.0,,2017-11-30 16:04:49.853983,60244.0,6.0
2017-11-30 16:57:15.960396,slurm_normal,1512061079.0,0,,1.0,main_w3_handler0,3318794,17652298,False,,11712043,slurm,,132112168.0,corral-repl,3090,mothur.shared,,,"""10""","[""sobs""]","""/cvmfs/data.galaxyproject.org/managed/len/ucsc/?.len""","""?""","""100.0""","""1000""",,"[{'src': 'hda', 'id': 32651189}]",,32.0,,41894749.0,1512061073.0,ok,1023996.0,toolshed.g2.bx.psu.edu/repos/iuc/mothur_rarefaction_single/mothur_rarefaction_single/1.36.1.0,1.36.1.0,,2017-11-30 17:00:20.647298,60244.0,6.0
2017-12-01 01:04:37.398363,slurm_normal,1512090292.0,0,,1.0,main_w4_handler0,3319159,17655235,False,,11715412,slurm,,132112168.0,corral-repl,3951,mothur.shared,,,"""10""","[""sobs""]","""/cvmfs/data.galaxyproject.org/managed/len/ucsc/?.len""","""?""","""100.0""","""1000""",,"[{'src': 'hda', 'id': 32658994}]",,32.0,,42362407.0,1512090286.0,ok,1023996.0,toolshed.g2.bx.psu.edu/repos/iuc/mothur_rarefaction_single/mothur_rarefaction_single/1.36.1.0,1.36.1.0,,2017-12-01 01:04:54.773475,115851.0,6.0
2017-12-03 01:31:24.690453,slurm_normal,1512264699.0,0,,1.0,main_w4_handler0,3350100,17678642,False,,11741320,slurm,,132112168.0,corral-repl,340,mothur.shared,,,"""10""","[""sobs""]","""/cvmfs/data.galaxyproject.org/managed/len/ucsc/?.len""","""?""","""100.0""","""1000""",,"[{'src': 'hda', 'id': 32697789}]",,32.0,,42410454.0,1512264693.0,ok,1023996.0,toolshed.g2.bx.psu.edu/repos/iuc/mothur_rarefaction_single/mothur_rarefaction_single/1.36.1.0,1.36.1.0,,2017-12-03 01:31:42.471487,117849.0,6.0
2017-12-03 01:44:15.484245,slurm_normal,1512265478.0,0,,1.0,main_w4_handler0,3350100,17678668,False,,11741354,slurm,,132112168.0,corral-repl,20943,mothur.shared,,,"""10""","[""sobs""]","""/cvmfs/data.galaxyproject.org/managed/len/ucsc/?.len""","""?""","""100.0""","""1000""",,"[{'src': 'hda', 'id': 32697814}]",,32.0,,42410454.0,1512265466.0,ok,1023996.0,toolshed.g2.bx.psu.edu/repos/iuc/mothur_rarefaction_single/mothur_rarefaction_single/1.36.1.0,1.36.1.0,,2017-12-03 01:44:41.085845,117849.0,12.0
2017-12-04 14:25:49.290105,slurm_normal,1512397564.0,0,,1.0,main_w3_handler0,3319089,17690600,False,,11755079,slurm,,132112168.0,corral-repl,3528,mothur.shared,,,"""10""","[""sobs""]","""/cvmfs/data.galaxyproject.org/managed/len/ucsc/?.len""","""?""","""100.0""","""1000""",,"[{'src': 'hda', 'id': 32717893}]",,32.0,,42399260.0,1512397559.0,ok,1023996.0,toolshed.g2.bx.psu.edu/repos/iuc/mothur_rarefaction_single/mothur_rarefaction_single/1.36.1.0,1.36.1.0,,2017-12-04 14:26:06.707960,115848.0,5.0
2017-12-04 14:31:10.050676,slurm_normal,1512397882.0,0,,1.0,main_w3_handler0,3319110,17690657,False,,11755127,slurm,,132112168.0,corral-repl,3457,mothur.shared,,,"""10""","[""sobs""]","""/cvmfs/data.galaxyproject.org/managed/len/ucsc/?.len""","""?""","""100.0""","""1000""",,"[{'src': 'hda', 'id': 32717961}]",,32.0,,41896477.0,1512397877.0,ok,1023996.0,toolshed.g2.bx.psu.edu/repos/iuc/mothur_rarefaction_single/mothur_rarefaction_single/1.36.1.0,1.36.1.0,,2017-12-04 14:31:24.536984,115849.0,5.0
2017-12-04 19:03:34.380134,slurm_normal,1512414231.0,0,,1.0,main_w3_handler0,3352709,17694286,False,,11758241,slurm,,132112168.0,corral-repl,3627,mothur.shared,,,"""10""","[""sobs""]","""/cvmfs/data.galaxyproject.org/managed/len/ucsc/?.len""","""?""","""100.0""","""1000""",,"[{'src': 'hda', 'id': 32723833}]",,32.0,,42398764.0,1512414225.0,ok,1023996.0,toolshed.g2.bx.psu.edu/repos/iuc/mothur_rarefaction_single/mothur_rarefaction_single/1.36.1.0,1.36.1.0,,2017-12-04 19:03:53.109693,117102.0,6.0
2017-12-05 14:02:46.372412,slurm_normal,1512482588.0,0,,1.0,main_w4_handler1,3352977,17703396,False,,11767866,slurm,,132112168.0,corral-repl,3581,mothur.shared,,,"""10""","[""sobs""]","""/cvmfs/data.galaxyproject.org/managed/len/ucsc/?.len""","""?""","""100.0""","""1000""",,"[{'src': 'hda', 'id': 32729655}]",,32.0,,42457243.0,1512482583.0,ok,1023996.0,toolshed.g2.bx.psu.edu/repos/iuc/mothur_rarefaction_single/mothur_rarefaction_single/1.36.1.0,1.36.1.0,,2017-12-05 14:03:11.338803,115847.0,5.0
2017-12-05 15:27:43.494557,slurm_normal,1512487680.0,0,,1.0,main_w4_handler1,3353880,17704518,False,,11769397,slurm,,132112168.0,corral-repl,3499,mothur.shared,,,"""10""","[""sobs""]","""/cvmfs/data.galaxyproject.org/managed/len/ucsc/?.len""","""?""","""100.0""","""1000""",,"[{'src': 'hda', 'id': 32742014}]",,32.0,,42362412.0,1512487674.0,ok,1023996.0,toolshed.g2.bx.psu.edu/repos/iuc/mothur_rarefaction_single/mothur_rarefaction_single/1.36.1.0,1.36.1.0,,2017-12-05 15:28:02.097582,115853.0,6.0
2017-12-05 22:34:12.767065,slurm_normal,1512513271.0,0,,1.0,main_w4_handler1,3319153,17710330,False,,11775092,slurm,,132112168.0,corral-repl,3602,mothur.shared,,,"""10""","[""sobs""]","""/cvmfs/data.galaxyproject.org/managed/len/ucsc/?.len""","""?""","""100.0""","""1000""",,"[{'src': 'hda', 'id': 32755975}]",,32.0,,42481779.0,1512513266.0,ok,1023996.0,toolshed.g2.bx.psu.edu/repos/iuc/mothur_rarefaction_single/mothur_rarefaction_single/1.36.1.0,1.36.1.0,,2017-12-05 22:34:34.763398,115870.0,5.0
2017-12-05 23:10:00.851051,slurm_normal,1512515424.0,0,,1.0,main_w3_handler0,3354412,17710580,False,,11775342,slurm,,132112168.0,corral-repl,21047,mothur.shared,,,"""10""","[""sobs""]","""/cvmfs/data.galaxyproject.org/managed/len/ucsc/?.len""","""?""","""100.0""","""1000""",,"[{'src': 'hda', 'id': 32756556}]",,32.0,,42481513.0,1512515412.0,ok,1023996.0,toolshed.g2.bx.psu.edu/repos/iuc/mothur_rarefaction_single/mothur_rarefaction_single/1.36.1.0,1.36.1.0,,2017-12-05 23:10:25.516219,112430.0,12.0
2017-12-06 15:26:25.601114,slurm_normal,1512574004.0,0,,1.0,main_w4_handler1,3319113,17720964,False,,11786488,slurm,,132112168.0,corral-repl,3524,mothur.shared,,,"""10""","[""sobs""]","""/cvmfs/data.galaxyproject.org/managed/len/ucsc/?.len""","""?""","""100.0""","""1000""",,"[{'src': 'hda', 'id': 32769896}]",,32.0,,42494166.0,1512573995.0,ok,1023996.0,toolshed.g2.bx.psu.edu/repos/iuc/mothur_rarefaction_single/mothur_rarefaction_single/1.36.1.0,1.36.1.0,,2017-12-06 15:26:47.958617,115859.0,9.0
2017-12-06 16:44:56.844337,slurm_normal,1512578713.0,0,,1.0,main_w3_handler1,3355722,17721920,False,,11787659,slurm,,132112168.0,corral-repl,3568,mothur.shared,,,"""10""","[""sobs""]","""/cvmfs/data.galaxyproject.org/managed/len/ucsc/?.len""","""?""","""100.0""","""1000""",,"[{'src': 'hda', 'id': 32774457}]",,32.0,,42496355.0,1512578707.0,ok,1023996.0,toolshed.g2.bx.psu.edu/repos/iuc/mothur_rarefaction_single/mothur_rarefaction_single/1.36.1.0,1.36.1.0,,2017-12-06 16:45:16.871712,115852.0,6.0
2017-12-06 17:10:02.572027,slurm_normal,1512580219.0,0,,1.0,main_w4_handler0,3319153,17722197,False,,11787922,slurm,,132112168.0,corral-repl,3534,mothur.shared,,,"""10""","[""sobs""]","""/cvmfs/data.galaxyproject.org/managed/len/ucsc/?.len""","""?""","""100.0""","""1000""",,"[{'src': 'hda', 'id': 32774837}]",,32.0,,42481779.0,1512580214.0,ok,1023996.0,toolshed.g2.bx.psu.edu/repos/iuc/mothur_rarefaction_single/mothur_rarefaction_single/1.36.1.0,1.36.1.0,,2017-12-06 17:10:21.931911,115870.0,5.0
2017-12-06 21:49:35.186243,slurm_normal,1512597000.0,0,,1.0,main_w3_handler1,3355458,17725004,False,,11791031,slurm,,132112168.0,corral-repl,3791,mothur.shared,,,"""10""","[""sobs""]","""/cvmfs/data.galaxyproject.org/managed/len/ucsc/?.len""","""?""","""100.0""","""1000""",,"[{'src': 'hda', 'id': 32779034}]",,32.0,,41551881.0,1512596982.0,ok,1023996.0,toolshed.g2.bx.psu.edu/repos/iuc/mothur_rarefaction_single/mothur_rarefaction_single/1.36.1.0,1.36.1.0,,2017-12-06 21:50:04.327582,50169.0,18.0
2017-12-06 23:57:59.625643,slurm_normal,1512604692.0,0,,1.0,main_w3_handler0,3319558,17726328,False,,11792404,slurm,,132112168.0,corral-repl,3567,mothur.shared,,,"""10""","[""sobs""]","""/cvmfs/data.galaxyproject.org/managed/len/ucsc/?.len""","""?""","""100.0""","""1000""",,"[{'src': 'hda', 'id': 32780923}]",,32.0,,41904029.0,1512604686.0,ok,1023996.0,toolshed.g2.bx.psu.edu/repos/iuc/mothur_rarefaction_single/mothur_rarefaction_single/1.36.1.0,1.36.1.0,,2017-12-06 23:58:14.682188,115896.0,6.0
2018-01-17 14:37:54.893290,slurm_normal,1516199885.0,0,,1.0,main_w4_handler1,3395242,18060736,False,,12138709,slurm,,132112168.0,corral-repl,340,mothur.shared,,,"""10""","[""sobs""]","""/cvmfs/data.galaxyproject.org/managed/len/ucsc/?.len""","""?""","""100.0""","""1000""",,"[{'src': 'hda', 'id': 33351647}]",,32.0,,43244112.0,1516199880.0,ok,1023996.0,toolshed.g2.bx.psu.edu/repos/iuc/mothur_rarefaction_single/mothur_rarefaction_single/1.36.1.0,1.36.1.0,,2018-01-17 14:38:06.884919,120071.0,5.0
2018-01-17 14:43:51.985753,slurm_normal,1516200248.0,0,,1.0,main_w3_handler1,3395242,18060866,False,,12138816,slurm,,132112168.0,corral-repl,20572,mothur.shared,,,"""10""","[""sobs""]","""/cvmfs/data.galaxyproject.org/managed/len/ucsc/?.len""","""?""","""100.0""","""1000""",,"[{'src': 'hda', 'id': 33351788}]",,32.0,,43244112.0,1516200238.0,ok,1023996.0,toolshed.g2.bx.psu.edu/repos/iuc/mothur_rarefaction_single/mothur_rarefaction_single/1.36.1.0,1.36.1.0,,2018-01-17 14:44:11.601550,120071.0,10.0
2018-03-07 04:18:52.385518,slurm_normal,1520396349.0,0,7680.0,1.0,main_w3_handler1,3454614,18634121,False,,12730545,slurm,,132112168.0,corral-repl,271,mothur.shared,,,"""10""","[""chao"", ""shannon""]","""/cvmfs/data.galaxyproject.org/managed/len/ucsc/?.len""","""?""","""100.0""","""1000""",,"[{'src': 'hda', 'id': 34256779}]",,32.0,,44392393.0,1520396344.0,ok,1023996.0,toolshed.g2.bx.psu.edu/repos/iuc/mothur_rarefaction_single/mothur_rarefaction_single/1.36.1.0,1.36.1.0,,2018-03-07 04:19:11.759188,,5.0
2017-12-07 19:52:00.861277,slurm_normal,1512676338.0,0,,1.0,main_w3_handler1,3357270,17739941,False,,11806193,slurm,,132112168.0,corral-repl,3462,mothur.shared,,,"""10""","[""sobs""]","""/cvmfs/data.galaxyproject.org/managed/len/ucsc/?.len""","""?""","""100.0""","""1000""",,"[{'src': 'hda', 'id': 32804481}]",,32.0,,42517497.0,1512676330.0,ok,1023996.0,toolshed.g2.bx.psu.edu/repos/iuc/mothur_rarefaction_single/mothur_rarefaction_single/1.36.1.0,1.36.1.0,,2017-12-07 19:52:21.394654,115868.0,8.0
2017-12-07 19:55:46.370623,slurm_normal,1512676565.0,0,,1.0,main_w4_handler1,3319106,17739989,False,,11806234,slurm,,132112168.0,corral-repl,3600,mothur.shared,,,"""10""","[""sobs""]","""/cvmfs/data.galaxyproject.org/managed/len/ucsc/?.len""","""?""","""100.0""","""1000""",,"[{'src': 'hda', 'id': 32803719}]",,32.0,,42519248.0,1512676559.0,ok,1023996.0,toolshed.g2.bx.psu.edu/repos/iuc/mothur_rarefaction_single/mothur_rarefaction_single/1.36.1.0,1.36.1.0,,2017-12-07 19:56:08.679647,115856.0,6.0
2018-01-17 20:25:26.809709,slurm_normal,1516220738.0,0,,1.0,main_w3_handler1,3394430,18065550,False,,12143613,slurm,,132112168.0,corral-repl,267009,mothur.shared,,,"""10""","[""sobs""]","""/cvmfs/data.galaxyproject.org/managed/len/ucsc/?.len""","""?""","""100.0""","""1000""",,"[{'src': 'hda', 'id': 33358916}]",,32.0,,43247987.0,1516220731.0,ok,1023996.0,toolshed.g2.bx.psu.edu/repos/iuc/mothur_rarefaction_single/mothur_rarefaction_single/1.36.1.0,1.36.1.0,,2018-01-17 20:25:41.091614,113659.0,7.0
2017-12-11 11:56:52.924882,slurm_normal,1512993427.0,0,,1.0,main_w3_handler0,3358440,17771947,False,,11840706,slurm,,132112168.0,corral-repl,3508,mothur.shared,,,"""10""","[""bootstrap"", ""chao"", ""sobs"", ""simpsoneven"", ""shannoneven"", ""coverage"", ""simpson"", ""invsimpson"", ""shannon"", ""nseqs""]","""/cvmfs/data.galaxyproject.org/managed/len/ucsc/?.len""","""?""","""100.0""","""1000""",,"[{'src': 'hda', 'id': 32813573}]",,32.0,,42577162.0,1512993422.0,ok,1023996.0,toolshed.g2.bx.psu.edu/repos/iuc/mothur_rarefaction_single/mothur_rarefaction_single/1.36.1.0,1.36.1.0,,2017-12-11 11:57:12.904004,72172.0,5.0
2017-12-11 16:42:43.168007,slurm_normal,1513010579.0,0,,1.0,main_w4_handler1,3319111,17774241,False,,11843193,slurm,,132112168.0,corral-repl,282,mothur.shared,,,"""10""","[""sobs""]","""/cvmfs/data.galaxyproject.org/managed/len/ucsc/?.len""","""?""","""100.0""","""1000""",,"[{'src': 'hda', 'id': 32861196}]",,32.0,,42515270.0,1513010572.0,ok,1023996.0,toolshed.g2.bx.psu.edu/repos/iuc/mothur_rarefaction_single/mothur_rarefaction_single/1.36.1.0,1.36.1.0,,2017-12-11 16:43:00.635207,115858.0,7.0
2017-12-11 17:31:06.855103,slurm_normal,1513013478.0,0,,1.0,main_w3_handler0,3319111,17774752,False,,11843739,slurm,,132112168.0,corral-repl,3301,mothur.shared,,,"""10""","[""sobs""]","""/cvmfs/data.galaxyproject.org/managed/len/ucsc/?.len""","""?""","""100.0""","""1000""",,"[{'src': 'hda', 'id': 32861990}]",,32.0,,42515270.0,1513013473.0,ok,1023996.0,toolshed.g2.bx.psu.edu/repos/iuc/mothur_rarefaction_single/mothur_rarefaction_single/1.36.1.0,1.36.1.0,,2017-12-11 17:31:21.355386,115858.0,5.0
2017-12-11 18:26:51.557710,slurm_normal,1513016827.0,0,,1.0,main_w4_handler1,3319111,17775239,False,,11844192,slurm,,132112168.0,corral-repl,3466,mothur.shared,,,"""10""","[""sobs""]","""/cvmfs/data.galaxyproject.org/managed/len/ucsc/?.len""","""?""","""100.0""","""1000""",,"[{'src': 'hda', 'id': 32862615}]",,32.0,,42515270.0,1513016822.0,ok,1023996.0,toolshed.g2.bx.psu.edu/repos/iuc/mothur_rarefaction_single/mothur_rarefaction_single/1.36.1.0,1.36.1.0,,2017-12-11 18:27:10.138697,115858.0,5.0
2017-12-12 03:15:36.563342,slurm_normal,1513048581.0,0,,1.0,main_w3_handler0,3323166,17779185,False,,11847374,slurm,,132112168.0,corral-repl,212447,mothur.shared,,,"""10""","[""sobs""]","""/cvmfs/data.galaxyproject.org/managed/len/ucsc/?.len""","""?""","""100.0""","""1000""",,"[{'src': 'hda', 'id': 32868222}]",,32.0,,42600781.0,1513048549.0,ok,1023996.0,toolshed.g2.bx.psu.edu/repos/iuc/mothur_rarefaction_single/mothur_rarefaction_single/1.36.1.0,1.36.1.0,,2017-12-12 03:16:23.715756,74066.0,32.0
2017-12-12 08:31:46.706576,slurm_normal,1513152528.0,0,,1.0,main_w3_handler1,3362393,17780909,False,,11849101,slurm,,132112168.0,corral-repl,186885,mothur.shared,,,"""10""","[""chao"", ""sobs"", ""simpsoneven"", ""shannoneven"", ""coverage"", ""simpson"", ""invsimpson"", ""shannon"", ""npshannon"", ""nseqs""]","""/cvmfs/data.galaxyproject.org/managed/len/ucsc/?.len""","""?""","""100.0""","""1000""","[""0.03""]","[{'src': 'hda', 'id': 32870330}]",,32.0,,42605486.0,1513067518.0,ok,1023996.0,toolshed.g2.bx.psu.edu/repos/iuc/mothur_rarefaction_single/mothur_rarefaction_single/1.36.1.0,1.36.1.0,,2017-12-13 08:09:58.199648,113456.0,85010.0
2017-12-12 15:55:45.690740,slurm_normal,1513094161.0,0,,1.0,main_w3_handler0,3319108,17785977,False,,11854220,slurm,,132112168.0,corral-repl,3553,mothur.shared,,,"""10""","[""sobs""]","""/cvmfs/data.galaxyproject.org/managed/len/ucsc/?.len""","""?""","""100.0""","""1000""",,"[{'src': 'hda', 'id': 32878987}]",,32.0,,42496393.0,1513094154.0,ok,1023996.0,toolshed.g2.bx.psu.edu/repos/iuc/mothur_rarefaction_single/mothur_rarefaction_single/1.36.1.0,1.36.1.0,,2017-12-12 15:56:03.975278,115846.0,7.0
2017-12-13 13:39:40.366223,slurm_normal,1513172395.0,0,,1.0,main_w3_handler1,3364120,17796771,False,,11865973,slurm,,132112168.0,corral-repl,4276,mothur.shared,,,"""10""","[""sobs""]","""/cvmfs/data.galaxyproject.org/managed/len/ucsc/?.len""","""?""","""100.0""","""1000""",,"[{'src': 'hda', 'id': 32901662}]",,32.0,,42631708.0,1513172387.0,ok,1023996.0,toolshed.g2.bx.psu.edu/repos/iuc/mothur_rarefaction_single/mothur_rarefaction_single/1.36.1.0,1.36.1.0,,2017-12-13 13:39:57.690829,111190.0,8.0
2017-12-13 14:08:13.700390,slurm_normal,1513174145.0,0,,1.0,main_w4_handler0,3364120,17796966,False,,11866173,slurm,,132112168.0,corral-repl,101855,mothur.shared,,,"""10""","[""sobs""]","""/cvmfs/data.galaxyproject.org/managed/len/ucsc/?.len""","""?""","""100.0""","""1000""",,"[{'src': 'hda', 'id': 32903490}]",,32.0,,42631708.0,1513174106.0,ok,1023996.0,toolshed.g2.bx.psu.edu/repos/iuc/mothur_rarefaction_single/mothur_rarefaction_single/1.36.1.0,1.36.1.0,,2017-12-13 14:09:07.841645,111190.0,39.0
2018-03-07 14:15:43.692437,slurm_normal,1520432160.0,0,7680.0,1.0,main_w3_handler1,3454884,18639948,False,,12735924,slurm,,132112168.0,corral-repl,340,mothur.shared,,,"""10""","[""sobs""]","""/cvmfs/data.galaxyproject.org/managed/len/ucsc/?.len""","""?""","""100.0""","""1000""",,"[{'src': 'hda', 'id': 34266260}]",,32.0,,44061551.0,1520432156.0,ok,1023996.0,toolshed.g2.bx.psu.edu/repos/iuc/mothur_rarefaction_single/mothur_rarefaction_single/1.36.1.0,1.36.1.0,,2018-03-07 14:16:04.191754,121507.0,4.0
2018-01-24 09:44:43.850229,slurm_normal,1516832780.0,0,,1.0,main_w4_handler0,3403359,18141717,False,,12221774,slurm,,132112168.0,corral-repl,2292,mothur.shared,,,"""10""","[""bootstrap"", ""chao"", ""jack"", ""sobs"", ""simpsoneven"", ""shannoneven"", ""coverage"", ""simpson"", ""invsimpson"", ""shannon"", ""npshannon"", ""nseqs""]","""/cvmfs/data.galaxyproject.org/managed/len/ucsc/?.len""","""?""","""100.0""","""1000""",,"[{'src': 'hda', 'id': 33476375}]",,32.0,,43399850.0,1516787094.0,ok,1023996.0,toolshed.g2.bx.psu.edu/repos/iuc/mothur_rarefaction_single/mothur_rarefaction_single/1.36.1.0,1.36.1.0,,2018-01-24 22:26:32.682926,113456.0,45686.0
2018-01-24 09:03:38.659326,slurm_normal,1516879819.0,0,,1.0,main_w3_handler0,3403340,18141452,False,,12221503,slurm,,132112168.0,corral-repl,575,mothur.shared,,,"""10""","[""ace"", ""bootstrap"", ""chao"", ""sobs"", ""simpsoneven"", ""shannoneven"", ""coverage"", ""simpson"", ""invsimpson"", ""shannon"", ""npshannon"", ""nseqs""]","""/cvmfs/data.galaxyproject.org/managed/len/ucsc/?.len""","""?""","""100.0""","""1000""",,"[{'src': 'hda', 'id': 33475954}]",,32.0,,43399850.0,1516784627.0,ok,1023996.0,toolshed.g2.bx.psu.edu/repos/iuc/mothur_rarefaction_single/mothur_rarefaction_single/1.36.1.0,1.36.1.0,,2018-01-25 11:30:36.717825,113456.0,95192.0
2018-01-30 15:37:26.848763,slurm_normal,1517326944.0,0,,1.0,main_w4_handler0,3409399,18202038,False,,12282902,slurm,,132112168.0,corral-repl,4640,mothur.shared,,,"""10""","[""sobs""]","""/cvmfs/data.galaxyproject.org/managed/len/ucsc/?.len""","""?""","""100.0""","""1000""",,"[{'src': 'hda', 'id': 33572650}]",,32.0,,43222891.0,1517326937.0,ok,1023996.0,toolshed.g2.bx.psu.edu/repos/iuc/mothur_rarefaction_single/mothur_rarefaction_single/1.36.1.0,1.36.1.0,,2018-01-30 15:42:26.987211,42087.0,7.0
2018-01-30 12:13:10.599582,slurm_normal,1517338404.0,0,,1.0,main_w3_handler0,3410305,18199803,False,,12280598,slurm,,132112168.0,corral-repl,2180,mothur.shared,,,"""10""","[""ace"", ""chao"", ""simpsoneven"", ""shannoneven"", ""coverage"", ""simpson"", ""invsimpson"", ""shannon"", ""nseqs""]","""/cvmfs/data.galaxyproject.org/managed/len/ucsc/?.len""","""?""","""100.0""","""1000""",,"[{'src': 'hda', 'id': 33570133}]",,32.0,,43541496.0,1517314402.0,ok,1023996.0,toolshed.g2.bx.psu.edu/repos/iuc/mothur_rarefaction_single/mothur_rarefaction_single/1.36.1.0,1.36.1.0,,2018-01-30 18:53:38.629120,72172.0,24002.0
2018-01-30 09:27:26.635304,slurm_normal,1517350623.0,0,,1.0,main_w4_handler0,3410120,18198309,False,,12279195,slurm,,132112168.0,corral-repl,549,mothur.shared,,,"""10""","[""chao"", ""sobs"", ""simpsoneven"", ""shannoneven"", ""coverage"", ""simpson"", ""invsimpson"", ""shannon"", ""nseqs""]","""/cvmfs/data.galaxyproject.org/managed/len/ucsc/?.len""","""?""","""100.0""","""1000""",,"[{'src': 'hda', 'id': 33567914}]",,32.0,,43541496.0,1517304457.0,ok,1023996.0,toolshed.g2.bx.psu.edu/repos/iuc/mothur_rarefaction_single/mothur_rarefaction_single/1.36.1.0,1.36.1.0,,2018-01-30 22:17:18.662534,72172.0,46166.0
2018-01-31 09:16:29.232753,slurm_normal,1517402368.0,0,,1.0,main_w4_handler0,3411511,18209271,False,,12290266,slurm,,132112168.0,corral-repl,11518,mothur.shared,,,"""10""","[""chao"", ""sobs"", ""simpsoneven"", ""shannoneven"", ""coverage"", ""simpson"", ""invsimpson"", ""shannon"", ""nseqs""]","""/cvmfs/data.galaxyproject.org/managed/len/ucsc/?.len""","""?""","""100.0""","""1000""",,"[{'src': 'hda', 'id': 33585090}]",,32.0,,43570207.0,1517390200.0,ok,1023996.0,toolshed.g2.bx.psu.edu/repos/iuc/mothur_rarefaction_single/mothur_rarefaction_single/1.36.1.0,1.36.1.0,,2018-01-31 12:39:38.070787,72172.0,12168.0
2018-01-31 08:14:56.631216,slurm_normal,1517404887.0,0,,1.0,main_w4_handler0,3411461,18208875,False,,12289892,slurm,,132111800.0,corral-repl,5257,mothur.shared,,,"""10""","[""chao"", ""sobs"", ""simpsoneven"", ""shannoneven"", ""coverage"", ""simpson"", ""invsimpson"", ""shannon"", ""nseqs""]","""/cvmfs/data.galaxyproject.org/managed/len/ucsc/?.len""","""?""","""100.0""","""1000""",,"[{'src': 'hda', 'id': 33584620}]",,32.0,,43570207.0,1517386505.0,ok,1023996.0,toolshed.g2.bx.psu.edu/repos/iuc/mothur_rarefaction_single/mothur_rarefaction_single/1.36.1.0,1.36.1.0,,2018-01-31 13:21:46.420293,72172.0,18382.0
2018-02-01 08:07:15.463676,slurm_normal,1517480657.0,0,,1.0,main_w4_handler0,3411564,18220185,False,,12300709,slurm,,132112168.0,corral-repl,30184,mothur.shared,,,"""10""","[""chao"", ""sobs"", ""simpsoneven"", ""shannoneven"", ""coverage"", ""simpson"", ""invsimpson"", ""shannon"", ""nseqs""]","""/cvmfs/data.galaxyproject.org/managed/len/ucsc/?.len""","""?""","""100.0""","""1000""",,"[{'src': 'hda', 'id': 33605139}]",,32.0,,43597979.0,1517472442.0,ok,1023996.0,toolshed.g2.bx.psu.edu/repos/iuc/mothur_rarefaction_single/mothur_rarefaction_single/1.36.1.0,1.36.1.0,,2018-02-01 10:24:26.394791,72172.0,8215.0
2018-03-08 19:53:31.016903,slurm_normal,1520538841.0,0,7680.0,1.0,main_w4_handler1,3456070,18662547,False,,12758641,slurm,,132112168.0,corral-repl,340,mothur.shared,,,"""10""","[""sobs""]","""/cvmfs/data.galaxyproject.org/managed/len/ucsc/?.len""","""?""","""100.0""","""1000""",,"[{'src': 'hda', 'id': 34304782}]",,32.0,,44477736.0,1520538836.0,ok,1023996.0,toolshed.g2.bx.psu.edu/repos/iuc/mothur_rarefaction_single/mothur_rarefaction_single/1.36.1.0,1.36.1.0,,2018-03-08 19:54:03.443793,83708.0,5.0
2018-02-05 15:38:52.201442,slurm_normal,1517845146.0,0,,1.0,main_w3_handler0,3417427,18259280,False,,12340886,slurm,,132112168.0,corral-repl,4613,mothur.shared,,,"""10""","[""sobs""]","""/cvmfs/data.galaxyproject.org/managed/len/ucsc/?.len""","""?""","""100.0""","""1000""",,"[{'src': 'hda', 'id': 33676412}]",,32.0,,43627884.0,1517845141.0,ok,1023996.0,toolshed.g2.bx.psu.edu/repos/iuc/mothur_rarefaction_single/mothur_rarefaction_single/1.36.1.0,1.36.1.0,,2018-02-05 15:39:08.581709,42087.0,5.0
2018-03-08 21:24:13.768803,slurm_normal,1520544287.0,0,7680.0,1.0,main_w4_handler1,3456070,18663748,False,,12759768,slurm,,132112168.0,corral-repl,20575,mothur.shared,,,"""10""","[""sobs""]","""/cvmfs/data.galaxyproject.org/managed/len/ucsc/?.len""","""?""","""100.0""","""1000""",,"[{'src': 'hda', 'id': 34305757}]",,32.0,,44477736.0,1520544276.0,ok,1023996.0,toolshed.g2.bx.psu.edu/repos/iuc/mothur_rarefaction_single/mothur_rarefaction_single/1.36.1.0,1.36.1.0,,2018-03-08 21:24:52.891489,83708.0,11.0
2018-03-08 22:22:39.395343,slurm_normal,1520547779.0,0,7680.0,1.0,main_w4_handler0,3456070,18664714,False,,12760608,slurm,,132112168.0,corral-repl,20575,mothur.shared,,,"""10""","[""sobs""]","""/cvmfs/data.galaxyproject.org/managed/len/ucsc/?.len""","""?""","""100.0""","""1000""",,"[{'src': 'hda', 'id': 34305757}]",,32.0,,44493234.0,1520547768.0,ok,1023996.0,toolshed.g2.bx.psu.edu/repos/iuc/mothur_rarefaction_single/mothur_rarefaction_single/1.36.1.0,1.36.1.0,,2018-03-08 22:23:03.237576,83708.0,11.0
2018-03-10 00:59:18.384656,slurm_normal,1520643568.0,0,7680.0,1.0,main_w4_handler0,3456070,18678692,False,,12775053,slurm,,132112168.0,corral-repl,340,mothur.shared,,,"""10""","[""sobs""]","""/cvmfs/data.galaxyproject.org/managed/len/ucsc/?.len""","""?""","""100.0""","""1000""",,"[{'src': 'hda', 'id': 34304782}]",,32.0,,44525226.0,1520643564.0,ok,1023996.0,toolshed.g2.bx.psu.edu/repos/iuc/mothur_rarefaction_single/mothur_rarefaction_single/1.36.1.0,1.36.1.0,,2018-03-10 00:59:30.531106,83708.0,4.0
2018-03-10 02:16:01.163003,slurm_normal,1520648179.0,0,7680.0,1.0,main_w4_handler0,3456070,18678867,False,,12775260,slurm,,132112168.0,corral-repl,20575,mothur.shared,,,"""10""","[""sobs""]","""/cvmfs/data.galaxyproject.org/managed/len/ucsc/?.len""","""?""","""100.0""","""1000""",,"[{'src': 'hda', 'id': 34335185}]",,32.0,,44525226.0,1520648170.0,ok,1023996.0,toolshed.g2.bx.psu.edu/repos/iuc/mothur_rarefaction_single/mothur_rarefaction_single/1.36.1.0,1.36.1.0,,2018-03-10 02:16:22.212347,83708.0,9.0
2018-02-09 14:02:42.602088,slurm_normal,1518184983.0,0,7680.0,1.0,main_w4_handler0,3423400,18329553,False,,12413847,slurm,,132112168.0,corral-repl,20724,mothur.shared,,,"""10""","[""sobs""]","""/cvmfs/data.galaxyproject.org/managed/len/ucsc/?.len""","""?""","""100.0""","""1000""",,"[{'src': 'hda', 'id': 33774558}]",,32.0,,43800362.0,1518184974.0,ok,1023996.0,toolshed.g2.bx.psu.edu/repos/iuc/mothur_rarefaction_single/mothur_rarefaction_single/1.36.1.0,1.36.1.0,,2018-02-09 14:03:06.462432,121414.0,9.0
2018-02-09 14:22:17.296014,slurm_normal,1518186152.0,0,7680.0,1.0,main_w3_handler1,3423400,18329787,False,,12414074,slurm,,132112168.0,corral-repl,340,mothur.shared,,,"""10""","[""sobs""]","""/cvmfs/data.galaxyproject.org/managed/len/ucsc/?.len""","""?""","""100.0""","""1000""",,"[{'src': 'hda', 'id': 33774893}]",,32.0,,43800362.0,1518186148.0,ok,1023996.0,toolshed.g2.bx.psu.edu/repos/iuc/mothur_rarefaction_single/mothur_rarefaction_single/1.36.1.0,1.36.1.0,,2018-02-09 14:22:35.167003,121414.0,4.0
2018-02-21 16:21:18.128178,slurm_normal,1519230125.0,0,7680.0,1.0,main_w4_handler0,3437028,18467201,False,,12560743,slurm,,132112168.0,corral-repl,340,mothur.shared,,,"""10""","[""sobs""]","""/cvmfs/data.galaxyproject.org/managed/len/ucsc/?.len""","""?""","""100.0""","""1000""",,"[{'src': 'hda', 'id': 33985739}]",,32.0,,43942353.0,1519230120.0,ok,1023996.0,toolshed.g2.bx.psu.edu/repos/iuc/mothur_rarefaction_single/mothur_rarefaction_single/1.36.1.0,1.36.1.0,,2018-02-21 16:22:16.627559,122064.0,5.0
2018-02-22 04:17:23.393856,slurm_normal,1519273052.0,0,7680.0,1.0,main_w4_handler0,3396038,18477747,False,,12572387,slurm,,132112168.0,corral-repl,1330,mothur.shared,,,"""10""","[""sobs""]","""/cvmfs/data.galaxyproject.org/managed/len/ucsc/?.len""","""?""","""100.0""","""1000""",,"[{'src': 'hda', 'id': 34004973}]",,32.0,,44080380.0,1519273048.0,ok,1023996.0,toolshed.g2.bx.psu.edu/repos/iuc/mothur_rarefaction_single/mothur_rarefaction_single/1.36.1.0,1.36.1.0,,2018-02-22 04:17:33.383185,119338.0,4.0
2018-02-22 05:27:22.568902,slurm_normal,1519277262.0,0,7680.0,1.0,main_w3_handler0,3396038,18478474,False,,12573053,slurm,,132112168.0,corral-repl,206894,mothur.shared,,,"""10""","[""sobs""]","""/cvmfs/data.galaxyproject.org/managed/len/ucsc/?.len""","""?""","""100.0""","""1000""",,"[{'src': 'hda', 'id': 34005842}]",,32.0,,44083383.0,1519277252.0,ok,1023996.0,toolshed.g2.bx.psu.edu/repos/iuc/mothur_rarefaction_single/mothur_rarefaction_single/1.36.1.0,1.36.1.0,,2018-02-22 05:27:46.565520,119338.0,10.0
2018-02-23 05:19:10.151855,slurm_normal,1519363331.0,0,7680.0,1.0,main_w3_handler1,3396038,18492739,False,,12588150,slurm,,132112168.0,corral-repl,278082,mothur.shared,,,"""10""","[""sobs""]","""/cvmfs/data.galaxyproject.org/managed/len/ucsc/?.len""","""?""","""100.0""","""1000""",,"[{'src': 'hda', 'id': 34027110}]",,32.0,,44110683.0,1519363156.0,ok,1023996.0,toolshed.g2.bx.psu.edu/repos/iuc/mothur_rarefaction_single/mothur_rarefaction_single/1.36.1.0,1.36.1.0,,2018-02-23 05:22:22.369501,119338.0,175.0
2018-02-23 10:17:41.981039,slurm_normal,1519381081.0,0,7680.0,1.0,main_w4_handler1,3437028,18495031,False,,12590588,slurm,,132112168.0,corral-repl,20943,mothur.shared,,,"""10""","[""sobs""]","""/cvmfs/data.galaxyproject.org/managed/len/ucsc/?.len""","""?""","""100.0""","""1000""",,"[{'src': 'hda', 'id': 34010410}]",,32.0,,43942353.0,1519381071.0,ok,1023996.0,toolshed.g2.bx.psu.edu/repos/iuc/mothur_rarefaction_single/mothur_rarefaction_single/1.36.1.0,1.36.1.0,,2018-02-23 10:18:04.742793,122064.0,10.0
2017-12-17 16:45:49.165140,slurm_normal,1513529164.0,0,,1.0,main_w4_handler0,3368213,17830779,False,,11904243,slurm,,132112168.0,corral-repl,340,mothur.shared,,,"""10""","[""sobs""]","""/cvmfs/data.galaxyproject.org/managed/len/ucsc/?.len""","""?""","""100.0""","""1000""",,"[{'src': 'hda', 'id': 32972919}]",,32.0,,42702488.0,1513529158.0,ok,1023996.0,toolshed.g2.bx.psu.edu/repos/iuc/mothur_rarefaction_single/mothur_rarefaction_single/1.36.1.0,1.36.1.0,,2017-12-17 16:46:06.598262,97420.0,6.0
2017-12-18 20:19:41.730836,reserved_normal,1513628397.0,0,,1.0,main_w3_handler0,3280912,17841413,False,,11915671.roundup,slurm,,132112168.0,corral-repl,340,mothur.shared,,,"""10""","[""sobs""]","""/cvmfs/data.galaxyproject.org/managed/len/ucsc/?.len""","""?""","""100.0""","""1000""",,"[{'src': 'hda', 'id': 32993020}]",,32.0,,42691248.0,1513628392.0,ok,1023996.0,toolshed.g2.bx.psu.edu/repos/iuc/mothur_rarefaction_single/mothur_rarefaction_single/1.36.1.0,1.36.1.0,,2017-12-18 20:19:59.333355,5254.0,5.0
2017-12-18 22:18:59.680188,reserved_normal,1513635583.0,0,,1.0,main_w4_handler0,3280912,17842043,False,,11916344.roundup,slurm,,132112168.0,corral-repl,20898,mothur.shared,,,"""10""","[""sobs""]","""/cvmfs/data.galaxyproject.org/managed/len/ucsc/?.len""","""?""","""100.0""","""1000""",,"[{'src': 'hda', 'id': 32993123}]",,32.0,,42691248.0,1513635551.0,ok,1023996.0,toolshed.g2.bx.psu.edu/repos/iuc/mothur_rarefaction_single/mothur_rarefaction_single/1.36.1.0,1.36.1.0,,2017-12-18 22:19:46.760006,5254.0,32.0
2017-10-06 11:53:45.155242,slurm_normal,1507290841.0,0,,1.0,main_w3_handler1,3277547,17038887,False,,11096019.roundup,slurm,,132112168.0,corral-repl,340,mothur.shared,,,"""10""","[""sobs""]","""/cvmfs/data.galaxyproject.org/managed/len/ucsc/?.len""","""?""","""100.0""","""1000""",,"[{'src': 'hda', 'id': 31582620}]",,32.0,,39823809.0,1507290837.0,ok,1023996.0,toolshed.g2.bx.psu.edu/repos/iuc/mothur_rarefaction_single/mothur_rarefaction_single/1.36.1.0,1.36.1.0,,2017-10-06 11:54:08.790490,29532.0,4.0
2017-12-18 23:32:13.761641,reserved_normal,1513639955.0,0,,1.0,main_w4_handler0,3280912,17842547,False,,11916831.roundup,slurm,,132112168.0,corral-repl,20898,mothur.shared,,,"""10""","[""sobs""]","""/cvmfs/data.galaxyproject.org/managed/len/ucsc/?.len""","""?""","""100.0""","""1000""",,"[{'src': 'hda', 'id': 32993123}]",,32.0,,42691248.0,1513639944.0,ok,1023996.0,toolshed.g2.bx.psu.edu/repos/iuc/mothur_rarefaction_single/mothur_rarefaction_single/1.36.1.0,1.36.1.0,,2017-12-18 23:32:37.337490,5254.0,11.0
2017-10-06 20:52:14.541889,slurm_normal,1507323143.0,0,,1.0,main_w4_handler1,3278085,17043537,False,,11100857.roundup,slurm,,132112168.0,corral-repl,340,mothur.shared,,,"""10""","[""sobs""]","""/cvmfs/data.galaxyproject.org/managed/len/ucsc/?.len""","""?""","""100.0""","""1000""",,"[{'src': 'hda', 'id': 31590114}]",,32.0,,41097146.0,1507323138.0,ok,1023996.0,toolshed.g2.bx.psu.edu/repos/iuc/mothur_rarefaction_single/mothur_rarefaction_single/1.36.1.0,1.36.1.0,,2017-10-06 20:52:29.688868,112430.0,5.0
2017-10-06 21:11:08.868957,slurm_normal,1507324283.0,0,,1.0,main_w4_handler1,3278085,17043675,False,,11101005.roundup,slurm,,132112168.0,corral-repl,20804,mothur.shared,,,"""10""","[""sobs""]","""/cvmfs/data.galaxyproject.org/managed/len/ucsc/?.len""","""?""","""100.0""","""1000""",,"[{'src': 'hda', 'id': 31590249}]",,32.0,,41097146.0,1507324273.0,ok,1023996.0,toolshed.g2.bx.psu.edu/repos/iuc/mothur_rarefaction_single/mothur_rarefaction_single/1.36.1.0,1.36.1.0,,2017-10-06 21:11:28.071031,112430.0,10.0
2017-12-19 16:24:52.127052,slurm_normal,1513700714.0,0,,1.0,main_w3_handler0,3363441,17850835,False,,11923975,slurm,,132112168.0,corral-repl,333716,mothur.shared,,,"""10""","[""sobs""]","""/cvmfs/data.galaxyproject.org/managed/len/ucsc/?.len""","""?""","""100.0""","""1000""",,"[{'src': 'hda', 'id': 33006359}]",,32.0,,42668866.0,1513700702.0,ok,1023996.0,toolshed.g2.bx.psu.edu/repos/iuc/mothur_rarefaction_single/mothur_rarefaction_single/1.36.1.0,1.36.1.0,,2017-12-19 16:25:15.877158,112430.0,12.0
2017-12-19 16:39:13.399562,slurm_normal,1513701575.0,0,,1.0,main_w3_handler1,3363441,17850935,False,,11924059,slurm,,132112168.0,corral-repl,333716,mothur.shared,,,"""10""","[""sobs""]","""/cvmfs/data.galaxyproject.org/managed/len/ucsc/?.len""","""?""","""100.0""","""1000""","[""0.03""]","[{'src': 'hda', 'id': 33006359}]",,32.0,,42668866.0,1513701562.0,ok,1023996.0,toolshed.g2.bx.psu.edu/repos/iuc/mothur_rarefaction_single/mothur_rarefaction_single/1.36.1.0,1.36.1.0,,2017-12-19 16:39:38.276235,112430.0,13.0
2017-10-19 06:06:06.260508,slurm_normal,1508393661.0,0,,1.0,main_w4_handler1,3290738,17141438,False,,11198684,slurm,,132112168.0,corral-repl,12494309,mothur.list,,,"""10""","[""chao"", ""sobs"", ""simpsoneven"", ""shannoneven"", ""coverage"", ""simpson"", ""invsimpson"", ""shannon"", ""npshannon"", ""nseqs""]","""/cvmfs/data.galaxyproject.org/managed/len/ucsc/?.len""","""?""","""100.0""","""1000""",,"[{'src': 'hda', 'id': 31752084}]",,32.0,,41381962.0,1508393183.0,ok,1023996.0,toolshed.g2.bx.psu.edu/repos/iuc/mothur_rarefaction_single/mothur_rarefaction_single/1.36.1.0,1.36.1.0,,2017-10-19 06:15:04.543074,72172.0,478.0
2017-10-19 06:36:58.194452,slurm_normal,1508395163.0,0,,1.0,main_w3_handler0,3290738,17141897,False,,11199244,slurm,,132112168.0,corral-repl,3546744,mothur.list,,"""e4d68692b49711e7b87e005056ba2773""","""10""","[""chao"", ""sobs"", ""simpsoneven"", ""shannoneven"", ""coverage"", ""invsimpson"", ""shannon"", ""nseqs""]","""/cvmfs/data.galaxyproject.org/managed/len/ucsc/?.len""","""?""","""100.0""","""1000""",,"[{'src': 'hda', 'id': 31752992}]",,32.0,,,1508395131.0,ok,1023996.0,toolshed.g2.bx.psu.edu/repos/iuc/mothur_rarefaction_single/mothur_rarefaction_single/1.36.1.0,1.36.1.0,,2017-10-19 06:39:50.772405,72172.0,32.0
2017-10-19 06:41:55.893920,slurm_normal,1508395445.0,0,,1.0,main_w3_handler1,3290738,17141949,False,,11199313,slurm,,132112168.0,corral-repl,3546744,mothur.list,,"""93a30a24b49811e78fb5005056ba2773""","""10""","[""chao"", ""sobs"", ""simpsoneven"", ""shannoneven"", ""coverage"", ""invsimpson"", ""shannon"", ""nseqs""]","""/cvmfs/data.galaxyproject.org/managed/len/ucsc/?.len""","""?""","""100.0""","""1000""",,"[{'src': 'hda', 'id': 31753074}]",,32.0,,,1508395416.0,ok,1023996.0,toolshed.g2.bx.psu.edu/repos/iuc/mothur_rarefaction_single/mothur_rarefaction_single/1.36.1.0,1.36.1.0,,2017-10-19 06:44:39.757778,72172.0,29.0
2017-10-19 08:18:48.875140,slurm_normal,1508401178.0,0,,1.0,main_w3_handler0,3290680,17142494,False,,11200032,slurm,,132112168.0,corral-repl,5530,mothur.list,,"""17d1c4d6b4a611e7bdba005056ba2773""","""10""","[""chao"", ""sobs"", ""simpsoneven"", ""shannoneven"", ""coverage"", ""invsimpson"", ""shannon"", ""nseqs""]","""/cvmfs/data.galaxyproject.org/managed/len/ucsc/?.len""","""?""","""100.0""","""1000""",,"[{'src': 'hda', 'id': 31753929}]",,32.0,,,1508401171.0,ok,1023996.0,toolshed.g2.bx.psu.edu/repos/iuc/mothur_rarefaction_single/mothur_rarefaction_single/1.36.1.0,1.36.1.0,,2017-10-19 08:19:58.046432,72172.0,7.0
2017-10-23 05:58:10.699846,slurm_normal,1508738326.0,0,,1.0,main_w4_handler0,3290726,17171991,False,,11232030,slurm,,132112168.0,corral-repl,165140,mothur.list,,"""240561a4b7b711e78d9e005056ba2773""","""10""","[""chao"", ""sobs"", ""simpsoneven"", ""shannoneven"", ""coverage"", ""invsimpson"", ""shannon"", ""nseqs""]","""/cvmfs/data.galaxyproject.org/managed/len/ucsc/?.len""","""?""","""100.0""","""1000""",,"[{'src': 'hda', 'id': 31807726}]",,32.0,,,1508738319.0,ok,1023996.0,toolshed.g2.bx.psu.edu/repos/iuc/mothur_rarefaction_single/mothur_rarefaction_single/1.36.1.0,1.36.1.0,,2017-10-23 05:58:50.079851,72172.0,7.0
2017-10-23 05:59:30.435632,slurm_normal,1508738408.0,0,,1.0,main_w3_handler0,3290725,17172001,False,,11232036,slurm,,132112168.0,corral-repl,1067840,mothur.list,,"""4e8008f8b7b711e7b9aa005056ba2773""","""10""","[""chao"", ""sobs"", ""simpsoneven"", ""shannoneven"", ""coverage"", ""invsimpson"", ""shannon"", ""nseqs""]","""/cvmfs/data.galaxyproject.org/managed/len/ucsc/?.len""","""?""","""100.0""","""1000""",,"[{'src': 'hda', 'id': 31807762}]",,32.0,,,1508738400.0,ok,1023996.0,toolshed.g2.bx.psu.edu/repos/iuc/mothur_rarefaction_single/mothur_rarefaction_single/1.36.1.0,1.36.1.0,,2017-10-23 06:00:12.534470,72172.0,8.0
2017-10-23 05:48:38.351485,slurm_normal,1508737770.0,0,,1.0,main_w4_handler0,3290715,17171931,False,,11231955,slurm,,132112168.0,corral-repl,1035224,mothur.list,,"""cc0b8560b7b511e78d95005056ba2773""","""10""","[""chao"", ""sobs"", ""simpsoneven"", ""shannoneven"", ""coverage"", ""invsimpson"", ""shannon"", ""nseqs""]","""/cvmfs/data.galaxyproject.org/managed/len/ucsc/?.len""","""?""","""100.0""","""1000""",,"[{'src': 'hda', 'id': 31807527}]",,32.0,,,1508737765.0,ok,1023996.0,toolshed.g2.bx.psu.edu/repos/iuc/mothur_rarefaction_single/mothur_rarefaction_single/1.36.1.0,1.36.1.0,,2017-10-23 05:49:33.777692,72172.0,5.0
2017-10-23 05:52:00.093695,slurm_normal,1508737962.0,0,,1.0,main_w4_handler1,3290714,17171951,False,,11231974,slurm,,132112168.0,corral-repl,680846,mothur.list,,"""47323c16b7b611e7b1da005056ba2773""","""10""","[""chao"", ""sobs"", ""simpsoneven"", ""shannoneven"", ""coverage"", ""invsimpson"", ""shannon"", ""nseqs""]","""/cvmfs/data.galaxyproject.org/managed/len/ucsc/?.len""","""?""","""100.0""","""1000""",,"[{'src': 'hda', 'id': 31807585}]",,32.0,,,1508737954.0,ok,1023996.0,toolshed.g2.bx.psu.edu/repos/iuc/mothur_rarefaction_single/mothur_rarefaction_single/1.36.1.0,1.36.1.0,,2017-10-23 05:52:50.466503,72172.0,8.0
2017-10-23 05:53:05.993009,slurm_normal,1508738024.0,0,,1.0,main_w4_handler1,3290680,17171958,False,,11231987,slurm,,132112168.0,corral-repl,5530,mothur.list,,"""6e44be32b7b611e79b33005056ba2773""","""10""","[""chao"", ""sobs"", ""simpsoneven"", ""shannoneven"", ""coverage"", ""invsimpson"", ""shannon"", ""nseqs""]","""/cvmfs/data.galaxyproject.org/managed/len/ucsc/?.len""","""?""","""100.0""","""1000""",,"[{'src': 'hda', 'id': 31807612}]",,32.0,,,1508738019.0,ok,1023996.0,toolshed.g2.bx.psu.edu/repos/iuc/mothur_rarefaction_single/mothur_rarefaction_single/1.36.1.0,1.36.1.0,,2017-10-23 05:53:52.545972,72172.0,5.0
2017-10-23 05:55:19.656311,slurm_normal,1508738161.0,0,,1.0,main_w3_handler1,3290713,17171968,False,,11231997,slurm,,132112168.0,corral-repl,1045572,mothur.list,,"""bc71b0a6b7b611e7a63b005056ba2773""","""10""","[""chao"", ""sobs"", ""simpsoneven"", ""shannoneven"", ""coverage"", ""invsimpson"", ""shannon"", ""nseqs""]","""/cvmfs/data.galaxyproject.org/managed/len/ucsc/?.len""","""?""","""100.0""","""1000""",,"[{'src': 'hda', 'id': 31807650}]",,32.0,,,1508738155.0,ok,1023996.0,toolshed.g2.bx.psu.edu/repos/iuc/mothur_rarefaction_single/mothur_rarefaction_single/1.36.1.0,1.36.1.0,,2017-10-23 05:56:12.924287,72172.0,6.0
2017-10-23 05:57:13.178105,slurm_normal,1508738274.0,0,,1.0,main_w4_handler0,3290727,17171980,False,,11232012,slurm,,132112168.0,corral-repl,789827,mothur.list,,"""fe7e5c60b7b611e79ae5005056ba2773""","""10""","[""chao"", ""sobs"", ""simpsoneven"", ""shannoneven"", ""coverage"", ""invsimpson"", ""shannon"", ""nseqs""]","""/cvmfs/data.galaxyproject.org/managed/len/ucsc/?.len""","""?""","""100.0""","""1000""",,"[{'src': 'hda', 'id': 31807691}]",,32.0,,,1508738268.0,ok,1023996.0,toolshed.g2.bx.psu.edu/repos/iuc/mothur_rarefaction_single/mothur_rarefaction_single/1.36.1.0,1.36.1.0,,2017-10-23 05:57:58.403207,72172.0,6.0
2017-10-23 06:00:18.569234,slurm_normal,1508738460.0,0,,1.0,main_w4_handler0,3290723,17172006,False,,11232043,slurm,,132112168.0,corral-repl,562150,mothur.list,,"""6ea90594b7b711e78355005056ba2773""","""10""","[""chao"", ""sobs"", ""simpsoneven"", ""shannoneven"", ""coverage"", ""invsimpson"", ""shannon"", ""nseqs""]","""/cvmfs/data.galaxyproject.org/managed/len/ucsc/?.len""","""?""","""100.0""","""1000""",,"[{'src': 'hda', 'id': 31807795}]",,32.0,,,1508738455.0,ok,1023996.0,toolshed.g2.bx.psu.edu/repos/iuc/mothur_rarefaction_single/mothur_rarefaction_single/1.36.1.0,1.36.1.0,,2017-10-23 06:01:03.324150,72172.0,5.0
2017-10-23 06:01:20.815720,slurm_normal,1508738518.0,0,,1.0,main_w3_handler0,3290737,17172022,False,,11232047,slurm,,132112168.0,corral-repl,678018,mothur.list,,"""90c14308b7b711e7a63b005056ba2773""","""10""","[""chao"", ""sobs"", ""simpsoneven"", ""shannoneven"", ""coverage"", ""invsimpson"", ""shannon"", ""nseqs""]","""/cvmfs/data.galaxyproject.org/managed/len/ucsc/?.len""","""?""","""100.0""","""1000""",,"[{'src': 'hda', 'id': 31807831}]",,32.0,,,1508738511.0,ok,1023996.0,toolshed.g2.bx.psu.edu/repos/iuc/mothur_rarefaction_single/mothur_rarefaction_single/1.36.1.0,1.36.1.0,,2017-10-23 06:02:01.914989,72172.0,7.0
2017-10-23 06:04:27.545317,slurm_normal,1508738705.0,0,,1.0,main_w3_handler0,3292277,17172042,False,,11232070,slurm,,132112168.0,corral-repl,883306,mothur.list,,"""023acf5eb7b811e7ba62005056ba2773""","""10""","[""chao"", ""sobs"", ""simpsoneven"", ""shannoneven"", ""coverage"", ""invsimpson"", ""shannon"", ""nseqs""]","""/cvmfs/data.galaxyproject.org/managed/len/ucsc/?.len""","""?""","""100.0""","""1000""",,"[{'src': 'hda', 'id': 31807918}]",,32.0,,,1508738699.0,ok,1023996.0,toolshed.g2.bx.psu.edu/repos/iuc/mothur_rarefaction_single/mothur_rarefaction_single/1.36.1.0,1.36.1.0,,2017-10-23 06:05:10.442614,72172.0,6.0
2017-10-23 06:15:25.179848,slurm_normal,1508739389.0,0,,1.0,main_w3_handler0,3292286,17172109,False,,11232143,slurm,,132112168.0,corral-repl,1412296,mothur.list,,"""8c324c72b7b911e78e30005056ba2773""","""10""","[""chao"", ""sobs"", ""simpsoneven"", ""shannoneven"", ""coverage"", ""invsimpson"", ""shannon"", ""nseqs""]","""/cvmfs/data.galaxyproject.org/managed/len/ucsc/?.len""","""?""","""100.0""","""1000""",,"[{'src': 'hda', 'id': 31808185}]",,32.0,,,1508739382.0,ok,1023996.0,toolshed.g2.bx.psu.edu/repos/iuc/mothur_rarefaction_single/mothur_rarefaction_single/1.36.1.0,1.36.1.0,,2017-10-23 06:16:34.307102,72172.0,7.0
2017-10-23 06:02:35.089428,slurm_normal,1508738633.0,0,,1.0,main_w3_handler1,3290738,17172029,False,,11232059,slurm,,132112168.0,corral-repl,823564,mothur.list,,"""c0cabc1eb7b711e78355005056ba2773""","""10""","[""chao"", ""sobs"", ""simpsoneven"", ""shannoneven"", ""coverage"", ""invsimpson"", ""shannon"", ""nseqs""]","""/cvmfs/data.galaxyproject.org/managed/len/ucsc/?.len""","""?""","""100.0""","""1000""",,"[{'src': 'hda', 'id': 31807864}]",,32.0,,,1508738625.0,ok,1023996.0,toolshed.g2.bx.psu.edu/repos/iuc/mothur_rarefaction_single/mothur_rarefaction_single/1.36.1.0,1.36.1.0,,2017-10-23 06:04:02.508951,72172.0,8.0
2017-10-23 06:03:21.745467,slurm_normal,1508738642.0,0,,1.0,main_w3_handler0,3292278,17172033,False,,11232060,slurm,,132112168.0,corral-repl,791772,mothur.list,,"""dd78074ab7b711e79b33005056ba2773""","""10""","[""chao"", ""sobs"", ""simpsoneven"", ""shannoneven"", ""coverage"", ""invsimpson"", ""shannon"", ""nseqs""]","""/cvmfs/data.galaxyproject.org/managed/len/ucsc/?.len""","""?""","""100.0""","""1000""",,"[{'src': 'hda', 'id': 31807874}]",,32.0,,,1508738635.0,ok,1023996.0,toolshed.g2.bx.psu.edu/repos/iuc/mothur_rarefaction_single/mothur_rarefaction_single/1.36.1.0,1.36.1.0,,2017-10-23 06:04:06.326817,72172.0,7.0
2017-10-23 06:08:48.807776,slurm_normal,1508738963.0,0,,1.0,main_w3_handler0,3292281,17172059,False,,11232099,slurm,,132112168.0,corral-repl,217732,mothur.list,,"""9bc3bf50b7b811e7bf49005056ba2773""","""10""","[""chao"", ""sobs"", ""simpsoneven"", ""shannoneven"", ""coverage"", ""invsimpson"", ""shannon"", ""nseqs""]","""/cvmfs/data.galaxyproject.org/managed/len/ucsc/?.len""","""?""","""100.0""","""1000""",,"[{'src': 'hda', 'id': 31808021}]",,32.0,,,1508738956.0,ok,1023996.0,toolshed.g2.bx.psu.edu/repos/iuc/mothur_rarefaction_single/mothur_rarefaction_single/1.36.1.0,1.36.1.0,,2017-10-23 06:09:28.505543,72172.0,7.0
2017-10-23 06:05:22.447768,slurm_normal,1508738766.0,0,,1.0,main_w3_handler0,3292280,17172046,False,,11232079,slurm,,132112168.0,corral-repl,1046231,mothur.list,,"""244b600eb7b811e7b705005056ba2773""","""10""","[""chao"", ""sobs"", ""simpsoneven"", ""shannoneven"", ""coverage"", ""invsimpson"", ""shannon"", ""nseqs""]","""/cvmfs/data.galaxyproject.org/managed/len/ucsc/?.len""","""?""","""100.0""","""1000""",,"[{'src': 'hda', 'id': 31807946}]",,32.0,,,1508738759.0,ok,1023996.0,toolshed.g2.bx.psu.edu/repos/iuc/mothur_rarefaction_single/mothur_rarefaction_single/1.36.1.0,1.36.1.0,,2017-10-23 06:06:10.834499,72172.0,7.0
2017-10-23 06:13:58.321465,slurm_normal,1508739272.0,0,,1.0,main_w3_handler0,3292285,17172102,False,,11232132,slurm,,132112168.0,corral-repl,685540,mothur.list,,"""53f07686b7b911e79ae5005056ba2773""","""10""","[""chao"", ""sobs"", ""simpsoneven"", ""shannoneven"", ""coverage"", ""invsimpson"", ""shannon"", ""nseqs""]","""/cvmfs/data.galaxyproject.org/managed/len/ucsc/?.len""","""?""","""100.0""","""1000""",,"[{'src': 'hda', 'id': 31808142}]",,32.0,,,1508739267.0,ok,1023996.0,toolshed.g2.bx.psu.edu/repos/iuc/mothur_rarefaction_single/mothur_rarefaction_single/1.36.1.0,1.36.1.0,,2017-10-23 06:14:37.799935,72172.0,5.0
2017-10-23 06:09:52.574198,slurm_normal,1508739033.0,0,,1.0,main_w4_handler0,3292282,17172068,False,,11232111,slurm,,132112168.0,corral-repl,1073690,mothur.list,,"""c61cfbe0b7b811e78d9e005056ba2773""","""10""","[""chao"", ""sobs"", ""simpsoneven"", ""shannoneven"", ""coverage"", ""invsimpson"", ""shannon"", ""nseqs""]","""/cvmfs/data.galaxyproject.org/managed/len/ucsc/?.len""","""?""","""100.0""","""1000""",,"[{'src': 'hda', 'id': 31808052}]",,32.0,,,1508739024.0,ok,1023996.0,toolshed.g2.bx.psu.edu/repos/iuc/mothur_rarefaction_single/mothur_rarefaction_single/1.36.1.0,1.36.1.0,,2017-10-23 06:10:37.045523,72172.0,9.0
2017-10-23 06:11:50.067553,slurm_normal,1508739156.0,0,,1.0,main_w3_handler0,3292283,17172075,False,,11232124,slurm,,132112168.0,corral-repl,765097,mothur.list,,"""0aad797eb7b911e7b2ef005056ba2773""","""10""","[""chao"", ""sobs"", ""simpsoneven"", ""shannoneven"", ""coverage"", ""invsimpson"", ""shannon"", ""nseqs""]","""/cvmfs/data.galaxyproject.org/managed/len/ucsc/?.len""","""?""","""100.0""","""1000""",,"[{'src': 'hda', 'id': 31808086}]",,32.0,,,1508739151.0,ok,1023996.0,toolshed.g2.bx.psu.edu/repos/iuc/mothur_rarefaction_single/mothur_rarefaction_single/1.36.1.0,1.36.1.0,,2017-10-23 06:12:40.887935,72172.0,5.0
2017-10-23 06:16:26.375008,slurm_normal,1508739447.0,0,,1.0,main_w4_handler0,3292287,17172120,False,,11232153,slurm,,132112168.0,corral-repl,691938,mothur.list,,"""aca831e2b7b911e78d9e005056ba2773""","""10""","[""chao"", ""sobs"", ""simpsoneven"", ""shannoneven"", ""coverage"", ""invsimpson"", ""shannon"", ""nseqs""]","""/cvmfs/data.galaxyproject.org/managed/len/ucsc/?.len""","""?""","""100.0""","""1000""",,"[{'src': 'hda', 'id': 31808203}]",,32.0,,,1508739442.0,ok,1023996.0,toolshed.g2.bx.psu.edu/repos/iuc/mothur_rarefaction_single/mothur_rarefaction_single/1.36.1.0,1.36.1.0,,2017-10-23 06:17:30.953447,72172.0,5.0
2017-10-23 08:42:39.036997,slurm_normal,1508754603.0,0,,1.0,main_w3_handler0,3295920,17173392,False,,11233909,slurm,,132112168.0,corral-repl,943276,mothur.list,,"""1d845f9eb7ce11e7bab5005056ba2773""","""10""","[""chao"", ""sobs"", ""simpsoneven"", ""shannoneven"", ""coverage"", ""invsimpson"", ""shannon"", ""nseqs""]","""/cvmfs/data.galaxyproject.org/managed/len/ucsc/?.len""","""?""","""100.0""","""1000""",,"[{'src': 'hda', 'id': 31811498}]",,32.0,,,1508754597.0,ok,1023996.0,toolshed.g2.bx.psu.edu/repos/iuc/mothur_rarefaction_single/mothur_rarefaction_single/1.36.1.0,1.36.1.0,,2017-10-23 10:30:16.337718,72172.0,6.0
2017-10-23 08:43:53.037081,slurm_normal,1508755119.0,0,,1.0,main_w4_handler1,3295922,17173401,False,,11234018,slurm,,132112168.0,corral-repl,831430,mothur.list,,"""49c81a3cb7ce11e7b2b6005056ba2773""","""10""","[""chao"", ""sobs"", ""simpsoneven"", ""shannoneven"", ""coverage"", ""invsimpson"", ""shannon"", ""nseqs""]","""/cvmfs/data.galaxyproject.org/managed/len/ucsc/?.len""","""?""","""100.0""","""1000""",,"[{'src': 'hda', 'id': 31811524}]",,32.0,,,1508755113.0,ok,1023996.0,toolshed.g2.bx.psu.edu/repos/iuc/mothur_rarefaction_single/mothur_rarefaction_single/1.36.1.0,1.36.1.0,,2017-10-23 10:38:48.960552,72172.0,6.0
2017-10-23 08:41:16.672398,slurm_normal,1508760987.0,0,,1.0,main_w3_handler0,3295918,17173368,False,,11235161,slurm,,132112168.0,corral-repl,754188,mothur.list,,"""eb1e4560b7cd11e792fc005056ba2773""","""10""","[""chao"", ""sobs"", ""simpsoneven"", ""shannoneven"", ""coverage"", ""invsimpson"", ""shannon"", ""nseqs""]","""/cvmfs/data.galaxyproject.org/managed/len/ucsc/?.len""","""?""","""100.0""","""1000""",,"[{'src': 'hda', 'id': 31811446}]",,32.0,,,1508760980.0,ok,1023996.0,toolshed.g2.bx.psu.edu/repos/iuc/mothur_rarefaction_single/mothur_rarefaction_single/1.36.1.0,1.36.1.0,,2017-10-23 12:16:41.157433,72172.0,7.0
2017-10-23 08:46:19.258440,slurm_normal,1508765157.0,0,,1.0,main_w3_handler1,3295925,17173417,False,,11236392,slurm,,132112168.0,corral-repl,864838,mothur.list,,"""9bd6dd86b7ce11e792fc005056ba2773""","""10""","[""chao"", ""sobs"", ""simpsoneven"", ""shannoneven"", ""coverage"", ""invsimpson"", ""shannon"", ""nseqs""]","""/cvmfs/data.galaxyproject.org/managed/len/ucsc/?.len""","""?""","""100.0""","""1000""",,"[{'src': 'hda', 'id': 31811572}]",,32.0,,,1508765151.0,ok,1023996.0,toolshed.g2.bx.psu.edu/repos/iuc/mothur_rarefaction_single/mothur_rarefaction_single/1.36.1.0,1.36.1.0,,2017-10-23 13:26:15.218905,72172.0,6.0
2017-10-23 11:03:27.441711,slurm_normal,1508765372.0,0,,1.0,main_w3_handler1,3295926,17174256,False,,11236464,slurm,,132112168.0,corral-repl,836662,mothur.list,,"""c9892190b7e111e795ef005056ba2773""","""10""","[""chao"", ""sobs"", ""simpsoneven"", ""shannoneven"", ""coverage"", ""invsimpson"", ""shannon"", ""nseqs""]","""/cvmfs/data.galaxyproject.org/managed/len/ucsc/?.len""","""?""","""100.0""","""1000""",,"[{'src': 'hda', 'id': 31813437}]",,32.0,,,1508765367.0,ok,1023996.0,toolshed.g2.bx.psu.edu/repos/iuc/mothur_rarefaction_single/mothur_rarefaction_single/1.36.1.0,1.36.1.0,,2017-10-23 13:29:39.105399,72172.0,5.0
2017-10-24 09:00:52.067171,slurm_normal,1508835702.0,0,,1.0,main_w3_handler0,3295933,17188491,False,,11249471,slurm,,132112168.0,corral-repl,98342,mothur.list,,"""d09ca912b89911e78998005056ba2773""","""10""","[""chao"", ""sobs"", ""simpsoneven"", ""shannoneven"", ""coverage"", ""invsimpson"", ""shannon"", ""nseqs""]","""/cvmfs/data.galaxyproject.org/managed/len/ucsc/?.len""","""?""","""100.0""","""1000""",,"[{'src': 'hda', 'id': 31840218}]",,32.0,,,1508835695.0,ok,1023996.0,toolshed.g2.bx.psu.edu/repos/iuc/mothur_rarefaction_single/mothur_rarefaction_single/1.36.1.0,1.36.1.0,,2017-10-24 09:01:47.192417,72172.0,7.0
2017-10-24 08:46:49.833014,slurm_normal,1508834890.0,0,,1.0,main_w4_handler0,3295937,17188366,False,,11249348,slurm,,132112168.0,corral-repl,1359336,mothur.list,,"""dca0a076b89711e7a8f9005056ba2773""","""10""","[""chao"", ""sobs"", ""simpsoneven"", ""shannoneven"", ""coverage"", ""invsimpson"", ""shannon"", ""nseqs""]","""/cvmfs/data.galaxyproject.org/managed/len/ucsc/?.len""","""?""","""100.0""","""1000""",,"[{'src': 'hda', 'id': 31839997}]",,32.0,,,1508834884.0,ok,1023996.0,toolshed.g2.bx.psu.edu/repos/iuc/mothur_rarefaction_single/mothur_rarefaction_single/1.36.1.0,1.36.1.0,,2017-10-24 08:48:22.775854,72172.0,6.0
2017-10-24 08:54:27.152195,slurm_normal,1508835340.0,0,,1.0,main_w4_handler0,3295930,17188405,False,,11249386,slurm,,132112168.0,corral-repl,713850,mothur.list,,"""eb3df0b0b89811e78b6b005056ba2773""","""10""","[""chao"", ""sobs"", ""simpsoneven"", ""shannoneven"", ""coverage"", ""invsimpson"", ""shannon"", ""nseqs""]","""/cvmfs/data.galaxyproject.org/managed/len/ucsc/?.len""","""?""","""100.0""","""1000""",,"[{'src': 'hda', 'id': 31840095}]",,32.0,,,1508835335.0,ok,1023996.0,toolshed.g2.bx.psu.edu/repos/iuc/mothur_rarefaction_single/mothur_rarefaction_single/1.36.1.0,1.36.1.0,,2017-10-24 08:55:55.079633,72172.0,5.0
2017-10-24 09:10:07.598777,slurm_normal,1508836251.0,0,,1.0,main_w4_handler0,3295940,17188749,False,,11249671,slurm,,132112168.0,corral-repl,285407,mothur.list,,"""1c5e6bd2b89b11e78b6b005056ba2773""","""10""","[""chao"", ""sobs"", ""simpsoneven"", ""shannoneven"", ""coverage"", ""invsimpson"", ""shannon"", ""nseqs""]","""/cvmfs/data.galaxyproject.org/managed/len/ucsc/?.len""","""?""","""100.0""","""1000""",,"[{'src': 'hda', 'id': 31840515}]",,32.0,,,1508836246.0,ok,1023996.0,toolshed.g2.bx.psu.edu/repos/iuc/mothur_rarefaction_single/mothur_rarefaction_single/1.36.1.0,1.36.1.0,,2017-10-24 09:10:53.956783,72172.0,5.0
2017-10-24 09:55:39.036480,slurm_normal,1508839009.0,0,,1.0,main_w4_handler0,3295945,17189198,False,,11250118,slurm,,132112168.0,corral-repl,355034,mothur.list,,"""7b845b66b8a111e78bca005056ba2773""","""10""","[""chao"", ""sobs"", ""simpsoneven"", ""shannoneven"", ""coverage"", ""invsimpson"", ""shannon"", ""nseqs""]","""/cvmfs/data.galaxyproject.org/managed/len/ucsc/?.len""","""?""","""100.0""","""1000""",,"[{'src': 'hda', 'id': 31841232}]",,32.0,,,1508838989.0,ok,1023996.0,toolshed.g2.bx.psu.edu/repos/iuc/mothur_rarefaction_single/mothur_rarefaction_single/1.36.1.0,1.36.1.0,,2017-10-24 09:56:51.314259,72172.0,20.0
2017-10-24 14:45:23.198023,slurm_normal,1508856348.0,0,,1.0,main_w4_handler0,3276720,17197985,False,,11257306,slurm,,132112168.0,corral-repl,482,mothur.shared,,,"""10""","[""sobs""]","""/cvmfs/data.galaxyproject.org/managed/len/ucsc/?.len""","""?""","""100.0""","""1000""",,"[{'src': 'hda', 'id': 31852374}]",,32.0,,41090485.0,1508856341.0,ok,1023996.0,toolshed.g2.bx.psu.edu/repos/iuc/mothur_rarefaction_single/mothur_rarefaction_single/1.36.1.0,1.36.1.0,,2017-10-24 14:45:52.346658,112972.0,7.0
2017-10-25 07:02:08.764530,slurm_normal,1508914985.0,0,,1.0,main_w4_handler0,3295958,17206540,False,,11266626,slurm,,132112168.0,corral-repl,968354,mothur.list,,"""68d60d3cb95211e7b503005056ba55fb""","""10""","[""chao"", ""sobs"", ""simpsoneven"", ""shannoneven"", ""coverage"", ""invsimpson"", ""shannon"", ""nseqs""]","""/cvmfs/data.galaxyproject.org/managed/len/ucsc/?.len""","""?""","""100.0""","""1000""",,"[{'src': 'hda', 'id': 31868631}]",,32.0,,,1508914979.0,ok,1023996.0,toolshed.g2.bx.psu.edu/repos/iuc/mothur_rarefaction_single/mothur_rarefaction_single/1.36.1.0,1.36.1.0,,2017-10-25 07:03:12.616094,72172.0,6.0
2017-10-25 08:44:55.946186,slurm_normal,1508921271.0,0,,1.0,main_w3_handler1,3295960,17208471,False,,11268621,slurm,,132112168.0,corral-repl,641838,mothur.list,,"""96d3dbe4b95a11e796cc005056ba55fb""","""10""","[""chao"", ""sobs"", ""simpsoneven"", ""shannoneven"", ""coverage"", ""invsimpson"", ""shannon"", ""nseqs""]","""/cvmfs/data.galaxyproject.org/managed/len/ucsc/?.len""","""?""","""100.0""","""1000""",,"[{'src': 'hda', 'id': 31871491}]",,32.0,,,1508921266.0,ok,1023996.0,toolshed.g2.bx.psu.edu/repos/iuc/mothur_rarefaction_single/mothur_rarefaction_single/1.36.1.0,1.36.1.0,,2017-10-25 08:48:17.347896,72172.0,5.0
2017-10-26 14:13:02.529394,slurm_normal,1509027195.0,0,,1.0,main_w3_handler0,1413798,17227494,False,,11288963,slurm,,132112168.0,corral-repl,177227,mothur.shared,,,"""10""",,"""/cvmfs/data.galaxyproject.org/managed/len/ucsc/?.len""","""?""","""100.0""","""1000""",,"[{'src': 'hda', 'id': 31854697}]",,32.0,,41491410.0,1509027190.0,ok,1023996.0,toolshed.g2.bx.psu.edu/repos/iuc/mothur_rarefaction_single/mothur_rarefaction_single/1.36.1.0,1.36.1.0,,2017-10-26 14:13:16.890508,18842.0,5.0
2017-10-27 07:19:46.255008,slurm_normal,1509088850.0,0,,1.0,main_w3_handler1,3296001,17237094,False,,11297766,slurm,,132112168.0,corral-repl,14008,mothur.list,,"""2b395f42bae711e7b7a8005056ba55fb""","""10""","[""chao"", ""sobs"", ""simpsoneven"", ""shannoneven"", ""coverage"", ""invsimpson"", ""shannon"", ""nseqs""]","""/cvmfs/data.galaxyproject.org/managed/len/ucsc/?.len""","""?""","""100.0""","""1000""",,"[{'src': 'hda', 'id': 31918956}]",,32.0,,,1509088844.0,ok,1023996.0,toolshed.g2.bx.psu.edu/repos/iuc/mothur_rarefaction_single/mothur_rarefaction_single/1.36.1.0,1.36.1.0,,2017-10-27 07:21:11.478443,72172.0,6.0
2017-10-27 06:51:34.527749,slurm_normal,1509087259.0,0,,1.0,main_w3_handler1,3295969,17236879,False,,11297533,slurm,,132112168.0,corral-repl,872714,mothur.list,,"""3ca2e9bebae311e797bf005056ba55fb""","""10""","[""chao"", ""sobs"", ""simpsoneven"", ""shannoneven"", ""coverage"", ""invsimpson"", ""shannon"", ""nseqs""]","""/cvmfs/data.galaxyproject.org/managed/len/ucsc/?.len""","""?""","""100.0""","""1000""",,"[{'src': 'hda', 'id': 31918396}]",,32.0,,,1509087253.0,ok,1023996.0,toolshed.g2.bx.psu.edu/repos/iuc/mothur_rarefaction_single/mothur_rarefaction_single/1.36.1.0,1.36.1.0,,2017-10-27 06:54:43.253065,72172.0,6.0
2017-10-27 05:44:22.420562,slurm_normal,1509083155.0,0,,1.0,main_w4_handler0,3295966,17236636,False,,11297191,slurm,,132112168.0,corral-repl,961128,mothur.list,,"""da3d51bebad911e78cee005056ba55fb""","""10""","[""chao"", ""sobs"", ""simpsoneven"", ""shannoneven"", ""coverage"", ""invsimpson"", ""shannon"", ""nseqs""]","""/cvmfs/data.galaxyproject.org/managed/len/ucsc/?.len""","""?""","""100.0""","""1000""",,"[{'src': 'hda', 'id': 31918027}]",,32.0,,,1509083147.0,ok,1023996.0,toolshed.g2.bx.psu.edu/repos/iuc/mothur_rarefaction_single/mothur_rarefaction_single/1.36.1.0,1.36.1.0,,2017-10-27 05:46:11.364656,72172.0,8.0
2017-10-27 05:42:59.824693,slurm_normal,1509083259.0,0,,1.0,main_w3_handler0,3295965,17236620,False,,11297215,slurm,,132112168.0,corral-repl,711842,mothur.list,,"""acd00db6bad911e7834c005056ba55fb""","""10""","[""chao"", ""sobs"", ""simpsoneven"", ""shannoneven"", ""coverage"", ""invsimpson"", ""shannon"", ""nseqs""]","""/cvmfs/data.galaxyproject.org/managed/len/ucsc/?.len""","""?""","""100.0""","""1000""",,"[{'src': 'hda', 'id': 31918006}]",,32.0,,,1509083254.0,ok,1023996.0,toolshed.g2.bx.psu.edu/repos/iuc/mothur_rarefaction_single/mothur_rarefaction_single/1.36.1.0,1.36.1.0,,2017-10-27 05:48:11.380440,72172.0,5.0
2017-10-27 05:47:22.631952,slurm_normal,1509083368.0,0,,1.0,main_w3_handler1,3295967,17236662,False,,11297222,slurm,,132112168.0,corral-repl,1024051,mothur.list,,"""45475de2bada11e79a98005056ba55fb""","""10""","[""chao"", ""sobs"", ""simpsoneven"", ""shannoneven"", ""coverage"", ""invsimpson"", ""shannon"", ""nseqs""]","""/cvmfs/data.galaxyproject.org/managed/len/ucsc/?.len""","""?""","""100.0""","""1000""",,"[{'src': 'hda', 'id': 31918075}]",,32.0,,,1509083360.0,ok,1023996.0,toolshed.g2.bx.psu.edu/repos/iuc/mothur_rarefaction_single/mothur_rarefaction_single/1.36.1.0,1.36.1.0,,2017-10-27 05:49:40.951174,72172.0,8.0
2017-10-27 06:54:43.933350,slurm_normal,1509087475.0,0,,1.0,main_w3_handler0,3295972,17236924,False,,11297580,slurm,,132112168.0,corral-repl,1098812,mothur.list,,"""a24026b0bae311e7992d005056ba55fb""","""10""","[""chao"", ""sobs"", ""simpsoneven"", ""shannoneven"", ""coverage"", ""invsimpson"", ""shannon"", ""nseqs""]","""/cvmfs/data.galaxyproject.org/managed/len/ucsc/?.len""","""?""","""100.0""","""1000""",,"[{'src': 'hda', 'id': 31918453}]",,32.0,,,1509087469.0,ok,1023996.0,toolshed.g2.bx.psu.edu/repos/iuc/mothur_rarefaction_single/mothur_rarefaction_single/1.36.1.0,1.36.1.0,,2017-10-27 06:58:18.925701,72172.0,6.0
2017-10-27 06:58:17.797641,slurm_normal,1509087605.0,0,,1.0,main_w3_handler0,3295979,17236963,False,,11297619,slurm,,132112168.0,corral-repl,1084323,mothur.list,,"""2c6f7af2bae411e78494005056ba55fb""","""10""","[""chao"", ""sobs"", ""simpsoneven"", ""shannoneven"", ""coverage"", ""invsimpson"", ""shannon"", ""nseqs""]","""/cvmfs/data.galaxyproject.org/managed/len/ucsc/?.len""","""?""","""100.0""","""1000""",,"[{'src': 'hda', 'id': 31918561}]",,32.0,,,1509087598.0,ok,1023996.0,toolshed.g2.bx.psu.edu/repos/iuc/mothur_rarefaction_single/mothur_rarefaction_single/1.36.1.0,1.36.1.0,,2017-10-27 07:00:40.708292,72172.0,7.0
2017-10-27 06:53:22.620178,slurm_normal,1509087339.0,0,,1.0,main_w3_handler0,3295970,17236896,False,,11297554,slurm,,132112168.0,corral-repl,405819,mothur.list,,"""7f9c4bdebae311e7834c005056ba55fb""","""10""","[""chao"", ""sobs"", ""simpsoneven"", ""shannoneven"", ""coverage"", ""invsimpson"", ""shannon"", ""nseqs""]","""/cvmfs/data.galaxyproject.org/managed/len/ucsc/?.len""","""?""","""100.0""","""1000""",,"[{'src': 'hda', 'id': 31918421}]",,32.0,,,1509087332.0,ok,1023996.0,toolshed.g2.bx.psu.edu/repos/iuc/mothur_rarefaction_single/mothur_rarefaction_single/1.36.1.0,1.36.1.0,,2017-10-27 06:56:19.777217,72172.0,7.0
2017-10-27 06:57:03.477422,slurm_normal,1509087511.0,0,,1.0,main_w4_handler0,3295976,17236946,False,,11297592,slurm,,132112168.0,corral-repl,122389,mothur.list,,"""f3fc5a8cbae311e7a597005056ba55fb""","""10""","[""chao"", ""sobs"", ""simpsoneven"", ""shannoneven"", ""coverage"", ""invsimpson"", ""shannon"", ""nseqs""]","""/cvmfs/data.galaxyproject.org/managed/len/ucsc/?.len""","""?""","""100.0""","""1000""",,"[{'src': 'hda', 'id': 31918518}]",,32.0,,,1509087506.0,ok,1023996.0,toolshed.g2.bx.psu.edu/repos/iuc/mothur_rarefaction_single/mothur_rarefaction_single/1.36.1.0,1.36.1.0,,2017-10-27 06:58:41.563449,72172.0,5.0
2017-10-27 07:00:20.210291,slurm_normal,1509087685.0,0,,1.0,main_w3_handler1,3295980,17236977,False,,11297626,slurm,,132112168.0,corral-repl,643960,mothur.list,,"""6c6b2598bae411e7a597005056ba55fb""","""10""","[""chao"", ""sobs"", ""simpsoneven"", ""shannoneven"", ""coverage"", ""invsimpson"", ""shannon"", ""nseqs""]","""/cvmfs/data.galaxyproject.org/managed/len/ucsc/?.len""","""?""","""100.0""","""1000""",,"[{'src': 'hda', 'id': 31918596}]",,32.0,,,1509087679.0,ok,1023996.0,toolshed.g2.bx.psu.edu/repos/iuc/mothur_rarefaction_single/mothur_rarefaction_single/1.36.1.0,1.36.1.0,,2017-10-27 07:01:39.365921,72172.0,6.0
2017-10-27 07:01:23.945052,slurm_normal,1509087804.0,0,,1.0,main_w4_handler1,3295984,17236984,False,,11297642,slurm,,132112168.0,corral-repl,834399,mothur.list,,"""9844b274bae411e7b44f005056ba55fb""","""10""","[""chao"", ""sobs"", ""simpsoneven"", ""shannoneven"", ""coverage"", ""invsimpson"", ""shannon"", ""nseqs""]","""/cvmfs/data.galaxyproject.org/managed/len/ucsc/?.len""","""?""","""100.0""","""1000""",,"[{'src': 'hda', 'id': 31918621}]",,32.0,,,1509087790.0,ok,1023996.0,toolshed.g2.bx.psu.edu/repos/iuc/mothur_rarefaction_single/mothur_rarefaction_single/1.36.1.0,1.36.1.0,,2017-10-27 07:03:27.005181,72172.0,14.0
2017-10-27 07:08:55.761627,slurm_normal,1509088293.0,0,,1.0,main_w4_handler1,3295998,17237047,False,,11297719,slurm,,132112168.0,corral-repl,1173666,mothur.list,,"""a5ec48a0bae511e7952c005056ba55fb""","""10""","[""chao"", ""sobs"", ""simpsoneven"", ""shannoneven"", ""coverage"", ""invsimpson"", ""shannon"", ""nseqs""]","""/cvmfs/data.galaxyproject.org/managed/len/ucsc/?.len""","""?""","""100.0""","""1000""",,"[{'src': 'hda', 'id': 31918838}]",,32.0,,,1509088288.0,ok,1023996.0,toolshed.g2.bx.psu.edu/repos/iuc/mothur_rarefaction_single/mothur_rarefaction_single/1.36.1.0,1.36.1.0,,2017-10-27 07:11:38.091506,72172.0,5.0
2017-10-27 07:02:27.320856,slurm_normal,1509087844.0,0,,1.0,main_w3_handler0,3295987,17236992,False,,11297649,slurm,,132112168.0,corral-repl,426550,mothur.list,,"""c7e5103cbae411e78421005056ba55fb""","""10""","[""chao"", ""sobs"", ""simpsoneven"", ""shannoneven"", ""coverage"", ""invsimpson"", ""shannon"", ""nseqs""]","""/cvmfs/data.galaxyproject.org/managed/len/ucsc/?.len""","""?""","""100.0""","""1000""",,"[{'src': 'hda', 'id': 31918646}]",,32.0,,,1509087839.0,ok,1023996.0,toolshed.g2.bx.psu.edu/repos/iuc/mothur_rarefaction_single/mothur_rarefaction_single/1.36.1.0,1.36.1.0,,2017-10-27 07:04:56.704335,72172.0,5.0
2017-10-27 07:04:27.118207,slurm_normal,1509088015.0,0,,1.0,main_w4_handler0,3295992,17237006,False,,11297685,slurm,,132112168.0,corral-repl,716158,mothur.list,,"""00044064bae511e7b66c005056ba55fb""","""10""","[""chao"", ""sobs"", ""simpsoneven"", ""shannoneven"", ""coverage"", ""invsimpson"", ""shannon"", ""nseqs""]","""/cvmfs/data.galaxyproject.org/managed/len/ucsc/?.len""","""?""","""100.0""","""1000""",,"[{'src': 'hda', 'id': 31918694}]",,32.0,,,1509088009.0,ok,1023996.0,toolshed.g2.bx.psu.edu/repos/iuc/mothur_rarefaction_single/mothur_rarefaction_single/1.36.1.0,1.36.1.0,,2017-10-27 07:07:18.479170,72172.0,6.0
2017-10-27 07:06:19.324871,slurm_normal,1509088047.0,0,,1.0,main_w4_handler1,3295994,17237027,False,,11297693,slurm,,132112168.0,corral-repl,739662,mothur.list,,"""4783ffc4bae511e7b66c005056ba55fb""","""10""","[""chao"", ""sobs"", ""simpsoneven"", ""shannoneven"", ""coverage"", ""invsimpson"", ""shannon"", ""nseqs""]","""/cvmfs/data.galaxyproject.org/managed/len/ucsc/?.len""","""?""","""100.0""","""1000""",,"[{'src': 'hda', 'id': 31918765}]",,32.0,,,1509088040.0,ok,1023996.0,toolshed.g2.bx.psu.edu/repos/iuc/mothur_rarefaction_single/mothur_rarefaction_single/1.36.1.0,1.36.1.0,,2017-10-27 07:07:30.843525,72172.0,7.0
2017-10-27 07:05:09.938253,slurm_normal,1509088048.0,0,,1.0,main_w4_handler0,3295993,17237014,False,,11297694,slurm,,132112168.0,corral-repl,586808,mothur.list,,"""227abf7ebae511e7992d005056ba55fb""","""10""","[""chao"", ""sobs"", ""simpsoneven"", ""shannoneven"", ""coverage"", ""invsimpson"", ""shannon"", ""nseqs""]","""/cvmfs/data.galaxyproject.org/managed/len/ucsc/?.len""","""?""","""100.0""","""1000""",,"[{'src': 'hda', 'id': 31918720}]",,32.0,,,1509088043.0,ok,1023996.0,toolshed.g2.bx.psu.edu/repos/iuc/mothur_rarefaction_single/mothur_rarefaction_single/1.36.1.0,1.36.1.0,,2017-10-27 07:07:49.479298,72172.0,5.0
2017-10-27 07:20:52.860726,slurm_normal,1509088951.0,0,,1.0,main_w4_handler0,3296002,17237100,False,,11297779,slurm,,132112168.0,corral-repl,60235,mothur.list,,"""4fcbbc1abae711e79589005056ba55fb""","""10""","[""chao"", ""sobs"", ""simpsoneven"", ""shannoneven"", ""coverage"", ""invsimpson"", ""shannon"", ""nseqs""]","""/cvmfs/data.galaxyproject.org/managed/len/ucsc/?.len""","""?""","""100.0""","""1000""",,"[{'src': 'hda', 'id': 31918968}]",,32.0,,,1509088945.0,ok,1023996.0,toolshed.g2.bx.psu.edu/repos/iuc/mothur_rarefaction_single/mothur_rarefaction_single/1.36.1.0,1.36.1.0,,2017-10-27 07:22:52.018886,72172.0,6.0
2017-10-27 07:07:52.298528,slurm_normal,1509088352.0,0,,1.0,main_w4_handler0,3295997,17237035,False,,11297725,slurm,,132112168.0,corral-repl,1153274,mothur.list,,"""7f07cea8bae511e797bf005056ba55fb""","""10""","[""chao"", ""sobs"", ""simpsoneven"", ""shannoneven"", ""coverage"", ""invsimpson"", ""shannon"", ""nseqs""]","""/cvmfs/data.galaxyproject.org/managed/len/ucsc/?.len""","""?""","""100.0""","""1000""",,"[{'src': 'hda', 'id': 31918807}]",,32.0,,,1509088345.0,ok,1023996.0,toolshed.g2.bx.psu.edu/repos/iuc/mothur_rarefaction_single/mothur_rarefaction_single/1.36.1.0,1.36.1.0,,2017-10-27 07:12:59.714582,72172.0,7.0
2017-10-27 07:09:51.608097,slurm_normal,1509088423.0,0,,1.0,main_w3_handler1,3295999,17237056,False,,11297733,slurm,,132112168.0,corral-repl,1117763,mothur.list,,"""d0fa4650bae511e79b6c005056ba55fb""","""10""","[""chao"", ""sobs"", ""simpsoneven"", ""shannoneven"", ""coverage"", ""invsimpson"", ""shannon"", ""nseqs""]","""/cvmfs/data.galaxyproject.org/managed/len/ucsc/?.len""","""?""","""100.0""","""1000""",,"[{'src': 'hda', 'id': 31918862}]",,32.0,,,1509088418.0,ok,1023996.0,toolshed.g2.bx.psu.edu/repos/iuc/mothur_rarefaction_single/mothur_rarefaction_single/1.36.1.0,1.36.1.0,,2017-10-27 07:14:01.756063,72172.0,5.0
2017-10-27 07:21:37.930510,slurm_normal,1509089004.0,0,,1.0,main_w3_handler0,3296003,17237109,False,,11297785,slurm,,132112168.0,corral-repl,97453,mothur.list,,"""72375cd2bae711e79fc3005056ba55fb""","""10""","[""chao"", ""sobs"", ""simpsoneven"", ""shannoneven"", ""coverage"", ""invsimpson"", ""shannon"", ""nseqs""]","""/cvmfs/data.galaxyproject.org/managed/len/ucsc/?.len""","""?""","""100.0""","""1000""",,"[{'src': 'hda', 'id': 31918996}]",,32.0,,,1509088998.0,ok,1023996.0,toolshed.g2.bx.psu.edu/repos/iuc/mothur_rarefaction_single/mothur_rarefaction_single/1.36.1.0,1.36.1.0,,2017-10-27 07:23:57.424014,72172.0,6.0
2017-10-27 07:23:05.477820,slurm_normal,1509089078.0,0,,1.0,main_w4_handler0,3296005,17237119,False,,11297792,slurm,,132112168.0,corral-repl,7009,mothur.list,,"""a3d25620bae711e7bc1e005056ba55fb""","""10""","[""chao"", ""sobs"", ""simpsoneven"", ""shannoneven"", ""coverage"", ""invsimpson"", ""shannon"", ""nseqs""]","""/cvmfs/data.galaxyproject.org/managed/len/ucsc/?.len""","""?""","""100.0""","""1000""",,"[{'src': 'hda', 'id': 31919025}]",,32.0,,,1509089074.0,ok,1023996.0,toolshed.g2.bx.psu.edu/repos/iuc/mothur_rarefaction_single/mothur_rarefaction_single/1.36.1.0,1.36.1.0,,2017-10-27 07:24:54.861714,72172.0,4.0
2017-10-27 07:23:52.503120,slurm_normal,1509089137.0,0,,1.0,main_w3_handler1,3296007,17237125,False,,11297798,slurm,,132112168.0,corral-repl,16298,mothur.list,,"""c278297ebae711e7a0b1005056ba55fb""","""10""","[""chao"", ""sobs"", ""simpsoneven"", ""shannoneven"", ""coverage"", ""invsimpson"", ""shannon"", ""nseqs""]","""/cvmfs/data.galaxyproject.org/managed/len/ucsc/?.len""","""?""","""100.0""","""1000""",,"[{'src': 'hda', 'id': 31919046}]",,32.0,,,1509089131.0,ok,1023996.0,toolshed.g2.bx.psu.edu/repos/iuc/mothur_rarefaction_single/mothur_rarefaction_single/1.36.1.0,1.36.1.0,,2017-10-27 07:25:52.721509,72172.0,6.0
2017-11-01 09:05:55.342393,slurm_normal,1509527251.0,0,,1.0,main_w3_handler1,3302101,17283507,False,,11344792,slurm,,132112168.0,corral-repl,1405356,mothur.list,,"""d904bd7ebee311e78f91005056ba55fb""","""10""","[""chao"", ""sobs"", ""simpsoneven"", ""shannoneven"", ""coverage"", ""invsimpson"", ""shannon"", ""nseqs""]","""/cvmfs/data.galaxyproject.org/managed/len/ucsc/?.len""","""?""","""100.0""","""1000""",,"[{'src': 'hda', 'id': 31998749}]",,32.0,,,1509527245.0,ok,1023996.0,toolshed.g2.bx.psu.edu/repos/iuc/mothur_rarefaction_single/mothur_rarefaction_single/1.36.1.0,1.36.1.0,,2017-11-01 09:07:44.402478,72172.0,6.0
2017-11-01 09:56:01.894271,slurm_normal,1509530399.0,0,,1.0,main_w4_handler1,3302099,17283848,False,,11345156,slurm,,132112168.0,corral-repl,1308280,mothur.list,,"""dbaffb22beea11e7853a005056ba55fb""","""10""","[""chao"", ""sobs"", ""simpsoneven"", ""shannoneven"", ""coverage"", ""invsimpson"", ""shannon"", ""nseqs""]","""/cvmfs/data.galaxyproject.org/managed/len/ucsc/?.len""","""?""","""100.0""","""1000""",,"[{'src': 'hda', 'id': 31999307}]",,32.0,,,1509530393.0,ok,1023996.0,toolshed.g2.bx.psu.edu/repos/iuc/mothur_rarefaction_single/mothur_rarefaction_single/1.36.1.0,1.36.1.0,,2017-11-01 10:00:02.692754,72172.0,6.0
2017-11-01 11:09:08.680677,slurm_normal,1509534610.0,0,,1.0,main_w3_handler1,3306806,17284289,False,,11345707,slurm,,132112168.0,corral-repl,14008,mothur.list,,"""0f30b9b4bef511e7a493005056ba55fb""","""10""","[""chao"", ""sobs"", ""simpsoneven"", ""shannoneven"", ""coverage"", ""invsimpson"", ""shannon"", ""nseqs""]","""/cvmfs/data.galaxyproject.org/managed/len/ucsc/?.len""","""?""","""100.0""","""1000""",,"[{'src': 'hda', 'id': 32000134}]",,32.0,,,1509534606.0,ok,1023996.0,toolshed.g2.bx.psu.edu/repos/iuc/mothur_rarefaction_single/mothur_rarefaction_single/1.36.1.0,1.36.1.0,,2017-11-01 11:10:14.440645,72172.0,4.0
2017-11-01 11:10:14.153441,slurm_normal,1509534693.0,0,,1.0,main_w3_handler1,3302094,17284294,False,,11345714,slurm,,132112168.0,corral-repl,1330559,mothur.list,,"""3610ffc6bef511e7853a005056ba55fb""","""10""","[""chao"", ""sobs"", ""simpsoneven"", ""shannoneven"", ""coverage"", ""invsimpson"", ""shannon"", ""nseqs""]","""/cvmfs/data.galaxyproject.org/managed/len/ucsc/?.len""","""?""","""100.0""","""1000""",,"[{'src': 'hda', 'id': 32000145}]",,32.0,,,1509534686.0,ok,1023996.0,toolshed.g2.bx.psu.edu/repos/iuc/mothur_rarefaction_single/mothur_rarefaction_single/1.36.1.0,1.36.1.0,,2017-11-01 11:11:37.778925,72172.0,7.0
2017-11-01 11:11:15.867620,slurm_normal,1509534863.0,0,,1.0,main_w3_handler1,3302097,17284301,False,,11345726,slurm,,132112168.0,corral-repl,1001021,mothur.list,,"""5df156eebef511e7853a005056ba55fb""","""10""","[""chao"", ""sobs"", ""simpsoneven"", ""shannoneven"", ""coverage"", ""invsimpson"", ""shannon"", ""nseqs""]","""/cvmfs/data.galaxyproject.org/managed/len/ucsc/?.len""","""?""","""100.0""","""1000""",,"[{'src': 'hda', 'id': 32000171}]",,32.0,,,1509534857.0,ok,1023996.0,toolshed.g2.bx.psu.edu/repos/iuc/mothur_rarefaction_single/mothur_rarefaction_single/1.36.1.0,1.36.1.0,,2017-11-01 11:14:26.685093,72172.0,6.0
2017-11-01 11:26:51.952033,slurm_normal,1509535634.0,0,,1.0,main_w3_handler0,3295959,17284486,False,,11345876,slurm,,132112168.0,corral-repl,1786,mothur.list,,,"""10""","[""chao"", ""sobs"", ""simpsoneven"", ""shannoneven"", ""coverage"", ""simpson"", ""invsimpson"", ""shannon"", ""nseqs""]","""/cvmfs/data.galaxyproject.org/managed/len/ucsc/?.len""","""?""","""100.0""","""1000""",,"[{'src': 'hda', 'id': 32000458}]",,32.0,,41658202.0,1509535630.0,ok,1023996.0,toolshed.g2.bx.psu.edu/repos/iuc/mothur_rarefaction_single/mothur_rarefaction_single/1.36.1.0,1.36.1.0,,2017-11-01 11:27:35.877696,72172.0,4.0
2017-11-01 11:51:12.981394,slurm_normal,1509538316.0,0,,1.0,main_w4_handler1,3306882,17284663,False,,11346225,slurm,,132112168.0,corral-repl,342841,mothur.list,,"""f14fa922befa11e7b775005056ba55fb""","""10""","[""chao"", ""sobs"", ""simpsoneven"", ""shannoneven"", ""coverage"", ""invsimpson"", ""shannon"", ""nseqs""]","""/cvmfs/data.galaxyproject.org/managed/len/ucsc/?.len""","""?""","""100.0""","""1000""",,"[{'src': 'hda', 'id': 32000930}]",,32.0,,,1509538311.0,ok,1023996.0,toolshed.g2.bx.psu.edu/repos/iuc/mothur_rarefaction_single/mothur_rarefaction_single/1.36.1.0,1.36.1.0,,2017-11-01 12:12:29.598476,72172.0,5.0
2017-11-01 11:50:31.254752,slurm_normal,1509539946.0,0,,1.0,main_w3_handler1,3306883,17284658,False,,11346481,slurm,,132112168.0,corral-repl,465844,mothur.list,,"""ca1a0046befa11e78f9e005056ba55fb""","""10""","[""chao"", ""sobs"", ""simpsoneven"", ""shannoneven"", ""coverage"", ""invsimpson"", ""shannon"", ""nseqs""]","""/cvmfs/data.galaxyproject.org/managed/len/ucsc/?.len""","""?""","""100.0""","""1000""",,"[{'src': 'hda', 'id': 32000902}]",,32.0,,,1509539938.0,ok,1023996.0,toolshed.g2.bx.psu.edu/repos/iuc/mothur_rarefaction_single/mothur_rarefaction_single/1.36.1.0,1.36.1.0,,2017-11-01 12:39:10.316874,72172.0,8.0
2017-11-01 11:49:23.244541,slurm_normal,1509541107.0,0,,1.0,main_w4_handler1,3306884,17284653,False,,11346554,slurm,,132112168.0,corral-repl,571930,mothur.list,,"""ad633832befa11e7806a005056ba55fb""","""10""","[""chao"", ""sobs"", ""simpsoneven"", ""shannoneven"", ""coverage"", ""invsimpson"", ""shannon"", ""nseqs""]","""/cvmfs/data.galaxyproject.org/managed/len/ucsc/?.len""","""?""","""100.0""","""1000""",,"[{'src': 'hda', 'id': 32000893}]",,32.0,,,1509541100.0,ok,1023996.0,toolshed.g2.bx.psu.edu/repos/iuc/mothur_rarefaction_single/mothur_rarefaction_single/1.36.1.0,1.36.1.0,,2017-11-01 12:58:41.679001,72172.0,7.0
2017-11-02 07:52:48.510499,slurm_normal,1509609189.0,0,,1.0,main_w4_handler0,3307905,17295439,False,,11357695,slurm,,132112168.0,corral-repl,4276,mothur.shared,,,"""10""","[""sobs""]","""/cvmfs/data.galaxyproject.org/managed/len/ucsc/?.len""","""?""","""100.0""","""1000""",,"[{'src': 'hda', 'id': 32018293}]",,32.0,,41627267.0,1509609182.0,ok,1023996.0,toolshed.g2.bx.psu.edu/repos/iuc/mothur_rarefaction_single/mothur_rarefaction_single/1.36.1.0,1.36.1.0,,2017-11-02 07:53:12.228504,36706.0,7.0
2017-11-04 14:47:54.761655,slurm_normal,1509806894.0,0,,1.0,main_w4_handler0,3310785,17327449,False,,11389001,slurm,,132112168.0,corral-repl,341,mothur.shared,,,"""10""","[""sobs""]","""/cvmfs/data.galaxyproject.org/managed/len/ucsc/?.len""","""?""","""100.0""","""1000""",,"[{'src': 'hda', 'id': 32064767}]",,32.0,,40381825.0,1509806890.0,ok,1023996.0,toolshed.g2.bx.psu.edu/repos/iuc/mothur_rarefaction_single/mothur_rarefaction_single/1.36.1.0,1.36.1.0,,2017-11-04 14:48:18.406905,94887.0,4.0
2017-11-04 14:57:12.545443,slurm_normal,1509807455.0,0,,1.0,main_w3_handler1,3310785,17327472,False,,11389028,slurm,,132112168.0,corral-repl,20685,mothur.shared,,,"""10""","[""sobs""]","""/cvmfs/data.galaxyproject.org/managed/len/ucsc/?.len""","""?""","""100.0""","""1000""",,"[{'src': 'hda', 'id': 32064796}]",,32.0,,40381825.0,1509807445.0,ok,1023996.0,toolshed.g2.bx.psu.edu/repos/iuc/mothur_rarefaction_single/mothur_rarefaction_single/1.36.1.0,1.36.1.0,,2017-11-04 14:57:39.220980,94887.0,10.0
2017-11-08 01:38:06.753323,slurm_normal,1510105124.0,0,,1.0,main_w4_handler1,3308920,17376093,False,,11436450,slurm,,132112168.0,corral-repl,16142,mothur.shared,,,"""10""","[""sobs""]","""/cvmfs/data.galaxyproject.org/managed/len/ucsc/?.len""","""?""","""100.0""","""1000""",,"[{'src': 'hda', 'id': 32141055}]",,32.0,,41628482.0,1510105118.0,ok,1023996.0,toolshed.g2.bx.psu.edu/repos/iuc/mothur_rarefaction_single/mothur_rarefaction_single/1.36.1.0,1.36.1.0,,2017-11-08 01:38:52.759411,110821.0,6.0
2017-11-09 03:27:27.585573,slurm_normal,1510198138.0,0,,1.0,main_w4_handler1,3307905,17390784,False,,11452283,slurm,,132112168.0,corral-repl,102410,mothur.shared,,,"""10""","[""sobs""]","""/cvmfs/data.galaxyproject.org/managed/len/ucsc/?.len""","""?""","""100.0""","""1000""",,"[{'src': 'hda', 'id': 32028813}]",,32.0,,41627267.0,1510198101.0,ok,1023996.0,toolshed.g2.bx.psu.edu/repos/iuc/mothur_rarefaction_single/mothur_rarefaction_single/1.36.1.0,1.36.1.0,,2017-11-09 03:29:24.540327,36706.0,37.0
2017-11-09 22:32:45.318090,slurm_normal,1510266805.0,0,,1.0,main_w3_handler0,3315882,17404041,False,,11465412,slurm,,132112168.0,corral-repl,117015,mothur.shared,,,"""10""","[""sobs""]","""/cvmfs/data.galaxyproject.org/managed/len/ucsc/?.len""","""?""","""100.0""","""1000""",,"[{'src': 'hda', 'id': 32209673}]",,32.0,,40487806.0,1510266775.0,ok,1023996.0,toolshed.g2.bx.psu.edu/repos/iuc/mothur_rarefaction_single/mothur_rarefaction_single/1.36.1.0,1.36.1.0,,2017-11-09 22:33:28.529051,110860.0,30.0
2017-11-09 23:18:25.888546,slurm_normal,1510269550.0,0,,1.0,main_w4_handler1,3315882,17404436,False,,11465778,slurm,,132112168.0,corral-repl,117015,mothur.shared,,,"""10""","[""sobs""]","""/cvmfs/data.galaxyproject.org/managed/len/ucsc/?.len""","""?""","""100.0""","""1000""",,"[{'src': 'hda', 'id': 32209673}]",,32.0,,40487806.0,1510269522.0,ok,1023996.0,toolshed.g2.bx.psu.edu/repos/iuc/mothur_rarefaction_single/mothur_rarefaction_single/1.36.1.0,1.36.1.0,,2017-11-09 23:19:15.571613,110860.0,28.0
2017-11-13 06:51:13.426075,slurm_normal,1510556223.0,0,,1.0,main_w3_handler0,3320025,17433912,False,,11491975,slurm,,132112168.0,corral-repl,106699,mothur.list,,"""06ac51f6c83f11e78a8e005056ba55fb""","""10""","[""chao"", ""sobs"", ""simpsoneven"", ""shannoneven"", ""coverage"", ""invsimpson"", ""shannon"", ""nseqs""]","""/cvmfs/data.galaxyproject.org/managed/len/ucsc/?.len""","""?""","""100.0""","""1000""",,"[{'src': 'hda', 'id': 32275389}]",,32.0,,,1510556218.0,ok,1023996.0,toolshed.g2.bx.psu.edu/repos/iuc/mothur_rarefaction_single/mothur_rarefaction_single/1.36.1.0,1.36.1.0,,2017-11-13 06:57:26.610620,72172.0,5.0
2018-01-19 02:20:24.471109,slurm_normal,1516328959.0,0,,1.0,main_w4_handler1,3397277,18079672,False,,12158026,slurm,,132112168.0,corral-repl,386273,mothur.shared,,,"""10""","[""sobs"", ""simpson"", ""shannon""]","""/cvmfs/data.galaxyproject.org/managed/len/ucsc/?.len""","""?""","""100.0""","""1000""",,"[{'src': 'hda', 'id': 33381372}]",,32.0,,42668866.0,1516328432.0,ok,1023996.0,toolshed.g2.bx.psu.edu/repos/iuc/mothur_rarefaction_single/mothur_rarefaction_single/1.36.1.0,1.36.1.0,,2018-01-19 02:29:22.775796,112430.0,527.0
2017-11-14 15:25:12.948697,slurm_normal,1510673127.0,0,,1.0,main_w3_handler1,3323166,17454803,False,,11512511,slurm,,132112168.0,corral-repl,65,mothur.shared,,,"""10""","[""sobs""]","""/cvmfs/data.galaxyproject.org/managed/len/ucsc/?.len""","""?""","""100.0""","""1000""",,"[{'src': 'hda', 'id': 32309495}]",,32.0,,41960222.0,1510673122.0,ok,1023996.0,toolshed.g2.bx.psu.edu/repos/iuc/mothur_rarefaction_single/mothur_rarefaction_single/1.36.1.0,1.36.1.0,,2017-11-14 15:25:30.767767,74066.0,5.0
2017-11-15 23:54:19.936597,slurm_normal,1510790119.0,0,,1.0,main_w4_handler1,3308920,17476181,False,,11533361,slurm,,132112168.0,corral-repl,655238,mothur.shared,,,"""10""","[""sobs""]","""/cvmfs/data.galaxyproject.org/managed/len/ucsc/?.len""","""?""","""100.0""","""1000""",,"[{'src': 'hda', 'id': 32141533}]",,32.0,,41894613.0,1510790088.0,ok,1023996.0,toolshed.g2.bx.psu.edu/repos/iuc/mothur_rarefaction_single/mothur_rarefaction_single/1.36.1.0,1.36.1.0,,2017-11-15 23:55:39.420696,110821.0,31.0
2017-11-16 01:45:51.336858,slurm_normal,1510796825.0,0,,1.0,main_w4_handler0,3308920,17476726,False,,11533937,slurm,,132112168.0,corral-repl,655238,mothur.shared,,,"""10""","[""sobs""]","""/cvmfs/data.galaxyproject.org/managed/len/ucsc/?.len""","""?""","""100.0""","""1000""",,"[{'src': 'hda', 'id': 32141533}]",,32.0,,41894613.0,1510796799.0,ok,1023996.0,toolshed.g2.bx.psu.edu/repos/iuc/mothur_rarefaction_single/mothur_rarefaction_single/1.36.1.0,1.36.1.0,,2017-11-16 01:47:39.514295,110821.0,26.0
2017-11-16 02:28:37.849856,slurm_normal,1510799362.0,0,,1.0,main_w3_handler1,3308920,17476915,False,,11534166,slurm,,132112168.0,corral-repl,655238,mothur.shared,,,"""10""","[""sobs""]","""/cvmfs/data.galaxyproject.org/managed/len/ucsc/?.len""","""?""","""100.0""","""1000""",,"[{'src': 'hda', 'id': 32141533}]",,32.0,,41894613.0,1510799335.0,ok,1023996.0,toolshed.g2.bx.psu.edu/repos/iuc/mothur_rarefaction_single/mothur_rarefaction_single/1.36.1.0,1.36.1.0,,2017-11-16 02:29:31.006016,110821.0,27.0
2017-11-16 14:06:13.518819,slurm_normal,1510841204.0,0,,1.0,main_w3_handler0,3318340,17482500,False,,11540231,slurm,,132112168.0,corral-repl,63190,mothur.shared,,,"""10""","[""sobs""]","""/cvmfs/data.galaxyproject.org/managed/len/ucsc/?.len""","""?""","""100.0""","""1000""",,"[{'src': 'hda', 'id': 32353603}]",,32.0,,41242785.0,1510841196.0,ok,1023996.0,toolshed.g2.bx.psu.edu/repos/iuc/mothur_rarefaction_single/mothur_rarefaction_single/1.36.1.0,1.36.1.0,,2017-11-16 14:06:52.727911,113500.0,8.0
2017-11-17 06:23:31.197566,slurm_normal,1510899831.0,0,,1.0,main_w3_handler1,3318340,17489098,False,,11547348,slurm,,132112168.0,corral-repl,62079,mothur.shared,,,"""10""","[""sobs""]","""/cvmfs/data.galaxyproject.org/managed/len/ucsc/?.len""","""?""","""100.0""","""1000""",,"[{'src': 'hda', 'id': 32367603}]",,32.0,,41242785.0,1510899826.0,ok,1023996.0,toolshed.g2.bx.psu.edu/repos/iuc/mothur_rarefaction_single/mothur_rarefaction_single/1.36.1.0,1.36.1.0,,2017-11-17 06:23:59.504722,113500.0,5.0
2017-11-18 13:09:09.254763,slurm_normal,1511010561.0,0,,1.0,main_w3_handler1,3329759,17502221,False,,11562350,slurm,,132112168.0,corral-repl,340,mothur.shared,,,"""10""","[""sobs""]","""/cvmfs/data.galaxyproject.org/managed/len/ucsc/?.len""","""?""","""100.0""","""1000""",,"[{'src': 'hda', 'id': 32387521}]",,32.0,,42083511.0,1511010556.0,ok,1023996.0,toolshed.g2.bx.psu.edu/repos/iuc/mothur_rarefaction_single/mothur_rarefaction_single/1.36.1.0,1.36.1.0,,2017-11-18 13:09:28.728936,113498.0,5.0
2017-11-19 07:13:39.940871,slurm_normal,1511075632.0,0,,1.0,main_w3_handler0,3329759,17505930,False,,11566456,slurm,,132112168.0,corral-repl,20895,mothur.shared,,,"""10""","[""sobs""]","""/cvmfs/data.galaxyproject.org/managed/len/ucsc/?.len""","""?""","""100.0""","""1000""",,"[{'src': 'hda', 'id': 32387637}]",,32.0,,42083511.0,1511075622.0,ok,1023996.0,toolshed.g2.bx.psu.edu/repos/iuc/mothur_rarefaction_single/mothur_rarefaction_single/1.36.1.0,1.36.1.0,,2017-11-19 07:13:53.810526,113498.0,10.0
2018-03-06 13:13:55.959169,slurm_normal,1520342051.0,0,7680.0,1.0,main_w3_handler1,3443094,18623467,False,,12719821,slurm,,132112168.0,corral-repl,340,mothur.shared,,,"""10""","[""sobs""]","""/cvmfs/data.galaxyproject.org/managed/len/ucsc/?.len""","""?""","""100.0""","""1000""",,"[{'src': 'hda', 'id': 34238093}]",,32.0,,44368180.0,1520342045.0,ok,1023996.0,toolshed.g2.bx.psu.edu/repos/iuc/mothur_rarefaction_single/mothur_rarefaction_single/1.36.1.0,1.36.1.0,,2018-03-06 13:14:15.518237,122824.0,6.0
2018-03-06 13:46:32.042494,slurm_normal,1520344011.0,0,7680.0,1.0,main_w4_handler1,3443094,18623831,False,,12720124,slurm,,132112168.0,corral-repl,20988,mothur.shared,,,"""10""","[""sobs""]","""/cvmfs/data.galaxyproject.org/managed/len/ucsc/?.len""","""?""","""100.0""","""1000""",,"[{'src': 'hda', 'id': 34238389}]",,32.0,,44368180.0,1520344001.0,ok,1023996.0,toolshed.g2.bx.psu.edu/repos/iuc/mothur_rarefaction_single/mothur_rarefaction_single/1.36.1.0,1.36.1.0,,2018-03-06 13:46:53.110718,122824.0,10.0
2018-01-12 16:28:48.434182,slurm_normal,1515774539.0,0,,1.0,main_w3_handler0,3287353,18018450,False,,12095796,slurm,,132112168.0,corral-repl,15346,mothur.shared,,,"""10""","[""sobs""]","""/cvmfs/data.galaxyproject.org/managed/len/ucsc/?.len""","""?""","""100.0""","""1000""",,"[{'src': 'hda', 'id': 33288035}]",,32.0,,43135597.0,1515774531.0,ok,1023996.0,toolshed.g2.bx.psu.edu/repos/iuc/mothur_rarefaction_single/mothur_rarefaction_single/1.36.1.0,1.36.1.0,,2018-01-12 16:29:02.319696,113659.0,8.0
2018-01-12 16:42:47.616072,slurm_normal,1515775379.0,0,,1.0,main_w4_handler0,3287353,18018577,False,,12095935,slurm,,132112168.0,corral-repl,16268,mothur.shared,,,"""10""","[""sobs""]","""/cvmfs/data.galaxyproject.org/managed/len/ucsc/?.len""","""?""","""100.0""","""1000""",,"[{'src': 'hda', 'id': 33288209}]",,32.0,,43135597.0,1515775370.0,ok,1023996.0,toolshed.g2.bx.psu.edu/repos/iuc/mothur_rarefaction_single/mothur_rarefaction_single/1.36.1.0,1.36.1.0,,2018-01-12 16:43:01.116362,113659.0,9.0
