create_time,destination_id,end_epoch,exit_code,fastq1,fastq1_filetype,fastq2,fastq2_filetype,galaxy_slots,handler,history_id,id,imported,info,job_runner_external_id,job_runner_name,library_folder_id,memtotal,object_store_id,param_filename,parameters.__workflow_invocation_uuid__,parameters.chromInfo,parameters.dbkey,parameters.fastq1.values,parameters.fastq2.values,parameters.invariant,parameters.taglen,processor_count,runner_name,session_id,start_epoch,state,swaptotal,tool_id,tool_version,traceback,update_time,user_id,runtime
2017-04-26 12:52:55.571690,slurm_normal,1493211198.0,0,78570998,fastq,81664924,fastq,1.0,main_w3_handler0,3086271,15681180,False,,9795671.roundup,slurm,,132112168.0,corral-repl,,,"""/galaxy-repl/localdata/chrom/?.len""","""?""","[{'src': 'hda', 'id': 29365984}]","[{'src': 'hda', 'id': 29365987}]","""5""","""12""",32.0,,37546375.0,1493211179.0,ok,1023996.0,toolshed.g2.bx.psu.edu/repos/nick/dunovo/make_families/0.7,0.7,,2017-04-26 12:53:22.904907,,19.0
2017-03-09 18:25:11.871723,slurm_normal,1489084114.0,0,2395423366,fastqsanger,2426575770,fastqsanger,1.0,main_w3_handler0,3025707,15256107,False,,9401953.roundup,slurm,,132112168.0,corral-repl,,"""9adeff5804f511e780e5005056a51846""","""/galaxy-repl/localdata/chrom/?.len""","""?""","[{'src': 'hda', 'id': 28301895}]","[{'src': 'hda', 'id': 28301899}]","""5""","""12""",32.0,,,1489083915.0,ok,1023996.0,toolshed.g2.bx.psu.edu/repos/nick/dunovo/make_families/0.7,0.7,,2017-03-09 18:28:35.188405,61346.0,199.0
2017-03-19 06:25:55.338470,slurm_normal,1489904763.0,0,2655202,fastqcssanger,2655202,fastqcssanger,1.0,main_w3_handler0,3037135,15334563,False,,9474736.roundup,slurm,,132112168.0,corral-repl,,,"""/galaxy-repl/localdata/chrom/?.len""","""?""","[{'src': 'hda', 'id': 28823263}]","[{'src': 'hda', 'id': 28823263}]","""5""","""12""",32.0,,36705139.0,1489904758.0,ok,1023996.0,toolshed.g2.bx.psu.edu/repos/nick/dunovo/make_families/0.7,0.7,,2017-03-19 06:26:06.456898,,5.0
2017-06-19 15:03:34.404170,slurm_normal,1497884798.0,0,3388737894,fastq,3387279916,fastq,1.0,main_w4_handler1,3163085,16132960,False,,10212727.roundup,slurm,,132112168.0,corral-repl,,"""73f04ac2550011e789b9005056a51846""","""/galaxy-repl/localdata/chrom/?.len""","""?""","[{'src': 'hda', 'id': 30081158}]","[{'src': 'hda', 'id': 30081159}]","""5""","""12""",32.0,,,1497884631.0,ok,1023996.0,toolshed.g2.bx.psu.edu/repos/nick/dunovo/make_families/0.7,0.7,,2017-06-19 15:06:42.729318,73233.0,167.0
2017-05-30 09:42:26.726506,slurm_normal,1496137825.0,0,7265412784,fastq,6994084870,fastq,1.0,main_w4_handler1,3123065,15966769,False,,10063626.roundup,slurm,,132112168.0,corral-repl,,,"""/galaxy-repl/localdata/chrom/?.len""","""?""","[{'src': 'hda', 'id': 29727881}]","[{'src': 'hda', 'id': 29727883}]","""5""","""12""",32.0,,38154576.0,1496137364.0,ok,1023996.0,toolshed.g2.bx.psu.edu/repos/nick/dunovo/make_families/0.7,0.7,,2017-05-30 09:50:28.948732,106443.0,461.0
2017-05-30 09:43:58.705240,slurm_normal,1496137466.0,0,24190206,fastqsanger,24190206,fastqsanger,1.0,main_w3_handler1,3132543,15966775,False,,10063633.roundup,slurm,,132112168.0,corral-repl,,,"""/galaxy-repl/localdata/chrom/?.len""","""?""","[{'src': 'hda', 'id': 29814096}]","[{'src': 'hda', 'id': 29814096}]","""5""","""12""",32.0,,38302791.0,1496137453.0,ok,1023996.0,toolshed.g2.bx.psu.edu/repos/nick/dunovo/make_families/0.7,0.7,,2017-05-30 09:44:29.980237,106821.0,13.0
2017-05-31 14:46:44.237427,slurm_normal,1496243238.0,0,2002393574,fastq,2001016880,fastq,1.0,main_w4_handler1,3134527,15979424,False,,10075085.roundup,slurm,,132112168.0,corral-repl,,"""f44fcf4e460f11e79cab005056a52a46""","""/galaxy-repl/localdata/chrom/?.len""","""?""","[{'src': 'hda', 'id': 29833154}]","[{'src': 'hda', 'id': 29833161}]","""5""","""12""",32.0,,,1496243114.0,ok,1023996.0,toolshed.g2.bx.psu.edu/repos/nick/dunovo/make_families/0.7,0.7,,2017-05-31 15:09:48.507209,73233.0,124.0
2017-05-31 15:05:12.630299,slurm_normal,1496243633.0,0,2867013133,fastq,2863841017,fastq,1.0,main_w3_handler0,3134526,15979579,False,,10075189.roundup,slurm,,132112168.0,corral-repl,,"""7e2b5f88461211e79cad005056a51846""","""/galaxy-repl/localdata/chrom/?.len""","""?""","[{'src': 'hda', 'id': 29833178}]","[{'src': 'hda', 'id': 29833205}]","""5""","""12""",32.0,,,1496243488.0,ok,1023996.0,toolshed.g2.bx.psu.edu/repos/nick/dunovo/make_families/0.7,0.7,,2017-05-31 15:14:02.266996,73233.0,145.0
2017-05-31 16:43:37.753339,slurm_normal,1496250849.0,0,8451882760,fastq,8451882760,fastq,1.0,main_w3_handler1,3109079,15980761,False,,10076217.roundup,slurm,,132112168.0,corral-repl,,,"""/galaxy-repl/localdata/chrom/?.len""","""?""","[{'src': 'hda', 'id': 29836320}]","[{'src': 'hda', 'id': 29836320}]","""5""","""12""",32.0,,37944703.0,1496250391.0,ok,1023996.0,toolshed.g2.bx.psu.edu/repos/nick/dunovo/make_families/0.7,0.7,,2017-05-31 17:14:15.738768,105762.0,458.0
2017-02-26 06:42:35.203007,slurm_normal,1488091375.0,0,56321194,fastqsanger,56321194,fastqsanger,1.0,main_w3_handler0,2999384,15145462,False,,9298049.roundup,slurm,,132112168.0,corral-repl,,,"""/galaxy-repl/localdata/chrom/?.len""","""?""","[{'src': 'hda', 'id': 28520331}]","[{'src': 'hda', 'id': 28520331}]","""5""","""12""",32.0,,36185688.0,1488091358.0,ok,1023996.0,toolshed.g2.bx.psu.edu/repos/nick/dunovo/make_families/0.7,0.7,,2017-02-26 06:42:57.663002,100555.0,17.0
2017-06-01 01:04:11.787507,slurm_normal,1496279210.0,0,3008134387,fastq,3005553689,fastq,1.0,main_w3_handler1,3134525,15984158,False,,10079508.roundup,slurm,,132112168.0,corral-repl,,"""36606b54466611e7bff9005056a52a46""","""/galaxy-repl/localdata/chrom/?.len""","""?""","[{'src': 'hda', 'id': 29833239}]","[{'src': 'hda', 'id': 29833263}]","""5""","""12""",32.0,,,1496279064.0,ok,1023996.0,toolshed.g2.bx.psu.edu/repos/nick/dunovo/make_families/0.7,0.7,,2017-06-01 01:06:52.181618,73233.0,146.0
2017-02-28 15:26:33.580572,slurm_normal,1488295624.0,0,4375560,fastq,4370800,fastq,1.0,main_w3_handler0,2993550,15167624,False,,9318729.roundup,slurm,,132112168.0,corral-repl,,,"""/galaxy-repl/localdata/chrom/mm10.len""","""mm10""","[{'src': 'hda', 'id': 28327810}]","[{'src': 'hda', 'id': 28327175}]","""5""","""12""",32.0,,36003039.0,1488295599.0,ok,1023996.0,toolshed.g2.bx.psu.edu/repos/nick/dunovo/make_families/0.7,0.7,,2017-02-28 15:27:09.304474,21457.0,25.0
2017-03-28 21:46:20.415179,slurm_normal,1490741416.0,0,19873549946,fastqsanger,19873549946,fastqsanger,1.0,main_w3_handler0,3034899,15418619,False,,9550706.roundup,slurm,,132112168.0,corral-repl,,,"""/galaxy-repl/localdata/chrom/?.len""","""?""","[{'src': 'hda', 'id': 28954230}]","[{'src': 'hda', 'id': 28954230}]","""5""","""12""",32.0,,36892866.0,1490738099.0,ok,1023996.0,toolshed.g2.bx.psu.edu/repos/nick/dunovo/make_families/0.7,0.7,,2017-03-28 22:50:21.932589,102243.0,3317.0
2017-06-01 14:13:35.824558,slurm_normal,1496326891.0,0,2973436022,fastq,2971160318,fastq,1.0,main_w3_handler0,3134524,15989289,False,,10084084.roundup,slurm,,132112168.0,corral-repl,,"""7dd5b2f046d411e7916e005056a52a46""","""/galaxy-repl/localdata/chrom/?.len""","""?""","[{'src': 'hda', 'id': 29833098}]","[{'src': 'hda', 'id': 29833137}]","""5""","""12""",32.0,,,1496326745.0,ok,1023996.0,toolshed.g2.bx.psu.edu/repos/nick/dunovo/make_families/0.7,0.7,,2017-06-01 14:21:39.959127,73233.0,146.0
2017-06-01 12:51:14.969012,slurm_normal,1496323135.0,0,1791292727,fastqsanger,1804029521,fastqsanger,1.0,main_w4_handler0,3109485,15988718,False,,10083568.roundup,slurm,,132112168.0,corral-repl,,"""fc6d78d446c811e7bff9005056a52a46""","""/galaxy-repl/localdata/chrom/?.len""","""?""","[{'src': 'hda', 'id': 29600837}]","[{'src': 'hda', 'id': 29600839}]","""5""","""12""",32.0,,,1496323045.0,ok,1023996.0,toolshed.g2.bx.psu.edu/repos/nick/dunovo/make_families/0.7,0.7,,2017-06-01 13:19:00.075647,61346.0,90.0
2017-06-01 18:22:47.359712,slurm_normal,1496341486.0,0,2002393574,fastq,2001016880,fastq,1.0,main_w3_handler1,3136423,15991270,False,,10086118.roundup,slurm,,132112168.0,corral-repl,,"""4cd0a9a846f711e79e90005056a52a46""","""/galaxy-repl/localdata/chrom/?.len""","""?""","[{'src': 'hda', 'id': 29852664}]","[{'src': 'hda', 'id': 29852665}]","""5""","""12""",32.0,,,1496341394.0,ok,1023996.0,toolshed.g2.bx.psu.edu/repos/nick/dunovo/make_families/0.7,0.7,,2017-06-01 18:24:48.569061,73233.0,92.0
2017-03-30 10:40:27.550180,slurm_normal,1490882713.0,0,8699116802,fastqsanger,7713106049,fastqsanger,1.0,main_w4_handler0,3051188,15434216,False,,9566368.roundup,slurm,,132112168.0,corral-repl,,"""48d77082153511e7bee7005056a52a46""","""/galaxy-repl/localdata/chrom/?.len""","""?""","[{'src': 'hda', 'id': 28973551}]","[{'src': 'hda', 'id': 28973552}]","""5""","""12""",32.0,,,1490880619.0,ok,1023996.0,toolshed.g2.bx.psu.edu/repos/nick/dunovo/make_families/0.7,0.7,,2017-03-30 14:05:17.462061,84316.0,2094.0
2017-03-31 15:57:01.662049,slurm_normal,1490976101.0,0,1943371098,fastq,2004889838,fastq,1.0,main_w3_handler0,3015217,15449464,False,,9580018.roundup,slurm,,132112168.0,corral-repl,,,"""/galaxy-repl/localdata/chrom/?.len""","""?""","[{'src': 'hda', 'id': 29000829}]","[{'src': 'hda', 'id': 29000830}]","""5""","""12""",32.0,,37016417.0,1490975825.0,ok,1023996.0,toolshed.g2.bx.psu.edu/repos/nick/dunovo/make_families/0.7,0.7,,2017-03-31 16:01:44.003017,86660.0,276.0
2017-06-02 13:30:28.464189,slurm_normal,1496411113.0,0,1512962219,fastqsanger,1523669719,fastqsanger,1.0,main_w4_handler0,3137383,15999177,False,,10093358.roundup,slurm,,132112168.0,corral-repl,,"""a1fccfce479711e7b81f005056a52a46""","""/galaxy-repl/localdata/chrom/?.len""","""?""","[{'src': 'hda', 'id': 29864698}]","[{'src': 'hda', 'id': 29864699}]","""5""","""12""",32.0,,,1496411032.0,ok,1023996.0,toolshed.g2.bx.psu.edu/repos/nick/dunovo/make_families/0.7,0.7,,2017-06-02 13:45:22.408256,61346.0,81.0
2017-03-06 12:23:49.220241,slurm_normal,1488803066.0,0,89844082,fastq,138727934,fastq,1.0,main_w3_handler1,3020283,15219035,False,,9367924.roundup,slurm,,132112168.0,corral-repl,,,"""/galaxy-repl/localdata/chrom/?.len""","""?""","[{'src': 'hda', 'id': 28636183}]","[{'src': 'hda', 'id': 28636332}]","""5""","""12""",32.0,,36456593.0,1488803034.0,ok,1023996.0,toolshed.g2.bx.psu.edu/repos/nick/dunovo/make_families/0.7,0.7,,2017-03-06 12:24:27.506525,75722.0,32.0
2017-06-03 01:09:26.438957,slurm_normal,1496452270.0,0,1360047533,fastqsanger,1365780701,fastqsanger,1.0,main_w4_handler1,3137574,16003346,False,,10097406.roundup,slurm,,132112168.0,corral-repl,,"""475aa37c47f911e7ac68005056a52a46""","""/galaxy-repl/localdata/chrom/?.len""","""?""","[{'src': 'hda', 'id': 29867551}]","[{'src': 'hda', 'id': 29867550}]","""5""","""12""",32.0,,,1496452179.0,ok,1023996.0,toolshed.g2.bx.psu.edu/repos/nick/dunovo/make_families/0.7,0.7,,2017-06-03 01:11:11.927719,61346.0,91.0
2017-02-28 02:42:19.305844,slurm_normal,1488249915.0,0,2395423366,fastqsanger,2426575770,fastqsanger,1.0,main_w3_handler0,3012876,15161287,False,,9312839.roundup,slurm,,132112168.0,corral-repl,,"""84b9b922fd5f11e6bc7f005056a51846""","""/galaxy-repl/localdata/chrom/?.len""","""?""","[{'src': 'hda', 'id': 28301895}]","[{'src': 'hda', 'id': 28301899}]","""5""","""12""",32.0,,,1488249743.0,ok,1023996.0,toolshed.g2.bx.psu.edu/repos/nick/dunovo/make_families/0.7,0.7,,2017-02-28 02:45:18.249189,61346.0,172.0
2017-02-28 15:24:14.745014,slurm_normal,1488295480.0,0,2682565,fastq,2679931,fastq,1.0,main_w4_handler1,2993550,15167581,False,,9318705.roundup,slurm,,132112168.0,corral-repl,,,"""/galaxy-repl/localdata/chrom/mm10.len""","""mm10""","[{'src': 'hda', 'id': 28327220}]","[{'src': 'hda', 'id': 28327221}]","""5""","""12""",32.0,,36003039.0,1488295463.0,ok,1023996.0,toolshed.g2.bx.psu.edu/repos/nick/dunovo/make_families/0.7,0.7,,2017-02-28 15:24:45.396372,21457.0,17.0
2017-02-28 20:09:52.640142,slurm_normal,1488312603.0,0,1447,fastq,1447,fastq,1.0,main_w3_handler0,3014095,15170860,False,,9321760.roundup,slurm,,132112168.0,corral-repl,,,"""/galaxy-repl/localdata/chrom/?.len""","""?""","[{'src': 'hda', 'id': 28559630}]","[{'src': 'hda', 'id': 28559631}]","""5""","""12""",32.0,,36138488.0,1488312598.0,ok,1023996.0,toolshed.g2.bx.psu.edu/repos/nick/dunovo/make_families/0.7,0.7,,2017-02-28 20:10:06.099588,24894.0,5.0
2017-02-28 22:20:06.070406,slurm_normal,1488320711.0,0,5390319150,fastqsanger,5390319150,fastqsanger,1.0,main_w3_handler0,2991023,15172039,False,,9322870.roundup,slurm,,132112168.0,corral-repl,,,"""/galaxy-repl/localdata/chrom/?.len""","""?""","[{'src': 'hda', 'id': 28392019}]","[{'src': 'hda', 'id': 28392019}]","""5""","""12""",32.0,,35969333.0,1488320410.0,ok,1023996.0,toolshed.g2.bx.psu.edu/repos/nick/dunovo/make_families/0.7,0.7,,2017-02-28 22:25:12.975090,67880.0,301.0
2017-04-04 18:47:28.769623,slurm_normal,1491331786.0,0,592555206,fastq,592702854,fastq,1.0,main_w4_handler1,3059408,15487155,False,,9614327.roundup,slurm,,132112168.0,corral-repl,,,"""/galaxy-repl/localdata/chrom/?.len""","""?""","[{'src': 'hda', 'id': 29069199}]","[{'src': 'hda', 'id': 29069200}]","""5""","""12""",32.0,,36436426.0,1491331689.0,ok,1023996.0,toolshed.g2.bx.psu.edu/repos/nick/dunovo/make_families/0.7,0.7,,2017-04-04 18:49:49.925124,50564.0,97.0
2017-03-01 06:52:26.830784,slurm_normal,1488351191.0,0,63978876,fastq,63978876,fastq,1.0,main_w4_handler0,3013891,15175443,False,,9326090.roundup,slurm,,132112168.0,corral-repl,,,"""/galaxy-repl/localdata/chrom/?.len""","""?""","[{'src': 'hda', 'id': 28566256}]","[{'src': 'hda', 'id': 28565293}]","""5""","""12""",32.0,,36338646.0,1488351150.0,ok,1023996.0,toolshed.g2.bx.psu.edu/repos/nick/dunovo/make_families/0.7,0.7,,2017-03-01 06:53:13.502965,101066.0,41.0
2017-04-04 19:24:11.083117,slurm_normal,1491333911.0,0,481727893,fastq,481708985,fastq,1.0,main_w3_handler1,3059458,15487513,False,,9614876.roundup,slurm,,132112168.0,corral-repl,,,"""/galaxy-repl/localdata/chrom/?.len""","""?""","[{'src': 'hda', 'id': 29069475}]","[{'src': 'hda', 'id': 29069486}]","""5""","""12""",32.0,,37108037.0,1491333864.0,ok,1023996.0,toolshed.g2.bx.psu.edu/repos/nick/dunovo/make_families/0.7,0.7,,2017-04-04 19:25:28.336173,73233.0,47.0
2017-03-02 19:26:34.711906,slurm_normal,1488482906.0,0,1631344068,fastq,1631344068,fastq,1.0,main_w3_handler1,3017036,15191974,False,,9342704.roundup,slurm,,132112168.0,corral-repl,,,"""/galaxy-repl/localdata/chrom/?.len""","""?""","[{'src': 'hda', 'id': 28591919}]","[{'src': 'hda', 'id': 28591922}]","""5""","""12""",32.0,,36393450.0,1488482797.0,ok,1023996.0,toolshed.g2.bx.psu.edu/repos/nick/dunovo/make_families/0.7,0.7,,2017-03-02 19:28:28.649930,99862.0,109.0
2017-06-04 17:05:49.539648,slurm_normal,1496596082.0,0,2550657661,fastqsanger,2566516467,fastqsanger,1.0,main_w3_handler0,3137380,16009956,False,,10103085.roundup,slurm,,132112168.0,corral-repl,,"""0cec2f58494811e7a8f4005056a51846""","""/galaxy-repl/localdata/chrom/?.len""","""?""","[{'src': 'hda', 'id': 29864828}]","[{'src': 'hda', 'id': 29864829}]","""5""","""12""",32.0,,,1496595968.0,ok,1023996.0,toolshed.g2.bx.psu.edu/repos/nick/dunovo/make_families/0.7,0.7,,2017-06-04 17:08:04.245231,61346.0,114.0
2017-06-04 18:08:07.537818,slurm_normal,1496599789.0,0,1913573115,fastqsanger,1924792299,fastqsanger,1.0,main_w3_handler0,3137576,16010090,False,,10103212.roundup,slurm,,132112168.0,corral-repl,,"""c108906e495011e79f91005056a51846""","""/galaxy-repl/localdata/chrom/?.len""","""?""","[{'src': 'hda', 'id': 29867529}]","[{'src': 'hda', 'id': 29867530}]","""5""","""12""",32.0,,,1496599703.0,ok,1023996.0,toolshed.g2.bx.psu.edu/repos/nick/dunovo/make_families/0.7,0.7,,2017-06-04 18:09:52.615861,61346.0,86.0
2017-06-04 15:58:24.521000,slurm_normal,1496591971.0,0,788794979,fastqsanger,795739329,fastqsanger,1.0,main_w4_handler1,3137577,16009696,False,,10102872.roundup,slurm,,132112168.0,corral-repl,,"""a1cc42d4493e11e79256005056a51846""","""/galaxy-repl/localdata/chrom/?.len""","""?""","[{'src': 'hda', 'id': 29867525}]","[{'src': 'hda', 'id': 29867526}]","""5""","""12""",32.0,,,1496591927.0,ok,1023996.0,toolshed.g2.bx.psu.edu/repos/nick/dunovo/make_families/0.7,0.7,,2017-06-04 15:59:32.787805,61346.0,44.0
2017-03-06 12:23:34.615882,slurm_normal,1488803048.0,0,157525789,fastq,104612205,fastq,1.0,main_w3_handler1,3020283,15219034,False,,9367922.roundup,slurm,,132112168.0,corral-repl,,,"""/galaxy-repl/localdata/chrom/?.len""","""?""","[{'src': 'hda', 'id': 28636427}]","[{'src': 'hda', 'id': 28636462}]","""5""","""12""",32.0,,36456593.0,1488803022.0,ok,1023996.0,toolshed.g2.bx.psu.edu/repos/nick/dunovo/make_families/0.7,0.7,,2017-03-06 12:24:12.643935,75722.0,26.0
2017-03-06 23:07:37.355756,slurm_normal,1488841712.0,0,449896064,fastq,449896064,fastq,1.0,main_w3_handler0,3021082,15224596,False,,9373178.roundup,slurm,,132112168.0,corral-repl,,,"""/galaxy-repl/localdata/chrom/hg_g1k_v37.len""","""hg_g1k_v37""","[{'src': 'hda', 'id': 28646084}]","[{'src': 'hda', 'id': 28646084}]","""1""","""12""",32.0,,36469978.0,1488841661.0,ok,1023996.0,toolshed.g2.bx.psu.edu/repos/nick/dunovo/make_families/0.7,0.7,,2017-03-06 23:08:35.068641,67601.0,51.0
2017-03-07 09:43:58.135181,slurm_normal,1488879974.0,0,2004932328,fastq,1943412188,fastq,1.0,main_w3_handler1,3015217,15227482,False,,9375826.roundup,slurm,,132112168.0,corral-repl,,,"""/galaxy-repl/localdata/chrom/?.len""","""?""","[{'src': 'hda', 'id': 28645666}]","[{'src': 'hda', 'id': 28642170}]","""5""","""12""",32.0,,36360892.0,1488879841.0,ok,1023996.0,toolshed.g2.bx.psu.edu/repos/nick/dunovo/make_families/0.7,0.7,,2017-03-07 09:46:16.476421,,133.0
2017-03-07 11:52:29.559612,slurm_normal,1488887777.0,0,2004932328,fastq,1943412188,fastq,1.0,main_w3_handler0,3015217,15229085,False,,9377067.roundup,slurm,,132112168.0,corral-repl,,,"""/galaxy-repl/localdata/chrom/?.len""","""?""","[{'src': 'hda', 'id': 28645666}]","[{'src': 'hda', 'id': 28642170}]","""5""","""12""",32.0,,36360892.0,1488887554.0,ok,1023996.0,toolshed.g2.bx.psu.edu/repos/nick/dunovo/make_families/0.7,0.7,,2017-03-07 11:56:19.897880,,223.0
2017-03-10 00:01:50.229039,slurm_normal,1489104118.0,0,4326,fastq,4326,fastq,1.0,main_w3_handler1,2888528,15259006,False,,9405182.roundup,slurm,,132112168.0,corral-repl,,,"""/galaxy-repl/localdata/chrom/?.len""","""?""","[{'src': 'hda', 'id': 28702427}]","[{'src': 'hda', 'id': 28702427}]","""0""","""0""",32.0,,36180298.0,1489104114.0,ok,1023996.0,toolshed.g2.bx.psu.edu/repos/nick/dunovo/make_families/0.7,0.7,,2017-03-10 00:02:01.426961,77853.0,4.0
2017-06-05 02:05:15.762016,slurm_normal,1496628514.0,0,3245681049,fastqsanger,3266015353,fastqsanger,1.0,main_w4_handler0,3109482,16011752,False,,10104674.roundup,slurm,,132112168.0,corral-repl,,"""68a9a802499311e7ad13005056a52a46""","""/galaxy-repl/localdata/chrom/?.len""","""?""","[{'src': 'hda', 'id': 29867558}]","[{'src': 'hda', 'id': 29867561}]","""5""","""12""",32.0,,,1496628336.0,ok,1023996.0,toolshed.g2.bx.psu.edu/repos/nick/dunovo/make_families/0.7,0.7,,2017-06-05 02:08:36.665997,61346.0,178.0
2017-06-05 02:26:38.126838,slurm_normal,1496629757.0,0,2693028409,fastqsanger,2713222963,fastqsanger,1.0,main_w4_handler0,3137575,16011934,False,,10104788.roundup,slurm,,132112168.0,corral-repl,,"""651b2168499611e79813005056a52a46""","""/galaxy-repl/localdata/chrom/?.len""","""?""","[{'src': 'hda', 'id': 29867534}]","[{'src': 'hda', 'id': 29867537}]","""5""","""12""",32.0,,,1496629622.0,ok,1023996.0,toolshed.g2.bx.psu.edu/repos/nick/dunovo/make_families/0.7,0.7,,2017-06-05 02:29:19.945777,61346.0,135.0
2017-04-06 13:28:56.018844,slurm_normal,1491485753.0,0,4073714753,fastqsanger,4095826423,fastqsanger,1.0,main_w3_handler1,3061923,15507842,False,,9634947.roundup,slurm,,132112168.0,corral-repl,,"""fabbcea01acc11e7b60d005056a52a46""","""/galaxy-repl/localdata/chrom/?.len""","""?""","[{'src': 'hda', 'id': 29100351}]","[{'src': 'hda', 'id': 29100352}]","""5""","""12""",32.0,,,1491485337.0,ok,1023996.0,toolshed.g2.bx.psu.edu/repos/nick/dunovo/make_families/0.7,0.7,,2017-04-06 13:35:57.242253,61346.0,416.0
2017-03-14 11:01:06.466924,slurm_normal,1489493444.0,0,17213814513,fastqsanger,17257541815,fastqsanger,1.0,main_w3_handler1,3029373,15290522,False,,9433923.roundup,slurm,,132112168.0,corral-repl,,"""6b600aca08a511e7bba5005056a51846""","""/galaxy-repl/localdata/chrom/?.len""","""?""","[{'src': 'hda', 'id': 28747539}]","[{'src': 'hda', 'id': 28747538}]","""5""","""12""",32.0,,,1489489271.0,ok,1023996.0,toolshed.g2.bx.psu.edu/repos/nick/dunovo/make_families/0.7,0.7,,2017-03-14 12:10:46.224221,84316.0,4173.0
2017-04-06 13:16:34.845473,slurm_normal,1491484978.0,0,4322670609,fastqsanger,4313122207,fastqsanger,1.0,main_w4_handler1,3061919,15507728,False,,9634862.roundup,slurm,,132112168.0,corral-repl,,"""406432c81acb11e7b60d005056a52a46""","""/galaxy-repl/localdata/chrom/?.len""","""?""","[{'src': 'hda', 'id': 29100286}]","[{'src': 'hda', 'id': 29100288}]","""5""","""12""",32.0,,,1491484639.0,ok,1023996.0,toolshed.g2.bx.psu.edu/repos/nick/dunovo/make_families/0.7,0.7,,2017-04-06 13:23:00.192763,61346.0,339.0
2017-04-06 13:18:27.916652,slurm_normal,1491485281.0,0,4644511578,fastqsanger,4679762550,fastqsanger,1.0,main_w3_handler0,3061920,15507748,False,,9634890.roundup,slurm,,132112168.0,corral-repl,,"""8465220c1acb11e783b8005056a52a46""","""/galaxy-repl/localdata/chrom/?.len""","""?""","[{'src': 'hda', 'id': 29100296}]","[{'src': 'hda', 'id': 29100297}]","""5""","""12""",32.0,,,1491484906.0,ok,1023996.0,toolshed.g2.bx.psu.edu/repos/nick/dunovo/make_families/0.7,0.7,,2017-04-06 13:28:05.029935,61346.0,375.0
2017-04-06 13:41:45.240612,slurm_normal,1491486664.0,0,4682340993,fastqsanger,4707408143,fastqsanger,1.0,main_w3_handler0,3061922,15508031,False,,9635113.roundup,slurm,,132112168.0,corral-repl,,"""c4c2c1941ace11e7aefd005056a52a46""","""/galaxy-repl/localdata/chrom/?.len""","""?""","[{'src': 'hda', 'id': 29100485}]","[{'src': 'hda', 'id': 29100487}]","""5""","""12""",32.0,,,1491486306.0,ok,1023996.0,toolshed.g2.bx.psu.edu/repos/nick/dunovo/make_families/0.7,0.7,,2017-04-06 13:51:13.192334,61346.0,358.0
2017-03-17 18:47:16.501771,slurm_normal,1489776930.0,0,5877191212,fastqsanger,5877191212,fastqsanger,1.0,main_w3_handler0,2978039,15327079,False,,9467942.roundup,slurm,,132112168.0,corral-repl,,,"""/galaxy-repl/localdata/chrom/dm6.len""","""dm6""","[{'src': 'hda', 'id': 28809499}]","[{'src': 'hda', 'id': 28810316}]","""5""","""12""",32.0,,36271389.0,1489776440.0,ok,1023996.0,toolshed.g2.bx.psu.edu/repos/nick/dunovo/make_families/0.7,0.7,,2017-03-17 18:55:32.947263,98932.0,490.0
2017-03-18 13:07:23.917069,slurm_normal,1489842912.0,0,5877191212,fastqsanger,5877191212,fastqsanger,1.0,main_w3_handler1,2978039,15330679,False,,9471271.roundup,slurm,,132112168.0,corral-repl,,,"""/galaxy-repl/localdata/chrom/dm6.len""","""dm6""","[{'src': 'hda', 'id': 28809499}]","[{'src': 'hda', 'id': 28810316}]","""5""","""12""",32.0,,36271389.0,1489842447.0,ok,1023996.0,toolshed.g2.bx.psu.edu/repos/nick/dunovo/make_families/0.7,0.7,,2017-03-18 13:15:13.043257,98932.0,465.0
2017-04-10 13:38:14.528235,slurm_normal,1491831940.0,0,4737461473,fastqsanger,4737461473,fastqsanger,1.0,main_w4_handler1,3067400,15540942,False,,9666221.roundup,slurm,,132112168.0,corral-repl,,"""f1522dae1df211e7a194005056a52a46""","""/galaxy-repl/localdata/chrom/?.len""","""?""","[{'src': 'hda', 'id': 29149831}]","[{'src': 'hda', 'id': 29149831}]","""5""","""12""",32.0,,,1491831588.0,ok,1023996.0,toolshed.g2.bx.psu.edu/repos/nick/dunovo/make_families/0.7,0.7,,2017-04-10 13:47:18.914450,84316.0,352.0
2017-06-05 17:48:57.017075,slurm_normal,1496685095.0,0,3337963625,fastq,3336624187,fastq,1.0,main_w3_handler0,3140723,16018193,False,,10110398.roundup,slurm,,132112168.0,corral-repl,,"""3c98034c4a1711e79e39005056a51846""","""/galaxy-repl/localdata/chrom/?.len""","""?""","[{'src': 'hda', 'id': 29894437}]","[{'src': 'hda', 'id': 29894458}]","""5""","""12""",32.0,,,1496684959.0,ok,1023996.0,toolshed.g2.bx.psu.edu/repos/nick/dunovo/make_families/0.7,0.7,,2017-06-05 17:51:38.852959,73233.0,136.0
2017-06-05 18:16:41.632996,slurm_normal,1496686917.0,0,2060576003,fastq,2058906205,fastq,1.0,main_w3_handler1,3140986,16018441,False,,10110618.roundup,slurm,,132112168.0,corral-repl,,"""1d536ae04a1b11e7be3f005056a52a46""","""/galaxy-repl/localdata/chrom/?.len""","""?""","[{'src': 'hda', 'id': 29896681}]","[{'src': 'hda', 'id': 29896684}]","""5""","""12""",32.0,,,1496686802.0,ok,1023996.0,toolshed.g2.bx.psu.edu/repos/nick/dunovo/make_families/0.7,0.7,,2017-06-05 18:22:00.784865,73233.0,115.0
2017-06-05 18:02:21.411223,slurm_normal,1496686116.0,0,4174304228,fastqsanger,4174355260,fastqsanger,1.0,main_w3_handler1,3095296,16018283,False,,10110477.roundup,slurm,,132112168.0,corral-repl,,"""1d1e2e9a4a1911e7b140005056a52a46""","""/galaxy-repl/localdata/chrom/?.len""","""?""","[{'src': 'hda', 'id': 29448496}]","[{'src': 'hda', 'id': 29448509}]","""5""","""12""",32.0,,,1496685761.0,ok,1023996.0,toolshed.g2.bx.psu.edu/repos/nick/dunovo/make_families/0.7,0.7,,2017-06-05 18:08:40.894029,61346.0,355.0
2017-06-05 18:15:36.899068,slurm_normal,1496686856.0,0,6012895312,fastq,6009467828,fastq,1.0,main_w3_handler1,3140969,16018414,False,,10110591.roundup,slurm,,132112168.0,corral-repl,,"""f6dbb4f84a1a11e79523005056a52a46""","""/galaxy-repl/localdata/chrom/?.len""","""?""","[{'src': 'hda', 'id': 29896670}]","[{'src': 'hda', 'id': 29896671}]","""5""","""12""",32.0,,,1496686554.0,ok,1023996.0,toolshed.g2.bx.psu.edu/repos/nick/dunovo/make_families/0.7,0.7,,2017-06-05 18:20:57.943623,73233.0,302.0
2017-06-05 18:17:28.841890,slurm_normal,1496687011.0,0,3388737894,fastq,3387279916,fastq,1.0,main_w3_handler1,3140993,16018472,False,,10110632.roundup,slurm,,132112168.0,corral-repl,,"""3a08590c4a1b11e7a280005056a51846""","""/galaxy-repl/localdata/chrom/?.len""","""?""","[{'src': 'hda', 'id': 29896733}]","[{'src': 'hda', 'id': 29896734}]","""5""","""12""",32.0,,,1496686869.0,ok,1023996.0,toolshed.g2.bx.psu.edu/repos/nick/dunovo/make_families/0.7,0.7,,2017-06-05 18:23:34.030523,73233.0,142.0
2017-04-12 03:52:57.825215,slurm_normal,1491969595.0,0,4834724813,fastq,4834724813,fastq,1.0,main_w3_handler1,3048938,15561724,False,,9685464.roundup,slurm,,132112168.0,corral-repl,,,"""/galaxy-repl/localdata/chrom/?.len""","""?""","[{'src': 'hda', 'id': 29139734}]","[{'src': 'hda', 'id': 29139734}]","""5""","""12""",32.0,,36925310.0,1491969208.0,ok,1023996.0,toolshed.g2.bx.psu.edu/repos/nick/dunovo/make_families/0.7,0.7,,2017-04-12 04:00:14.027882,103039.0,387.0
2017-06-20 19:57:01.085827,slurm_normal,1497988656.0,0,190051745,fastqsanger,190012573,fastqsanger,1.0,main_w4_handler0,2770488,16147404,False,,10226170.roundup,slurm,,132112168.0,corral-repl,,,"""/galaxy-repl/localdata/chrom/?.len""","""?""","[{'src': 'hda', 'id': 30102040}]","[{'src': 'hda', 'id': 30102042}]","""5""","""12""",32.0,,38792267.0,1497988636.0,ok,1023996.0,toolshed.g2.bx.psu.edu/repos/nick/dunovo/make_families/0.7,0.7,,2017-06-20 19:57:41.118973,15917.0,20.0
2017-04-20 02:33:06.950474,slurm_normal,1492655834.0,0,26483959,fastqsanger,20378251,fastqsanger,1.0,main_w4_handler1,3061920,15630899,False,,9749093.roundup,slurm,,132112168.0,corral-repl,,"""ae44edc2257111e792e5005056a51846""","""/galaxy-repl/localdata/chrom/?.len""","""?""","[{'src': 'hda', 'id': 29285876}]","[{'src': 'hda', 'id': 29285877}]","""5""","""12""",32.0,,,1492655824.0,ok,1023996.0,toolshed.g2.bx.psu.edu/repos/nick/dunovo/make_families/0.7,0.7,,2017-04-20 02:44:25.226799,61346.0,10.0
2017-06-07 09:01:01.654752,slurm_normal,1496826495.0,0,8699116802,fastqsanger,7713106049,fastqsanger,1.0,main_w3_handler0,3143424,16038264,False,,10128487.roundup,slurm,,132112168.0,corral-repl,,"""d296e6444b5f11e7af4a005056a51846""","""/galaxy-repl/localdata/chrom/?.len""","""?""","[{'src': 'hda', 'id': 29928851}]","[{'src': 'hda', 'id': 29928852}]","""5""","""12""",32.0,,,1496826084.0,ok,1023996.0,toolshed.g2.bx.psu.edu/repos/nick/dunovo/make_families/0.7,0.7,,2017-06-07 09:08:17.773171,84316.0,411.0
2017-04-21 15:03:35.284046,slurm_normal,1492787567.0,0,4515681886,fastq,4515681886,fastq,1.0,main_w3_handler0,2890467,15644987,False,,9762339.roundup,slurm,,132112168.0,corral-repl,,,"""/galaxy-repl/localdata/chrom/?.len""","""?""","[{'src': 'hda', 'id': 29309173}]","[{'src': 'hda', 'id': 29309174}]","""5""","""12""",32.0,,37478914.0,1492787111.0,ok,1023996.0,toolshed.g2.bx.psu.edu/repos/nick/dunovo/make_families/0.7,0.7,,2017-04-21 15:12:50.166667,50053.0,456.0
2017-04-24 09:56:46.701192,slurm_normal,1493028339.0,0,3961655329,fastqsanger,3969164469,fastqsanger,1.0,main_w4_handler1,3084295,15659792,False,,9776000.roundup,slurm,,132112168.0,corral-repl,,"""526e46ea28d411e78818005056a51846""","""/galaxy-repl/localdata/chrom/?.len""","""?""","[{'src': 'hda', 'id': 29332724}]","[{'src': 'hda', 'id': 29332726}]","""5""","""12""",32.0,,,1493027820.0,ok,1023996.0,toolshed.g2.bx.psu.edu/repos/nick/dunovo/make_families/0.7,0.7,,2017-04-24 10:05:44.384513,84316.0,519.0
2017-04-24 07:38:44.495103,slurm_normal,1493019772.0,0,4737461473,fastqsanger,4754532883,fastqsanger,1.0,main_w4_handler1,3067400,15658890,False,,9775171.roundup,slurm,,132112168.0,corral-repl,,"""09fffb8228c111e7a70e005056a51846""","""/galaxy-repl/localdata/chrom/?.len""","""?""","[{'src': 'hda', 'id': 29149831}]","[{'src': 'hda', 'id': 29149832}]","""5""","""12""",32.0,,,1493019542.0,ok,1023996.0,toolshed.g2.bx.psu.edu/repos/nick/dunovo/make_families/0.7,0.7,,2017-04-24 07:44:02.117315,84316.0,230.0
2017-04-25 18:52:02.681052,slurm_normal,1493148663.0,0,7840842318,fastqsanger,7827445196,fastqsanger,1.0,main_w4_handler0,3061920,15674896,False,,9790276.roundup,slurm,,132112168.0,corral-repl,,"""3d85abf029e811e7ac58005056a51846""","""/galaxy-repl/localdata/chrom/?.len""","""?""","[{'src': 'hda', 'id': 29341888}]","[{'src': 'hda', 'id': 29341889}]","""5""","""12""",32.0,,,1493146338.0,ok,1023996.0,toolshed.g2.bx.psu.edu/repos/nick/dunovo/make_families/0.7,0.7,,2017-04-25 19:31:07.297367,61346.0,2325.0
2017-06-07 23:56:17.032982,slurm_normal,1496880125.0,0,5265805814,fastq,4375967206,fastq,1.0,main_w4_handler1,3070899,16046568,False,,10136598.roundup,slurm,,132112168.0,corral-repl,,,"""/galaxy-repl/localdata/chrom/?.len""","""?""","[{'src': 'hda', 'id': 29941714}]","[{'src': 'hda', 'id': 29941824}]","""5""","""12""",32.0,,38168454.0,1496879800.0,ok,1023996.0,toolshed.g2.bx.psu.edu/repos/nick/dunovo/make_families/0.7,0.7,,2017-06-08 00:02:11.012025,103984.0,325.0
2017-04-27 12:35:21.381577,slurm_normal,1493296553.0,0,41511755,fastq,41511755,fastq,1.0,main_w4_handler1,3086271,15690178,False,,9803729.roundup,slurm,,132112168.0,corral-repl,,,"""/galaxy-repl/localdata/chrom/?.len""","""?""","[{'src': 'hda', 'id': 29382590}]","[{'src': 'hda', 'id': 29382590}]","""5""","""12""",32.0,,37574241.0,1493296536.0,ok,1023996.0,toolshed.g2.bx.psu.edu/repos/nick/dunovo/make_families/0.7,0.7,,2017-04-27 12:35:54.609939,104762.0,17.0
2017-04-28 19:07:47.187025,slurm_normal,1493406969.0,0,2921556921,fastq,2921556921,fastq,1.0,main_w4_handler1,3091043,15703345,False,,9816094.roundup,slurm,,132112168.0,corral-repl,,,"""/galaxy-repl/localdata/chrom/?.len""","""?""","[{'src': 'hda', 'id': 29400515}]","[{'src': 'hda', 'id': 29400515}]","""5""","""12""",32.0,,37637145.0,1493406511.0,ok,1023996.0,toolshed.g2.bx.psu.edu/repos/nick/dunovo/make_families/0.7,0.7,,2017-04-28 19:16:16.042792,104882.0,458.0
2017-05-02 19:52:32.390274,slurm_normal,1493754882.0,0,1022324628,fastqsanger,1022326680,fastqsanger,1.0,main_w3_handler1,3095296,15728762,False,,9839335.roundup,slurm,,132112168.0,corral-repl,,"""dc84814e2f7011e79020005056a52a46""","""/galaxy-repl/localdata/chrom/?.len""","""?""","[{'src': 'hda', 'id': 29439880}]","[{'src': 'hda', 'id': 29440006}]","""5""","""12""",32.0,,,1493754769.0,ok,1023996.0,toolshed.g2.bx.psu.edu/repos/nick/dunovo/make_families/0.7,0.7,,2017-05-02 19:54:46.578657,61346.0,113.0
2017-05-03 00:17:31.782131,slurm_normal,1493771416.0,0,8508592568,fastq,8508592568,fastq,1.0,main_w3_handler1,3095495,15730759,False,,9841261.roundup,slurm,,132112168.0,corral-repl,,,"""/galaxy-repl/localdata/chrom/hg19.len""","""hg19""","[{'src': 'hda', 'id': 29442759}]","[{'src': 'hda', 'id': 29443134}]","""2""","""3""",32.0,,37716117.0,1493770656.0,ok,1023996.0,toolshed.g2.bx.psu.edu/repos/nick/dunovo/make_families/0.7,0.7,,2017-05-03 00:30:20.631093,105078.0,760.0
2017-05-03 12:58:09.102701,slurm_normal,1493816770.0,0,4174304228,fastqsanger,4174355260,fastqsanger,1.0,main_w4_handler1,3095296,15734709,False,,9844870.roundup,slurm,,132112168.0,corral-repl,,"""262c4b4e300011e79c22005056a52a46""","""/galaxy-repl/localdata/chrom/?.len""","""?""","[{'src': 'hda', 'id': 29448496}]","[{'src': 'hda', 'id': 29448509}]","""5""","""12""",32.0,,,1493816294.0,ok,1023996.0,toolshed.g2.bx.psu.edu/repos/nick/dunovo/make_families/0.7,0.7,,2017-05-03 13:06:12.533450,61346.0,476.0
2017-05-03 16:46:42.417291,slurm_normal,1493830013.0,0,22471,fastqsanger,22471,fastqsanger,1.0,main_w4_handler0,3096525,15737685,False,,9847380.roundup,slurm,,132112168.0,corral-repl,,,"""/galaxy-repl/localdata/chrom/?.len""","""?""","[{'src': 'hda', 'id': 29450885}]","[{'src': 'hda', 'id': 29452216}]","""5""","""12""",32.0,,37735241.0,1493830006.0,ok,1023996.0,toolshed.g2.bx.psu.edu/repos/nick/dunovo/make_families/0.7,0.7,,2017-05-03 16:46:57.515866,,7.0
2017-05-07 19:43:07.913171,slurm_normal,1494186625.0,0,8810142768,fastq,8737000510,fastq,1.0,main_w3_handler0,2863545,15773614,False,,9880679.roundup,slurm,,132112168.0,corral-repl,,,"""/galaxy-repl/localdata/chrom/?.len""","""?""","[{'src': 'hda', 'id': 26970974}]","[{'src': 'hda', 'id': 26970971}]","""5""","""12""",32.0,,37818487.0,1494186192.0,ok,1023996.0,toolshed.g2.bx.psu.edu/repos/nick/dunovo/make_families/0.7,0.7,,2017-05-07 19:50:26.074240,87795.0,433.0
2017-06-12 14:48:05.972713,slurm_normal,1497279193.0,0,3388737894,fastq,3387279916,fastq,1.0,main_w4_handler1,3151223,16082477,False,,10169199.roundup,slurm,,132112168.0,corral-repl,,"""221ebfbc4f7e11e7a24a005056a51846""","""/galaxy-repl/localdata/chrom/?.len""","""?""","[{'src': 'hda', 'id': 29997735}]","[{'src': 'hda', 'id': 29997736}]","""5""","""12""",32.0,,,1497278908.0,ok,1023996.0,toolshed.g2.bx.psu.edu/repos/nick/dunovo/make_families/0.7,0.7,,2017-06-12 14:53:14.902896,73233.0,285.0
2017-05-11 08:33:49.562731,slurm_normal,1494491655.0,0,94182575,fastq,94202959,fastq,1.0,main_w3_handler0,2488529,15810678,False,,9914787.roundup,slurm,,132112168.0,corral-repl,,,"""/galaxy-repl/localdata/chrom/?.len""","""?""","[{'src': 'hda', 'id': 29560848}]","[{'src': 'hda', 'id': 29560860}]","""5""","""12""",32.0,,37899049.0,1494491639.0,ok,1023996.0,toolshed.g2.bx.psu.edu/repos/nick/dunovo/make_families/0.7,0.7,,2017-05-11 08:34:25.511790,72264.0,16.0
2017-05-11 07:42:05.796544,slurm_normal,1494488724.0,0,4737461473,fastqsanger,4754532883,fastqsanger,1.0,main_w3_handler1,3084212,15809888,False,,9914335.roundup,slurm,,132112168.0,corral-repl,,"""52a58582361d11e7aca1005056a52a46""","""/galaxy-repl/localdata/chrom/?.len""","""?""","[{'src': 'hda', 'id': 29332101}]","[{'src': 'hda', 'id': 29332102}]","""5""","""12""",32.0,,,1494488529.0,ok,1023996.0,toolshed.g2.bx.psu.edu/repos/nick/dunovo/make_families/0.7,0.7,,2017-05-11 07:45:28.241093,84316.0,195.0
2017-05-12 12:20:06.245225,slurm_normal,1494602001.0,0,4737461473,fastqsanger,4754532883,fastqsanger,1.0,main_w4_handler1,3108669,15823742,False,,9925837.roundup,slurm,,132112168.0,corral-repl,,"""52fcccca370d11e7a9c4005056a51846""","""/galaxy-repl/localdata/chrom/?.len""","""?""","[{'src': 'hda', 'id': 29579310}]","[{'src': 'hda', 'id': 29579311}]","""5""","""12""",32.0,,,1494601633.0,ok,1023996.0,toolshed.g2.bx.psu.edu/repos/nick/dunovo/make_families/0.7,0.7,,2017-05-12 15:14:06.652740,84316.0,368.0
2017-06-14 06:30:33.845578,slurm_normal,1497422081.0,0,3961655329,fastqsanger,3969164469,fastqsanger,1.0,main_w4_handler1,3154421,16096614,False,,10181849.roundup,slurm,,132112168.0,corral-repl,,"""ef938a5c50ca11e7a4ac005056a52a46""","""/galaxy-repl/localdata/chrom/?.len""","""?""","[{'src': 'hda', 'id': 30022487}]","[{'src': 'hda', 'id': 30022488}]","""5""","""12""",32.0,,,1497421853.0,ok,1023996.0,toolshed.g2.bx.psu.edu/repos/nick/dunovo/make_families/0.7,0.7,,2017-06-14 06:34:44.327498,84316.0,228.0
2017-05-13 04:29:37.865948,slurm_normal,1494649856.0,0,1268986440,fastqsanger,1278690546,fastqsanger,1.0,main_w3_handler0,3109484,15829797,False,,9931712.roundup,slurm,,132112168.0,corral-repl,,"""c457e30a379411e7b46d005056a51846""","""/galaxy-repl/localdata/chrom/?.len""","""?""","[{'src': 'hda', 'id': 29588112}]","[{'src': 'hda', 'id': 29588113}]","""5""","""12""",32.0,,,1494649785.0,ok,1023996.0,toolshed.g2.bx.psu.edu/repos/nick/dunovo/make_families/0.7,0.7,,2017-05-13 04:30:58.142526,61346.0,71.0
2017-05-13 04:17:38.837584,slurm_normal,1494649208.0,0,2601643832,fastqsanger,2632749570,fastqsanger,1.0,main_w3_handler1,3109480,15829752,False,,9931684.roundup,slurm,,132112168.0,corral-repl,,"""17b76388379311e7979c005056a51846""","""/galaxy-repl/localdata/chrom/?.len""","""?""","[{'src': 'hda', 'id': 29588984}]","[{'src': 'hda', 'id': 29588988}]","""5""","""12""",32.0,,,1494649066.0,ok,1023996.0,toolshed.g2.bx.psu.edu/repos/nick/dunovo/make_families/0.7,0.7,,2017-05-13 04:20:10.381327,61346.0,142.0
2017-05-13 04:30:44.742149,slurm_normal,1494649928.0,0,1391240014,fastqsanger,1406009584,fastqsanger,1.0,main_w3_handler0,3109483,15829818,False,,9931716.roundup,slurm,,132112168.0,corral-repl,,"""ec625bdc379411e797d2005056a51846""","""/galaxy-repl/localdata/chrom/?.len""","""?""","[{'src': 'hda', 'id': 29588065}]","[{'src': 'hda', 'id': 29588066}]","""5""","""12""",32.0,,,1494649848.0,ok,1023996.0,toolshed.g2.bx.psu.edu/repos/nick/dunovo/make_families/0.7,0.7,,2017-05-13 04:32:09.865526,61346.0,80.0
2017-05-13 14:08:09.655438,slurm_normal,1494684599.0,0,2037079916,fastqsanger,2051108620,fastqsanger,1.0,main_w3_handler1,3109481,15831152,False,,9932873.roundup,slurm,,132112168.0,corral-repl,,"""9680093437e511e7a0d0005056a51846""","""/galaxy-repl/localdata/chrom/?.len""","""?""","[{'src': 'hda', 'id': 29591051}]","[{'src': 'hda', 'id': 29591052}]","""5""","""12""",32.0,,,1494684495.0,ok,1023996.0,toolshed.g2.bx.psu.edu/repos/nick/dunovo/make_families/0.7,0.7,,2017-05-13 14:10:03.447718,61346.0,104.0
2017-05-13 16:19:06.615424,slurm_normal,1494692355.0,0,21519,fastqsanger,21519,fastqsanger,1.0,main_w3_handler0,3109965,15831614,False,,9933246.roundup,slurm,,132112168.0,corral-repl,,,"""/galaxy-repl/localdata/chrom/?.len""","""?""","[{'src': 'hda', 'id': 29591754}]","[{'src': 'hda', 'id': 29591754}]","""5""","""12""",32.0,,37954123.0,1494692351.0,ok,1023996.0,toolshed.g2.bx.psu.edu/repos/nick/dunovo/make_families/0.7,0.7,,2017-05-13 16:19:16.683420,,4.0
2017-05-14 03:32:53.841448,slurm_normal,1494732995.0,0,3226724958,fastqsanger,3255439812,fastqsanger,1.0,main_w4_handler1,3109478,15833004,False,,9934481.roundup,slurm,,132112168.0,corral-repl,,"""0230acae385611e787aa005056a51846""","""/galaxy-repl/localdata/chrom/?.len""","""?""","[{'src': 'hda', 'id': 29591045}]","[{'src': 'hda', 'id': 29591046}]","""5""","""12""",32.0,,,1494732777.0,ok,1023996.0,toolshed.g2.bx.psu.edu/repos/nick/dunovo/make_families/0.7,0.7,,2017-05-14 03:36:38.055688,61346.0,218.0
2017-05-14 23:44:11.400009,slurm_normal,1494805567.0,0,2014840063,fastqsanger,2029791243,fastqsanger,1.0,main_w3_handler1,3109482,15833504,False,,9934906.roundup,slurm,,132112168.0,corral-repl,,"""38e0c5aa38ff11e7bfd8005056a52a46""","""/galaxy-repl/localdata/chrom/?.len""","""?""","[{'src': 'hda', 'id': 29591080}]","[{'src': 'hda', 'id': 29591081}]","""5""","""12""",32.0,,,1494805457.0,ok,1023996.0,toolshed.g2.bx.psu.edu/repos/nick/dunovo/make_families/0.7,0.7,,2017-05-14 23:46:08.642440,61346.0,110.0
2017-05-15 14:09:15.320564,slurm_normal,1494857394.0,0,481727893,fastq,481708985,fastq,1.0,main_w4_handler1,3111628,15838978,False,,9939915.roundup,slurm,,132112168.0,corral-repl,,,"""/galaxy-repl/localdata/chrom/?.len""","""?""","[{'src': 'hda', 'id': 29602775}]","[{'src': 'hda', 'id': 29602776}]","""5""","""12""",32.0,,37462623.0,1494857359.0,ok,1023996.0,toolshed.g2.bx.psu.edu/repos/nick/dunovo/make_families/0.7,0.7,,2017-05-15 14:09:57.709308,73233.0,35.0
2017-05-15 14:05:41.379093,slurm_normal,1494857247.0,0,1870343669,fastqsanger,1884041201,fastqsanger,1.0,main_w4_handler1,3111290,15838954,False,,9939890.roundup,slurm,,132112168.0,corral-repl,,,"""/galaxy-repl/localdata/chrom/?.len""","""?""","[{'src': 'hda', 'id': 29600243}]","[{'src': 'hda', 'id': 29600244}]","""5""","""12""",32.0,,37976173.0,1494857144.0,ok,1023996.0,toolshed.g2.bx.psu.edu/repos/nick/dunovo/make_families/0.7,0.7,,2017-05-15 14:07:30.282377,105842.0,103.0
2017-05-15 16:32:22.503784,slurm_normal,1494866025.0,0,1791292727,fastqsanger,1804029521,fastqsanger,1.0,main_w4_handler0,3109485,15840278,False,,9941165.roundup,slurm,,132112168.0,corral-repl,,"""10c9dbd2398c11e7a476005056a51846""","""/galaxy-repl/localdata/chrom/?.len""","""?""","[{'src': 'hda', 'id': 29600837}]","[{'src': 'hda', 'id': 29600839}]","""5""","""12""",32.0,,,1494865945.0,ok,1023996.0,toolshed.g2.bx.psu.edu/repos/nick/dunovo/make_families/0.7,0.7,,2017-05-15 16:33:48.152391,61346.0,80.0
2017-05-15 22:16:29.011550,slurm_normal,1494886630.0,0,453482740,fastq,453482740,fastq,1.0,main_w3_handler1,2841684,15842755,False,,9943663.roundup,slurm,,132112168.0,corral-repl,,,"""/galaxy-repl/localdata/chrom/?.len""","""?""","[{'src': 'hda', 'id': 29608725}]","[{'src': 'hda', 'id': 29608725}]","""5""","""12""",32.0,,37982096.0,1494886594.0,ok,1023996.0,toolshed.g2.bx.psu.edu/repos/nick/dunovo/make_families/0.7,0.7,,2017-05-15 22:17:13.088655,19316.0,36.0
2017-06-14 14:06:38.225327,slurm_normal,1497451095.0,0,2060576003,fastq,2058906205,fastq,1.0,main_w3_handler1,3154942,16099924,False,,10184612.roundup,slurm,,132112168.0,corral-repl,,"""ac39f26a510a11e7892e005056a51846""","""/galaxy-repl/localdata/chrom/?.len""","""?""","[{'src': 'hda', 'id': 30027395}]","[{'src': 'hda', 'id': 30027396}]","""5""","""12""",32.0,,,1497450998.0,ok,1023996.0,toolshed.g2.bx.psu.edu/repos/nick/dunovo/make_families/0.7,0.7,,2017-06-14 15:06:51.527564,73233.0,97.0
2017-05-16 12:06:56.929380,slurm_normal,1494936580.0,0,3226724958,fastqsanger,3255439812,fastqsanger,1.0,main_w3_handler1,3109478,15852212,False,,9952594.roundup,slurm,,132112168.0,corral-repl,,"""2653ea663a3011e7b684005056a52a46""","""/galaxy-repl/localdata/chrom/?.len""","""?""","[{'src': 'hda', 'id': 29591045}]","[{'src': 'hda', 'id': 29591046}]","""5""","""12""",32.0,,,1494936423.0,ok,1023996.0,toolshed.g2.bx.psu.edu/repos/nick/dunovo/make_families/0.7,0.7,,2017-05-16 12:09:44.964409,61346.0,157.0
2017-05-16 12:35:34.556971,slurm_normal,1494938210.0,0,1391240014,fastqsanger,1406009584,fastqsanger,1.0,main_w3_handler0,3109483,15852437,False,,9952805.roundup,slurm,,132112168.0,corral-repl,,"""263971283a3411e7b8f8005056a52a46""","""/galaxy-repl/localdata/chrom/?.len""","""?""","[{'src': 'hda', 'id': 29588065}]","[{'src': 'hda', 'id': 29588066}]","""5""","""12""",32.0,,,1494938139.0,ok,1023996.0,toolshed.g2.bx.psu.edu/repos/nick/dunovo/make_families/0.7,0.7,,2017-05-16 12:36:54.026958,61346.0,71.0
2017-06-14 08:35:58.095957,slurm_normal,1497429538.0,0,3961655329,fastqsanger,3969164469,fastqsanger,1.0,main_w4_handler1,3154539,16097386,False,,10182472.roundup,slurm,,132112168.0,corral-repl,,"""7aed2a5c50dc11e78b34005056a51846""","""/galaxy-repl/localdata/chrom/?.len""","""?""","[{'src': 'hda', 'id': 30023851}]","[{'src': 'hda', 'id': 30023854}]","""5""","""12""",32.0,,,1497429372.0,ok,1023996.0,toolshed.g2.bx.psu.edu/repos/nick/dunovo/make_families/0.7,0.7,,2017-06-14 08:38:59.997398,84316.0,166.0
2017-05-16 18:14:56.263506,slurm_normal,1494958644.0,0,1268986440,fastqsanger,1278690546,fastqsanger,1.0,main_w4_handler0,3109484,15857195,False,,9957535.roundup,slurm,,132112168.0,corral-repl,,"""8e2de67c3a6311e796db005056a52a46""","""/galaxy-repl/localdata/chrom/?.len""","""?""","[{'src': 'hda', 'id': 29588112}]","[{'src': 'hda', 'id': 29588113}]","""5""","""12""",32.0,,,1494958509.0,ok,1023996.0,toolshed.g2.bx.psu.edu/repos/nick/dunovo/make_families/0.7,0.7,,2017-05-16 18:17:29.004883,61346.0,135.0
2017-05-17 07:55:02.973544,slurm_normal,1495008124.0,0,8699116802,fastqsanger,7713106049,fastqsanger,1.0,main_w4_handler1,3114707,15865076,False,,9965353.roundup,slurm,,132112168.0,corral-repl,,"""17bd9e4c3ad611e78981005056a52a46""","""/galaxy-repl/localdata/chrom/?.len""","""?""","[{'src': 'hda', 'id': 29644316}]","[{'src': 'hda', 'id': 29644317}]","""5""","""12""",32.0,,,1495007727.0,ok,1023996.0,toolshed.g2.bx.psu.edu/repos/nick/dunovo/make_families/0.7,0.7,,2017-05-17 08:02:07.349376,84316.0,397.0
2017-05-17 11:30:37.257475,slurm_normal,1495021169.0,0,8699116802,fastqsanger,7713106049,fastqsanger,1.0,main_w4_handler0,3114972,15866570,False,,9966771.roundup,slurm,,132112168.0,corral-repl,,"""2ce1fd403af411e7b547005056a51846""","""/galaxy-repl/localdata/chrom/?.len""","""?""","[{'src': 'hda', 'id': 29646450}]","[{'src': 'hda', 'id': 29646451}]","""5""","""12""",32.0,,,1495020653.0,ok,1023996.0,toolshed.g2.bx.psu.edu/repos/nick/dunovo/make_families/0.7,0.7,,2017-05-17 11:39:30.623325,84316.0,516.0
2017-05-17 21:28:46.572783,slurm_normal,1495056748.0,0,1791292727,fastqsanger,1804029521,fastqsanger,1.0,main_w3_handler1,3109485,15872562,False,,9972806.roundup,slurm,,132112168.0,corral-repl,,"""cb029cc03b4711e7809a005056a51846""","""/galaxy-repl/localdata/chrom/?.len""","""?""","[{'src': 'hda', 'id': 29600837}]","[{'src': 'hda', 'id': 29600839}]","""5""","""12""",32.0,,,1495056550.0,ok,1023996.0,toolshed.g2.bx.psu.edu/repos/nick/dunovo/make_families/0.7,0.7,,2017-05-17 21:32:32.032425,61346.0,198.0
2017-05-17 12:00:36.921310,slurm_normal,1495022582.0,0,2601643832,fastqsanger,2632749570,fastqsanger,1.0,main_w4_handler0,3109480,15866735,False,,9966927.roundup,slurm,,132112168.0,corral-repl,,"""63e482dc3af811e7b547005056a51846""","""/galaxy-repl/localdata/chrom/?.len""","""?""","[{'src': 'hda', 'id': 29588984}]","[{'src': 'hda', 'id': 29588988}]","""5""","""12""",32.0,,,1495022463.0,ok,1023996.0,toolshed.g2.bx.psu.edu/repos/nick/dunovo/make_families/0.7,0.7,,2017-05-17 12:03:03.892042,61346.0,119.0
2017-05-17 17:20:30.573845,slurm_normal,1495041764.0,0,1631344068,fastq,1631344068,fastq,1.0,main_w4_handler1,3115371,15869883,False,,9969975.roundup,slurm,,132112168.0,corral-repl,,,"""/galaxy-repl/localdata/chrom/?.len""","""?""","[{'src': 'hda', 'id': 29651813}]","[{'src': 'hda', 'id': 29651812}]","""5""","""12""",32.0,,37942158.0,1495041647.0,ok,1023996.0,toolshed.g2.bx.psu.edu/repos/nick/dunovo/make_families/0.7,0.7,,2017-05-17 17:22:48.141785,30012.0,117.0
2017-05-17 22:15:50.639509,slurm_normal,1495059375.0,0,28144306,fastq,28534220,fastq,1.0,main_w4_handler0,3115561,15873135,False,,9973393.roundup,slurm,,132112168.0,corral-repl,,,"""/galaxy-repl/localdata/chrom/?.len""","""?""","[{'src': 'hda', 'id': 29653969}]","[{'src': 'hda', 'id': 29653974}]","""0""","""0""",32.0,,38032543.0,1495059365.0,ok,1023996.0,toolshed.g2.bx.psu.edu/repos/nick/dunovo/make_families/0.7,0.7,,2017-05-17 22:16:16.978805,106125.0,10.0
2017-05-18 08:50:31.834545,slurm_normal,1495097560.0,0,1793692117,fastqsanger,1765424777,fastqsanger,1.0,main_w3_handler0,3111290,15876976,False,,9976868.roundup,slurm,,132112168.0,corral-repl,,,"""/galaxy-repl/localdata/chrom/?.len""","""?""","[{'src': 'hda', 'id': 29644934}]","[{'src': 'hda', 'id': 29644935}]","""0""","""0""",32.0,,38047989.0,1495097443.0,ok,1023996.0,toolshed.g2.bx.psu.edu/repos/nick/dunovo/make_families/0.7,0.7,,2017-05-18 08:52:41.479690,105842.0,117.0
2017-05-18 14:54:05.068183,slurm_normal,1495119275.0,0,28144306,fastq,28534220,fastq,1.0,main_w4_handler1,3115561,15880661,False,,9980269.roundup,slurm,,132112168.0,corral-repl,,,"""/galaxy-repl/localdata/chrom/?.len""","""?""","[{'src': 'hda', 'id': 29653969}]","[{'src': 'hda', 'id': 29653974}]","""0""","""0""",32.0,,38032543.0,1495119266.0,ok,1023996.0,toolshed.g2.bx.psu.edu/repos/nick/dunovo/make_families/0.7,0.7,,2017-05-18 14:54:36.863101,106125.0,9.0
2017-05-18 15:03:06.927944,slurm_normal,1495119815.0,0,28144306,fastq,28144306,fastq,1.0,main_w3_handler0,3115561,15880960,False,,9980381.roundup,slurm,,132112168.0,corral-repl,,,"""/galaxy-repl/localdata/chrom/?.len""","""?""","[{'src': 'hda', 'id': 29653969}]","[{'src': 'hda', 'id': 29653969}]","""0""","""0""",32.0,,38032543.0,1495119804.0,ok,1023996.0,toolshed.g2.bx.psu.edu/repos/nick/dunovo/make_families/0.7,0.7,,2017-05-18 15:03:38.682796,106125.0,11.0
2017-05-18 16:01:52.012664,slurm_normal,1495123349.0,0,3628672,fastq,3669882,fastq,1.0,main_w4_handler1,3115561,15881581,False,,9980967.roundup,slurm,,132112168.0,corral-repl,,,"""/galaxy-repl/localdata/chrom/?.len""","""?""","[{'src': 'hda', 'id': 29654028}]","[{'src': 'hda', 'id': 29654038}]","""0""","""0""",32.0,,38032543.0,1495123341.0,ok,1023996.0,toolshed.g2.bx.psu.edu/repos/nick/dunovo/make_families/0.7,0.7,,2017-05-18 16:02:32.742770,106125.0,8.0
2017-06-16 10:25:51.071774,slurm_normal,1497608787.0,0,89844082,fastqsanger,138727934,fastqsanger,1.0,main_w3_handler1,3038037,16115243,False,,10197463.roundup,slurm,,132112168.0,corral-repl,,,"""/galaxy-repl/localdata/chrom/?.len""","""?""","[{'src': 'hda', 'id': 28839694}]","[{'src': 'hda', 'id': 28839751}]","""5""","""12""",32.0,,38663232.0,1497608769.0,ok,1023996.0,toolshed.g2.bx.psu.edu/repos/nick/dunovo/make_families/0.7,0.7,,2017-06-16 10:26:31.183211,75722.0,18.0
2017-05-19 12:28:30.053822,slurm_normal,1495197073.0,0,3226724958,fastqsanger,3255439812,fastqsanger,1.0,main_w4_handler0,3109478,15889303,False,,9989037.roundup,slurm,,132112168.0,corral-repl,,"""a8797e383c8e11e79299005056a52a46""","""/galaxy-repl/localdata/chrom/?.len""","""?""","[{'src': 'hda', 'id': 29591045}]","[{'src': 'hda', 'id': 29591046}]","""5""","""12""",32.0,,,1495196929.0,ok,1023996.0,toolshed.g2.bx.psu.edu/repos/nick/dunovo/make_families/0.7,0.7,,2017-05-19 12:31:15.393754,61346.0,144.0
2017-06-15 13:10:22.947918,slurm_normal,1497532241.0,0,1778019,fastqsanger,1778019,fastqsanger,1.0,main_w3_handler1,3038037,16108759,False,,10192188.roundup,slurm,,132112168.0,corral-repl,,,"""/galaxy-repl/localdata/chrom/?.len""","""?""","[{'src': 'hda', 'id': 28839660}]","[{'src': 'hda', 'id': 28839660}]","""5""","""12""",32.0,,38663232.0,1497532235.0,ok,1023996.0,toolshed.g2.bx.psu.edu/repos/nick/dunovo/make_families/0.7,0.7,,2017-06-15 13:10:45.985576,75722.0,6.0
2017-05-22 17:05:02.454193,slurm_normal,1495472852.0,0,481727893,fastq,481708985,fastq,1.0,main_w3_handler0,3122115,15908183,False,,10006380.roundup,slurm,,132112168.0,corral-repl,,"""c39f5b683f1011e7b8f8005056a52a46""","""/galaxy-repl/localdata/chrom/?.len""","""?""","[{'src': 'hda', 'id': 29719333}]","[{'src': 'hda', 'id': 29719334}]","""5""","""12""",32.0,,,1495472720.0,ok,1023996.0,toolshed.g2.bx.psu.edu/repos/nick/dunovo/make_families/0.7,0.7,,2017-05-22 17:08:03.270275,73233.0,132.0
2017-05-23 07:30:46.677954,slurm_normal,1495525048.0,0,8699116802,fastqsanger,7713106049,fastqsanger,1.0,main_w4_handler1,3123151,15914120,False,,10012020.roundup,slurm,,132112168.0,corral-repl,,"""bb1383563f8911e782c2005056a52a46""","""/galaxy-repl/localdata/chrom/?.len""","""?""","[{'src': 'hda', 'id': 29728304}]","[{'src': 'hda', 'id': 29728305}]","""5""","""12""",32.0,,,1495524656.0,ok,1023996.0,toolshed.g2.bx.psu.edu/repos/nick/dunovo/make_families/0.7,0.7,,2017-05-23 07:37:30.524365,84316.0,392.0
2017-05-26 00:17:30.081600,slurm_normal,1495758023.0,0,3257495551,fastq,3255620011,fastq,1.0,main_w3_handler1,3127608,15941844,False,,10040723.roundup,slurm,,132112168.0,corral-repl,,"""b2c167ce41a811e7b8d0005056a52a46""","""/galaxy-repl/localdata/chrom/?.len""","""?""","[{'src': 'hda', 'id': 29777150}]","[{'src': 'hda', 'id': 29777152}]","""5""","""12""",32.0,,,1495757866.0,ok,1023996.0,toolshed.g2.bx.psu.edu/repos/nick/dunovo/make_families/0.7,0.7,,2017-05-26 00:20:24.979197,73233.0,157.0
2017-05-26 19:11:21.954272,slurm_normal,1495826085.0,0,3257495551,fastq,3255620011,fastq,1.0,main_w4_handler0,3128857,15948371,False,,10046850.roundup,slurm,,132112168.0,corral-repl,,"""18169baa424711e7b6a6005056a51846""","""/galaxy-repl/localdata/chrom/?.len""","""?""","[{'src': 'hda', 'id': 29787555}]","[{'src': 'hda', 'id': 29787564}]","""5""","""12""",32.0,,,1495825897.0,ok,1023996.0,toolshed.g2.bx.psu.edu/repos/nick/dunovo/make_families/0.7,0.7,,2017-05-26 19:14:48.436502,73233.0,188.0
2017-05-27 20:55:02.292442,slurm_normal,1495918660.0,0,3136119852,fastq,3133879386,fastq,1.0,main_w4_handler0,3127625,15953103,False,,10051133.roundup,slurm,,132112168.0,corral-repl,,"""bec42a4e431e11e78ede005056a52a46""","""/galaxy-repl/localdata/chrom/?.len""","""?""","[{'src': 'hda', 'id': 29777162}]","[{'src': 'hda', 'id': 29777167}]","""5""","""12""",32.0,,,1495918514.0,ok,1023996.0,toolshed.g2.bx.psu.edu/repos/nick/dunovo/make_families/0.7,0.7,,2017-05-27 20:57:42.783436,73233.0,146.0
2017-05-27 21:00:24.769891,slurm_normal,1495919028.0,0,2525788896,fastq,2523161290,fastq,1.0,main_w3_handler0,3127627,15953150,False,,10051170.roundup,slurm,,132112168.0,corral-repl,,"""7fd9e160431f11e7bdf9005056a52a46""","""/galaxy-repl/localdata/chrom/?.len""","""?""","[{'src': 'hda', 'id': 29777178}]","[{'src': 'hda', 'id': 29777180}]","""5""","""12""",32.0,,,1495918838.0,ok,1023996.0,toolshed.g2.bx.psu.edu/repos/nick/dunovo/make_families/0.7,0.7,,2017-05-27 21:03:50.168174,73233.0,190.0
2017-05-28 19:39:11.093147,slurm_normal,1496000483.0,0,2565239941,fastq,2563512503,fastq,1.0,main_w4_handler0,3127629,15956553,False,,10054089.roundup,slurm,,132112168.0,corral-repl,,"""503f6e0c43dd11e7b88e005056a51846""","""/galaxy-repl/localdata/chrom/?.len""","""?""","[{'src': 'hda', 'id': 29777185}]","[{'src': 'hda', 'id': 29777187}]","""5""","""12""",32.0,,,1496000369.0,ok,1023996.0,toolshed.g2.bx.psu.edu/repos/nick/dunovo/make_families/0.7,0.7,,2017-05-28 19:41:26.271108,73233.0,114.0
2017-06-20 06:30:51.547927,slurm_normal,1497940292.0,0,157525789,fastqsanger,104612205,fastqsanger,1.0,main_w3_handler0,3038037,16139625,False,,10219363.roundup,slurm,,132112168.0,corral-repl,,,"""/galaxy-repl/localdata/chrom/?.len""","""?""","[{'src': 'hda', 'id': 28839801}]","[{'src': 'hda', 'id': 28839659}]","""5""","""12""",32.0,,38663232.0,1497940271.0,ok,1023996.0,toolshed.g2.bx.psu.edu/repos/nick/dunovo/make_families/0.7,0.7,,2017-06-20 06:31:34.950875,75722.0,21.0
2017-06-21 12:11:22.903026,slurm_normal,1498047506.0,0,8699116802,fastqsanger,8723697352,fastqsanger,1.0,main_w3_handler0,3166561,16152923,False,,10231607.roundup,slurm,,132112168.0,corral-repl,,"""bc125cac567a11e7ac99005056a51846""","""/galaxy-repl/localdata/chrom/?.len""","""?""","[{'src': 'hda', 'id': 30110211}]","[{'src': 'hda', 'id': 30110212}]","""5""","""12""",32.0,,,1498047108.0,ok,1023996.0,toolshed.g2.bx.psu.edu/repos/nick/dunovo/make_families/0.7,0.7,,2017-06-21 12:18:28.001895,84316.0,398.0
2017-06-22 07:58:38.633952,slurm_normal,1498118342.0,0,6567559,fastq,6567559,fastq,1.0,main_w4_handler1,3076357,16161352,False,,10239224.roundup,slurm,,132112168.0,corral-repl,,,"""/galaxy-repl/localdata/chrom/?.len""","""?""","[{'src': 'hda', 'id': 29247875}]","[{'src': 'hda', 'id': 29247875}]","""5""","""12""",32.0,,38856285.0,1498118338.0,ok,1023996.0,toolshed.g2.bx.psu.edu/repos/nick/dunovo/make_families/0.7,0.7,,2017-06-22 07:59:04.385833,104224.0,4.0
2017-06-22 12:57:11.956093,slurm_normal,1498136294.0,0,59659539,fastq,59659539,fastq,1.0,main_w3_handler1,3167076,16163954,False,,10241583.roundup,slurm,,132112168.0,corral-repl,,,"""/galaxy-repl/localdata/chrom/?.len""","""?""","[{'src': 'hda', 'id': 30116134}]","[{'src': 'hda', 'id': 30116134}]","""5""","""12""",32.0,,38861422.0,1498136249.0,ok,1023996.0,toolshed.g2.bx.psu.edu/repos/nick/dunovo/make_families/0.7,0.7,,2017-06-22 12:58:16.318696,108007.0,45.0
2017-06-23 19:37:37.620920,slurm_normal,1498250840.0,0,8699116802,fastqsanger,8723697352,fastqsanger,1.0,main_w4_handler0,3169304,16171438,False,,10248171.roundup,slurm,,132112168.0,corral-repl,,"""688c24aa584b11e78dc8005056a51846""","""/galaxy-repl/localdata/chrom/?.len""","""?""","[{'src': 'hda', 'id': 30137087}]","[{'src': 'hda', 'id': 30137088}]","""5""","""12""",32.0,,,1498250417.0,ok,1023996.0,toolshed.g2.bx.psu.edu/repos/nick/dunovo/make_families/0.7,0.7,,2017-06-23 20:47:27.495937,84316.0,423.0
2017-06-26 15:20:51.536823,slurm_normal,1498492744.0,0,8699116802,fastqsanger,8723697352,fastqsanger,1.0,main_w4_handler1,3172188,16189818,False,,10266150.roundup,slurm,,132112168.0,corral-repl,,"""08c886465a8311e7b818005056a52a46""","""/galaxy-repl/localdata/chrom/?.len""","""?""","[{'src': 'hda', 'id': 30162177}]","[{'src': 'hda', 'id': 30162178}]","""5""","""12""",32.0,,,1498492194.0,ok,1023996.0,toolshed.g2.bx.psu.edu/repos/nick/dunovo/make_families/0.7,0.7,,2017-06-26 15:59:14.091826,84316.0,550.0
2017-06-28 13:31:13.195467,slurm_normal,1498657616.0,0,12815313857,fastqsanger,12849726413,fastqsanger,1.0,main_w3_handler0,3175050,16211634,False,,10287781.roundup,slurm,,132112168.0,corral-repl,,"""0c0b30905c0611e7a71a005056a51846""","""/galaxy-repl/localdata/chrom/?.len""","""?""","[{'src': 'hda', 'id': 30196379}]","[{'src': 'hda', 'id': 30196382}]","""5""","""12""",32.0,,,1498656694.0,ok,1023996.0,toolshed.g2.bx.psu.edu/repos/nick/dunovo/make_families/0.7,0.7,,2017-06-28 13:46:57.651025,84316.0,922.0
2017-07-02 20:52:30.904609,slurm_normal,1499028770.0,0,4909479,fastq,4909479,fastq,1.0,main_w3_handler1,3142484,16243827,False,,10318934.roundup,slurm,,132112168.0,corral-repl,,,"""/galaxy-repl/localdata/chrom/?.len""","""?""","[{'src': 'hda', 'id': 30266553}]","[{'src': 'hda', 'id': 30266553}]","""5""","""12""",32.0,,38482851.0,1499028762.0,ok,1023996.0,toolshed.g2.bx.psu.edu/repos/nick/dunovo/make_families/0.7,0.7,,2017-07-02 20:52:51.492048,,8.0
2017-07-03 08:23:38.207300,slurm_normal,1499070620.0,0,6998633520,fastqsanger,7022867936,fastqsanger,1.0,main_w4_handler0,3180012,16246389,False,,10321174.roundup,slurm,,132112168.0,corral-repl,,"""e8341a1c5fc811e79604005056a51846""","""/galaxy-repl/localdata/chrom/?.len""","""?""","[{'src': 'hda', 'id': 30270559}]","[{'src': 'hda', 'id': 30270560}]","""5""","""12""",32.0,,,1499070233.0,ok,1023996.0,toolshed.g2.bx.psu.edu/repos/nick/dunovo/make_families/0.7,0.7,,2017-07-03 08:30:23.772214,84316.0,387.0
2017-07-11 07:03:11.751491,slurm_normal,1499756612.0,0,648034,fastqsanger,648034,fastqsanger,1.0,main_w3_handler1,3187495,16305923,False,,10373672.roundup,slurm,,132112168.0,corral-repl,,,"""/galaxy-repl/localdata/chrom/?.len""","""?""","[{'src': 'hda', 'id': 30382511}]","[{'src': 'hda', 'id': 30382511}]","""5""","""12""",32.0,,38663232.0,1499756608.0,ok,1023996.0,toolshed.g2.bx.psu.edu/repos/nick/dunovo/make_families/0.7,0.7,,2017-07-11 07:03:34.056348,75722.0,4.0
2017-07-13 15:08:23.314464,slurm_normal,1499958758.0,0,4480928268,fastqsanger,4480261312,fastqsanger,1.0,main_w3_handler0,3191920,16332945,False,,10399434.roundup,slurm,,132112168.0,corral-repl,,"""1b319efa67dd11e7a74d005056a51846""","""/galaxy-repl/localdata/chrom/?.len""","""?""","[{'src': 'hda', 'id': 30474891}]","[{'src': 'hda', 'id': 30474890}]","""5""","""12""",32.0,,,1499958524.0,ok,1023996.0,toolshed.g2.bx.psu.edu/repos/nick/dunovo/make_families/0.7,0.7,,2017-07-13 15:12:43.692376,84316.0,234.0
2017-07-20 13:36:53.865420,slurm_normal,1500558699.0,0,3916649733,fastqsanger,3915321384,fastqsanger,1.0,main_w3_handler1,3197363,16375180,False,,10440147.roundup,slurm,,132112168.0,corral-repl,,"""7c80e1706d5011e7beda005056ba55fb""","""/galaxy-repl/localdata/chrom/?.len""","""?""","[{'src': 'hda', 'id': 30538999}]","[{'src': 'hda', 'id': 30539000}]","""5""","""12""",32.0,,,1500558451.0,ok,1023996.0,toolshed.g2.bx.psu.edu/repos/nick/dunovo/make_families/0.7,0.7,,2017-07-20 13:51:47.474009,84316.0,248.0
2017-07-24 07:43:23.196360,slurm_normal,1500882407.0,0,4480928268,fastqsanger,4480261312,fastqsanger,1.0,main_w3_handler1,3200781,16402394,False,,10466528.roundup,slurm,,132112168.0,corral-repl,,"""c3677068704311e7b273005056ba2773""","""/galaxy-repl/localdata/chrom/?.len""","""?""","[{'src': 'hda', 'id': 30584549}]","[{'src': 'hda', 'id': 30584550}]","""5""","""12""",32.0,,,1500882212.0,ok,1023996.0,toolshed.g2.bx.psu.edu/repos/nick/dunovo/make_families/0.7,0.7,,2017-07-24 07:46:50.221033,84316.0,195.0
2017-07-27 08:52:01.217870,slurm_normal,1501145746.0,0,3795252535,fastqsanger,3795521371,fastqsanger,1.0,main_w3_handler0,3204118,16431630,False,,10498737.roundup,slurm,,132112168.0,corral-repl,,"""d99f140072a811e79ef3005056ba55fb""","""/galaxy-repl/localdata/chrom/?.len""","""?""","[{'src': 'hda', 'id': 30634641}]","[{'src': 'hda', 'id': 30634642}]","""5""","""12""",32.0,,,1501145530.0,ok,1023996.0,toolshed.g2.bx.psu.edu/repos/nick/dunovo/make_families/0.7,0.7,,2017-07-27 08:55:48.192362,84316.0,216.0
2017-07-26 21:19:30.754025,slurm_normal,1501104163.0,0,2303927161,fastq,2312845267,fastq,1.0,main_w4_handler1,3203570,16428693,False,,10495673.roundup,slurm,,132112168.0,corral-repl,,,"""/galaxy-repl/localdata/chrom/?.len""","""?""","[{'src': 'hda', 'id': 30627915}]","[{'src': 'hda', 'id': 30628001}]","""5""","""12""",32.0,,39254820.0,1501103977.0,ok,1023996.0,toolshed.g2.bx.psu.edu/repos/nick/dunovo/make_families/0.7,0.7,,2017-07-26 21:22:46.276667,105358.0,186.0
2017-07-26 21:46:03.854277,slurm_normal,1501105792.0,0,2303927161,fastq,2312845267,fastq,1.0,main_w4_handler0,3203570,16428817,False,,10495807.roundup,slurm,,132112168.0,corral-repl,,,"""/galaxy-repl/localdata/chrom/?.len""","""?""","[{'src': 'hda', 'id': 30627915}]","[{'src': 'hda', 'id': 30628001}]","""5""","""12""",32.0,,39254820.0,1501105570.0,ok,1023996.0,toolshed.g2.bx.psu.edu/repos/nick/dunovo/make_families/0.7,0.7,,2017-07-26 21:49:55.610940,105358.0,222.0
2017-07-27 21:48:45.960581,slurm_normal,1501192308.0,0,2052474729,fastq,2060826315,fastq,1.0,main_w4_handler0,3203570,16438110,False,,10505875.roundup,slurm,,132112168.0,corral-repl,,,"""/galaxy-repl/localdata/chrom/?.len""","""?""","[{'src': 'hda', 'id': 30641468}]","[{'src': 'hda', 'id': 30641469}]","""5""","""12""",32.0,,39254820.0,1501192135.0,ok,1023996.0,toolshed.g2.bx.psu.edu/repos/nick/dunovo/make_families/0.7,0.7,,2017-07-27 21:51:50.528979,105358.0,173.0
2017-07-31 13:07:13.654970,slurm_normal,1501506713.0,0,6178235508,fastqsanger,6228545426,fastqsanger,1.0,main_w4_handler1,3207711,16467264,False,,10535179.roundup,slurm,,132112168.0,corral-repl,,"""2ab815a875f111e7ad97005056ba55fb""","""/galaxy-repl/localdata/chrom/?.len""","""?""","[{'src': 'hda', 'id': 30694138}]","[{'src': 'hda', 'id': 30694139}]","""5""","""12""",32.0,,,1501506445.0,ok,1023996.0,toolshed.g2.bx.psu.edu/repos/nick/dunovo/make_families/0.7,0.7,,2017-07-31 13:11:55.375086,61346.0,268.0
2017-07-31 13:27:18.916965,slurm_normal,1501507850.0,0,4376234001,fastqsanger,4392964295,fastqsanger,1.0,main_w3_handler1,3207712,16467683,False,,10535557.roundup,slurm,,132112168.0,corral-repl,,"""f83147be75f311e79318005056ba55fb""","""/galaxy-repl/localdata/chrom/?.len""","""?""","[{'src': 'hda', 'id': 30694534}]","[{'src': 'hda', 'id': 30694606}]","""5""","""12""",32.0,,,1501507650.0,ok,1023996.0,toolshed.g2.bx.psu.edu/repos/nick/dunovo/make_families/0.7,0.7,,2017-07-31 13:30:55.859684,61346.0,200.0
2017-07-31 14:12:07.193829,slurm_normal,1501510487.0,0,3279188467,fastqsanger,3285693459,fastqsanger,1.0,main_w4_handler0,3207713,16468682,False,,10536972.roundup,slurm,,132112168.0,corral-repl,,"""3a90f64475fa11e78cb1005056ba55fb""","""/galaxy-repl/localdata/chrom/?.len""","""?""","[{'src': 'hda', 'id': 30694980}]","[{'src': 'hda', 'id': 30694982}]","""5""","""12""",32.0,,,1501510334.0,ok,1023996.0,toolshed.g2.bx.psu.edu/repos/nick/dunovo/make_families/0.7,0.7,,2017-07-31 14:14:48.521016,61346.0,153.0
2017-07-31 14:28:57.943730,slurm_normal,1501511505.0,0,3916649733,fastqsanger,3915321384,fastqsanger,1.0,main_w3_handler1,3207850,16468927,False,,10537122.roundup,slurm,,132112168.0,corral-repl,,"""955cc2c275fc11e7a820005056ba55fb""","""/galaxy-repl/localdata/chrom/?.len""","""?""","[{'src': 'hda', 'id': 30697520}]","[{'src': 'hda', 'id': 30697521}]","""5""","""12""",32.0,,,1501511344.0,ok,1023996.0,toolshed.g2.bx.psu.edu/repos/nick/dunovo/make_families/0.7,0.7,,2017-07-31 14:31:47.058634,84316.0,161.0
2017-11-03 19:03:23.746520,slurm_normal,1509736104.0,0,722788260,fastqsanger,722309992,fastqsanger,1.0,main_w4_handler1,3310595,17321802,False,,11381615,slurm,,132112168.0,corral-repl,,"""9573baaac0c911e7bf09005056ba2773""","""/cvmfs/data.galaxyproject.org/managed/len/ucsc/?.len""","""?""","[{'src': 'hda', 'id': 32056600}]","[{'src': 'hda', 'id': 32056601}]","""5""","""12""",32.0,,,1509735978.0,ok,1023996.0,toolshed.g2.bx.psu.edu/repos/nick/dunovo/make_families/0.7,0.7,,2017-11-03 19:10:43.503835,73233.0,126.0
2017-08-02 03:13:16.345682,slurm_normal,1501643726.0,0,1525609993,fastq,1525609993,fastq,1.0,main_w4_handler0,2392109,16483129,False,,10552112.roundup,slurm,,132112168.0,corral-repl,,,"""/galaxy-repl/localdata/chrom/?.len""","""?""","[{'src': 'hda', 'id': 30720706}]","[{'src': 'hda', 'id': 30720706}]","""0""","""0""",32.0,,38379909.0,1501643606.0,ok,1023996.0,toolshed.g2.bx.psu.edu/repos/nick/dunovo/make_families/0.7,0.7,,2017-08-02 03:15:29.594272,67005.0,120.0
2017-08-03 13:09:42.107889,slurm_normal,1501766033.0,0,3795252535,fastqsanger,3795521371,fastqsanger,1.0,main_w4_handler1,3211851,16497931,False,,10567518.roundup,slurm,,132112168.0,corral-repl,,"""01be3b92784d11e7ab93005056ba55fb""","""/galaxy-repl/localdata/chrom/?.len""","""?""","[{'src': 'hda', 'id': 30747437}]","[{'src': 'hda', 'id': 30747438}]","""5""","""12""",32.0,,,1501765792.0,ok,1023996.0,toolshed.g2.bx.psu.edu/repos/nick/dunovo/make_families/0.7,0.7,,2017-08-03 13:13:56.936491,84316.0,241.0
2017-08-08 20:50:30.054691,slurm_normal,1502227309.0,0,1533823848,fastqsanger,1533823848,fastqsanger,1.0,main_w3_handler1,3216646,16533251,False,,10603650.roundup,slurm,,132112168.0,corral-repl,,"""3072906e7c7b11e783c9005056ba55fb""","""/galaxy-repl/localdata/chrom/?.len""","""?""","[{'src': 'hda', 'id': 30801598}]","[{'src': 'hda', 'id': 30801614}]","""5""","""12""",32.0,,,1502227188.0,ok,1023996.0,toolshed.g2.bx.psu.edu/repos/nick/dunovo/make_families/0.7,0.7,,2017-08-08 21:21:52.915461,61346.0,121.0
2017-08-09 14:35:42.872796,slurm_normal,1502289394.0,0,429400845,fastq,430704033,fastq,1.0,main_w3_handler0,2900038,16540909,False,,10611321.roundup,slurm,,132112168.0,corral-repl,,,"""/galaxy-repl/localdata/chrom/?.len""","""?""","[{'src': 'hda', 'id': 30807442}]","[{'src': 'hda', 'id': 30807908}]","""5""","""12""",32.0,,39789487.0,1502289351.0,ok,1023996.0,toolshed.g2.bx.psu.edu/repos/nick/dunovo/make_families/0.7,0.7,,2017-08-09 14:36:41.960287,95254.0,43.0
2017-08-09 14:27:44.965062,slurm_normal,1502288916.0,0,430704033,fastq,429400845,fastq,1.0,main_w3_handler0,2900038,16540789,False,,10611249.roundup,slurm,,132112168.0,corral-repl,,,"""/galaxy-repl/localdata/chrom/?.len""","""?""","[{'src': 'hda', 'id': 30807908}]","[{'src': 'hda', 'id': 30807442}]","""5""","""6""",32.0,,39789487.0,1502288873.0,ok,1023996.0,toolshed.g2.bx.psu.edu/repos/nick/dunovo/make_families/0.7,0.7,,2017-08-09 14:28:38.441344,95254.0,43.0
2017-08-10 01:03:02.024947,slurm_normal,1502327005.0,0,51976657,fastq,52064043,fastq,1.0,main_w3_handler0,3218018,16545947,False,,10616535.roundup,slurm,,132112168.0,corral-repl,,,"""/galaxy-repl/localdata/chrom/hg19.len""","""hg19""","[{'src': 'hda', 'id': 30820088}]","[{'src': 'hda', 'id': 30820096}]","""8""","""10""",32.0,,39780873.0,1502326992.0,ok,1023996.0,toolshed.g2.bx.psu.edu/repos/nick/dunovo/make_families/0.7,0.7,,2017-08-10 01:03:27.883567,109949.0,13.0
2017-08-09 18:10:42.392656,slurm_normal,1502302658.0,0,51976657,fastqcssanger,52064043,fastqcssanger,1.0,main_w4_handler1,3216824,16543174,False,,10613643.roundup,slurm,,132112168.0,corral-repl,,,"""/galaxy-repl/localdata/chrom/?.len""","""?""","[{'src': 'hda', 'id': 30816386}]","[{'src': 'hda', 'id': 30816390}]","""5""","""10""",32.0,,39780873.0,1502302641.0,ok,1023996.0,toolshed.g2.bx.psu.edu/repos/nick/dunovo/make_families/0.7,0.7,,2017-08-09 18:17:46.798470,109949.0,17.0
2017-08-10 14:21:57.333132,slurm_normal,1502374961.0,0,231757780,fastq,236207360,fastq,1.0,main_w4_handler1,2770488,16550636,False,,10621721.roundup,slurm,,132112168.0,corral-repl,,,"""/galaxy-repl/localdata/chrom/?.len""","""?""","[{'src': 'hda', 'id': 30827460}]","[{'src': 'hda', 'id': 30827528}]","""6""","""12""",32.0,,39807869.0,1502374926.0,ok,1023996.0,toolshed.g2.bx.psu.edu/repos/nick/dunovo/make_families/0.7,0.7,,2017-08-10 14:22:44.377469,15917.0,35.0
2017-08-11 08:21:09.092792,slurm_normal,1502439891.0,0,3795252535,fastqsanger,3795521371,fastqsanger,1.0,main_w4_handler0,3219336,16556443,False,,10627454.roundup,slurm,,132112168.0,corral-repl,,"""0654ff5c7e6e11e7a30c005056ba2773""","""/galaxy-repl/localdata/chrom/?.len""","""?""","[{'src': 'hda', 'id': 30836512}]","[{'src': 'hda', 'id': 30836514}]","""5""","""12""",32.0,,,1502439677.0,ok,1023996.0,toolshed.g2.bx.psu.edu/repos/nick/dunovo/make_families/0.7,0.7,,2017-08-11 08:24:54.872930,84316.0,214.0
2017-08-11 07:43:19.467590,slurm_normal,1502442715.0,0,2125179452,fastq,2125179452,fastq,1.0,main_w3_handler0,3215755,16556251,False,,10628069.roundup,slurm,,132112168.0,corral-repl,,,"""/galaxy-repl/localdata/chrom/?.len""","""?""","[{'src': 'hda', 'id': 30836167}]","[{'src': 'hda', 'id': 30836167}]","""5""","""12""",32.0,,39761607.0,1502442595.0,ok,1023996.0,toolshed.g2.bx.psu.edu/repos/nick/dunovo/make_families/0.7,0.7,,2017-08-11 09:11:57.085915,109907.0,120.0
2017-08-17 23:30:45.052480,slurm_normal,1503012713.0,0,779928813,fastq,786284809,fastq,1.0,main_w4_handler1,3225368,16605519,False,,10677464.roundup,slurm,,132112168.0,corral-repl,,,"""/galaxy-repl/localdata/chrom/hg19Patch2.len""","""hg19Patch2""","[{'src': 'hda', 'id': 30909918}]","[{'src': 'hda', 'id': 30909905}]","""3""","""12""",32.0,,39940204.0,1503012655.0,ok,1023996.0,toolshed.g2.bx.psu.edu/repos/nick/dunovo/make_families/0.7,0.7,,2017-08-17 23:31:56.331838,,58.0
2017-08-18 12:44:24.858320,slurm_normal,1503060586.0,0,4563043616,fastqsanger,4563043616,fastqsanger,1.0,main_w3_handler0,3216646,16607889,False,,10679660.roundup,slurm,,132112168.0,corral-repl,,"""f5aa8e56841211e7bf51005056ba2773""","""/galaxy-repl/localdata/chrom/?.len""","""?""","[{'src': 'hda', 'id': 30913117}]","[{'src': 'hda', 'id': 30913118}]","""5""","""12""",32.0,,,1503060274.0,ok,1023996.0,toolshed.g2.bx.psu.edu/repos/nick/dunovo/make_families/0.7,0.7,,2017-08-18 12:49:47.327789,61346.0,312.0
2017-08-21 16:26:51.100094,slurm_normal,1503332890.0,0,1035165997,fastq,1026530139,fastq,1.0,main_w4_handler1,3224107,16624557,False,,10696111.roundup,slurm,,132112168.0,corral-repl,,,"""/galaxy-repl/localdata/chrom/?.len""","""?""","[{'src': 'hda', 'id': 30924353}]","[{'src': 'hda', 'id': 30924352}]","""5""","""12""",32.0,,39938726.0,1503332821.0,ok,1023996.0,toolshed.g2.bx.psu.edu/repos/nick/dunovo/make_families/0.7,0.7,,2017-08-21 16:28:13.995215,110281.0,69.0
2017-08-22 12:14:40.247214,slurm_normal,1503406661.0,0,30190228109,fastq,30190228109,fastq,1.0,main_w4_handler1,3224107,16630945,False,,10703156.roundup,slurm,,132112168.0,corral-repl,,,"""/galaxy-repl/localdata/chrom/?.len""","""?""","[{'src': 'hda', 'id': 30948699}]","[{'src': 'hda', 'id': 30948699}]","""5""","""12""",32.0,,39938726.0,1503404095.0,ok,1023996.0,toolshed.g2.bx.psu.edu/repos/nick/dunovo/make_families/0.7,0.7,,2017-08-22 12:57:44.952805,110281.0,2566.0
2017-08-27 00:55:03.287715,slurm_normal,1503795318.0,0,824060,interval,448991,interval,1.0,main_w4_handler1,3102496,16666150,False,,10738322.roundup,slurm,,132112168.0,corral-repl,,,"""/galaxy-repl/localdata/chrom/?.len""","""?""","[{'src': 'hda', 'id': 30702408}]","[{'src': 'hda', 'id': 30702409}]","""5""","""12""",32.0,,40095139.0,1503795314.0,ok,1023996.0,toolshed.g2.bx.psu.edu/repos/nick/dunovo/make_families/0.7,0.7,,2017-08-27 00:55:20.179632,90083.0,4.0
2017-08-28 14:44:34.865712,slurm_normal,1503931651.0,0,3916649733,fastqsanger,3915321384,fastqsanger,1.0,main_w4_handler0,3235347,16673621,False,,10745931.roundup,slurm,,132112168.0,corral-repl,,"""66b648da8bff11e7929f005056ba2773""","""/galaxy-repl/localdata/chrom/?.len""","""?""","[{'src': 'hda', 'id': 31015463}]","[{'src': 'hda', 'id': 31015464}]","""5""","""12""",32.0,,,1503931486.0,ok,1023996.0,toolshed.g2.bx.psu.edu/repos/nick/dunovo/make_families/0.7,0.7,,2017-08-28 14:47:36.494740,84316.0,165.0
2017-10-03 14:34:19.364145,slurm_normal,1507041625.0,0,2517429881,fastqsanger,2537940235,fastqsanger,1.0,main_w4_handler1,3263885,17010847,False,,11066038.roundup,slurm,,132112168.0,corral-repl,,"""ec7ba910a84711e78bc8005056ba55fb""","""/cvmfs/data.galaxyproject.org/managed/len/ucsc/?.len""","""?""","[{'src': 'hda', 'id': 31377454}]","[{'src': 'hda', 'id': 31377455}]","""5""","""12""",32.0,,,1507041272.0,ok,1023996.0,toolshed.g2.bx.psu.edu/repos/nick/dunovo/make_families/0.7,0.7,,2017-10-03 14:40:37.129845,61346.0,353.0
2017-10-05 19:17:46.500008,slurm_normal,1507231395.0,0,1900752743,fastqsanger,1908732883,fastqsanger,1.0,main_w4_handler1,3266956,17034182,False,,11090844.roundup,slurm,,132112168.0,corral-repl,,"""dbd3ccb2aa0111e78293005056ba2773""","""/cvmfs/data.galaxyproject.org/managed/len/ucsc/?.len""","""?""","[{'src': 'hda', 'id': 31426414}]","[{'src': 'hda', 'id': 31426415}]","""5""","""12""",32.0,,,1507231073.0,ok,1023996.0,toolshed.g2.bx.psu.edu/repos/nick/dunovo/make_families/0.7,0.7,,2017-10-05 19:23:21.379869,61346.0,322.0
2017-09-04 06:05:02.411402,slurm_normal,1504505333.0,0,3916649733,fastqsanger,3915321384,fastqsanger,1.0,main_w4_handler1,3241675,16728410,False,,10796808.roundup,slurm,,132112168.0,corral-repl,,"""f663cf20913611e7b2b6005056ba55fb""","""/galaxy-repl/localdata/chrom/?.len""","""?""","[{'src': 'hda', 'id': 31097886}]","[{'src': 'hda', 'id': 31097887}]","""5""","""12""",32.0,,,1504505119.0,ok,1023996.0,toolshed.g2.bx.psu.edu/repos/nick/dunovo/make_families/0.7,0.7,,2017-09-04 06:08:57.628409,84316.0,214.0
2017-09-08 11:27:27.992217,slurm_normal,1504870365.0,0,3916649733,fastqsanger,3915321384,fastqsanger,1.0,main_w3_handler0,3246731,16770577,False,,10838021.roundup,slurm,,132112168.0,corral-repl,,"""afa2de28948811e7b628005056ba2773""","""/cvmfs/data.galaxyproject.org/managed/len/ucsc/?.len""","""?""","[{'src': 'hda', 'id': 31157995}]","[{'src': 'hda', 'id': 31157996}]","""5""","""12""",32.0,,,1504870133.0,ok,1023996.0,toolshed.g2.bx.psu.edu/repos/nick/dunovo/make_families/0.7,0.7,,2017-09-08 11:34:21.663666,84316.0,232.0
2017-09-27 18:16:34.976106,slurm_normal,1506536332.0,0,722788260,fastqsanger,722309992,fastqsanger,1.0,main_w3_handler1,3268684,16951777,False,,11019021.roundup,slurm,,132112168.0,corral-repl,,"""f74f41b8a3af11e788dd005056ba2773""","""/cvmfs/data.galaxyproject.org/managed/len/ucsc/?.len""","""?""","[{'src': 'hda', 'id': 31449993}]","[{'src': 'hda', 'id': 31449998}]","""5""","""12""",32.0,,,1506536213.0,ok,1023996.0,toolshed.g2.bx.psu.edu/repos/nick/dunovo/make_families/0.7,0.7,,2017-09-27 18:19:01.111367,73233.0,119.0
2017-09-27 23:16:57.932272,slurm_normal,1506554356.0,0,722788260,fastqsanger,722309992,fastqsanger,1.0,main_w3_handler0,3268925,16954006,False,,11022333.roundup,slurm,,132112168.0,corral-repl,,"""f2f6e93ea3d911e78c12005056ba55fb""","""/cvmfs/data.galaxyproject.org/managed/len/ucsc/?.len""","""?""","[{'src': 'hda', 'id': 31453460}]","[{'src': 'hda', 'id': 31453461}]","""5""","""12""",32.0,,,1506554236.0,ok,1023996.0,toolshed.g2.bx.psu.edu/repos/nick/dunovo/make_families/0.7,0.7,,2017-09-27 23:19:19.709145,73233.0,120.0
2017-09-28 14:47:23.118831,slurm_normal,1506610186.0,0,722788260,fastqsanger,722309992,fastqsanger,1.0,main_w3_handler1,3269621,16962600,False,,11029947.roundup,slurm,,132112168.0,corral-repl,,"""ea7e72a4a45b11e78cb6005056ba55fb""","""/cvmfs/data.galaxyproject.org/managed/len/ucsc/?.len""","""?""","[{'src': 'hda', 'id': 31465937}]","[{'src': 'hda', 'id': 31465938}]","""5""","""12""",32.0,,,1506610058.0,ok,1023996.0,toolshed.g2.bx.psu.edu/repos/nick/dunovo/make_families/0.7,0.7,,2017-09-28 14:49:49.892396,73233.0,128.0
2017-10-05 18:42:01.223765,slurm_normal,1507229245.0,0,2102737490,fastqsanger,2115081644,fastqsanger,1.0,main_w3_handler1,3263882,17033883,False,,11090501.roundup,slurm,,132112168.0,corral-repl,,"""d6108f54a9fc11e78664005056ba2773""","""/cvmfs/data.galaxyproject.org/managed/len/ucsc/?.len""","""?""","[{'src': 'hda', 'id': 31377453}]","[{'src': 'hda', 'id': 31377452}]","""5""","""12""",32.0,,,1507228943.0,ok,1023996.0,toolshed.g2.bx.psu.edu/repos/nick/dunovo/make_families/0.7,0.7,,2017-10-05 18:47:36.005189,61346.0,302.0
2017-10-05 18:32:40.343695,slurm_normal,1507228740.0,0,2682591424,fastqsanger,2688790116,fastqsanger,1.0,main_w3_handler0,3266957,17033770,False,,11090375.roundup,slurm,,132112168.0,corral-repl,,"""8cca013ca9fb11e78ccb005056ba2773""","""/cvmfs/data.galaxyproject.org/managed/len/ucsc/?.len""","""?""","[{'src': 'hda', 'id': 31426405}]","[{'src': 'hda', 'id': 31426407}]","""5""","""12""",32.0,,,1507228371.0,ok,1023996.0,toolshed.g2.bx.psu.edu/repos/nick/dunovo/make_families/0.7,0.7,,2017-10-05 18:39:09.413028,61346.0,369.0
2017-10-09 14:37:09.462523,slurm_normal,1507560028.0,0,1523254959,fastqsanger,1527189773,fastqsanger,1.0,main_w4_handler1,3263892,17056117,False,,11113249.roundup,slurm,,132112168.0,corral-repl,,"""4c2a402cacff11e7b412005056ba55fb""","""/cvmfs/data.galaxyproject.org/managed/len/ucsc/?.len""","""?""","[{'src': 'hda', 'id': 31377738}]","[{'src': 'hda', 'id': 31377739}]","""5""","""12""",32.0,,,1507559832.0,ok,1023996.0,toolshed.g2.bx.psu.edu/repos/nick/dunovo/make_families/0.7,0.7,,2017-10-09 14:40:31.566263,61346.0,196.0
2017-10-09 14:39:53.160134,slurm_normal,1507560297.0,0,1846880567,fastqsanger,1850022145,fastqsanger,1.0,main_w3_handler1,3263884,17056161,False,,11113275.roundup,slurm,,132112168.0,corral-repl,,"""b0bd2e28acff11e79de8005056ba55fb""","""/cvmfs/data.galaxyproject.org/managed/len/ucsc/?.len""","""?""","[{'src': 'hda', 'id': 31377458}]","[{'src': 'hda', 'id': 31377459}]","""5""","""12""",32.0,,,1507560038.0,ok,1023996.0,toolshed.g2.bx.psu.edu/repos/nick/dunovo/make_families/0.7,0.7,,2017-10-09 14:45:02.110672,61346.0,259.0
2017-10-19 20:25:34.501876,slurm_normal,1508444831.0,0,510307769,fastqsanger,509352435,fastqsanger,1.0,main_w3_handler0,3293102,17149116,False,,11206966,slurm,,132112168.0,corral-repl,,"""9fa0cadcb50b11e7a224005056ba2773""","""/cvmfs/data.galaxyproject.org/managed/len/ucsc/?.len""","""?""","[{'src': 'hda', 'id': 31765561}]","[{'src': 'hda', 'id': 31765569}]","""5""","""12""",32.0,,,1508444750.0,ok,1023996.0,toolshed.g2.bx.psu.edu/repos/nick/dunovo/make_families/0.7,0.7,,2017-10-19 20:27:17.867951,73233.0,81.0
2017-10-20 15:52:58.107024,slurm_normal,1508514883.0,0,510307769,fastqsanger,509352435,fastqsanger,1.0,main_w3_handler1,3294019,17156033,False,,11214466,slurm,,132112168.0,corral-repl,,"""ba432f08b5ae11e791c3005056ba2773""","""/cvmfs/data.galaxyproject.org/managed/len/ucsc/?.len""","""?""","[{'src': 'hda', 'id': 31777413}]","[{'src': 'hda', 'id': 31777414}]","""5""","""12""",32.0,,,1508514788.0,ok,1023996.0,toolshed.g2.bx.psu.edu/repos/nick/dunovo/make_families/0.7,0.7,,2017-10-20 15:54:48.002422,73233.0,95.0
2017-10-27 01:16:25.687859,slurm_normal,1509067135.0,0,722788260,fastqsanger,722309992,fastqsanger,1.0,main_w4_handler0,3301598,17235317,False,,11295752,slurm,,132112168.0,corral-repl,,"""6742f7babab411e78876005056ba2773""","""/cvmfs/data.galaxyproject.org/managed/len/ucsc/?.len""","""?""","[{'src': 'hda', 'id': 31916108}]","[{'src': 'hda', 'id': 31916109}]","""5""","""12""",32.0,,,1509067027.0,ok,1023996.0,toolshed.g2.bx.psu.edu/repos/nick/dunovo/make_families/0.7,0.7,,2017-10-27 01:19:12.017284,73233.0,108.0
2017-10-27 01:17:17.690712,slurm_normal,1509067160.0,0,510307769,fastqsanger,509352435,fastqsanger,1.0,main_w4_handler0,3301605,17235331,False,,11295757,slurm,,132112168.0,corral-repl,,"""8de2de8abab411e783a8005056ba2773""","""/cvmfs/data.galaxyproject.org/managed/len/ucsc/?.len""","""?""","[{'src': 'hda', 'id': 31916247}]","[{'src': 'hda', 'id': 31916248}]","""5""","""12""",32.0,,,1509067073.0,ok,1023996.0,toolshed.g2.bx.psu.edu/repos/nick/dunovo/make_families/0.7,0.7,,2017-10-27 01:19:33.443931,73233.0,87.0
2017-10-27 14:05:04.905378,slurm_normal,1509113237.0,0,722788260,fastqsanger,722309992,fastqsanger,1.0,main_w4_handler1,3302269,17239933,False,,11300747,slurm,,132112168.0,corral-repl,,"""cda84e54bb1f11e783a8005056ba2773""","""/cvmfs/data.galaxyproject.org/managed/len/ucsc/?.len""","""?""","[{'src': 'hda', 'id': 31924056}]","[{'src': 'hda', 'id': 31924057}]","""5""","""12""",32.0,,,1509113127.0,ok,1023996.0,toolshed.g2.bx.psu.edu/repos/nick/dunovo/make_families/0.7,0.7,,2017-10-27 14:07:30.492469,73233.0,110.0
2017-10-27 15:49:40.048819,slurm_normal,1509119550.0,0,510307769,fastqsanger,509352435,fastqsanger,1.0,main_w3_handler0,3302271,17241470,False,,11302118,slurm,,132112168.0,corral-repl,,"""6f64abeebb2e11e7b00d005056ba2773""","""/cvmfs/data.galaxyproject.org/managed/len/ucsc/?.len""","""?""","[{'src': 'hda', 'id': 31924082}]","[{'src': 'hda', 'id': 31924083}]","""5""","""12""",32.0,,,1509119464.0,ok,1023996.0,toolshed.g2.bx.psu.edu/repos/nick/dunovo/make_families/0.7,0.7,,2017-10-27 15:52:44.460008,73233.0,86.0
2017-11-03 19:03:23.906877,slurm_normal,1509735917.0,0,510307769,fastqsanger,509352435,fastqsanger,1.0,main_w3_handler1,3310594,17321803,False,,11381593,slurm,,132112168.0,corral-repl,,"""a26425c4c0c911e7a847005056ba2773""","""/cvmfs/data.galaxyproject.org/managed/len/ucsc/?.len""","""?""","[{'src': 'hda', 'id': 32056596}]","[{'src': 'hda', 'id': 32056597}]","""5""","""12""",32.0,,,1509735833.0,ok,1023996.0,toolshed.g2.bx.psu.edu/repos/nick/dunovo/make_families/0.7,0.7,,2017-11-03 19:05:19.682760,73233.0,84.0
2017-11-06 19:56:53.706923,slurm_normal,1509998426.0,0,614988642,fastqsanger,614253580,fastqsanger,1.0,main_w3_handler1,3313863,17349976,False,,11413151,slurm,,132112168.0,corral-repl,,"""95f483bec32c11e7ab93005056ba55fb""","""/cvmfs/data.galaxyproject.org/managed/len/ucsc/?.len""","""?""","[{'src': 'hda', 'id': 32099039}]","[{'src': 'hda', 'id': 32099041}]","""5""","""12""",32.0,,,1509998283.0,ok,1023996.0,toolshed.g2.bx.psu.edu/repos/nick/dunovo/make_families/0.7,0.7,,2017-11-06 20:01:47.846595,73233.0,143.0
2017-11-07 14:16:43.692411,slurm_normal,1510064530.0,0,614988642,fastqsanger,614253580,fastqsanger,1.0,main_w3_handler0,3315072,17365884,False,,11424706,slurm,,132112168.0,corral-repl,,"""3caf2b52c3c611e7b014005056ba55fb""","""/cvmfs/data.galaxyproject.org/managed/len/ucsc/?.len""","""?""","[{'src': 'hda', 'id': 32125104}]","[{'src': 'hda', 'id': 32125105}]","""5""","""12""",32.0,,,1510064433.0,ok,1023996.0,toolshed.g2.bx.psu.edu/repos/nick/dunovo/make_families/0.7,0.7,,2017-11-07 14:22:19.204776,73233.0,97.0
2017-11-08 21:21:10.880188,slurm_normal,1510176249.0,0,614988642,fastqsanger,614253580,fastqsanger,1.0,main_w3_handler0,3317405,17387353,False,,11448877,slurm,,132112168.0,corral-repl,,"""aef8611ac4ca11e7a727005056ba2773""","""/cvmfs/data.galaxyproject.org/managed/len/ucsc/?.len""","""?""","[{'src': 'hda', 'id': 32168559}]","[{'src': 'hda', 'id': 32168560}]","""5""","""12""",32.0,,,1510176137.0,ok,1023996.0,toolshed.g2.bx.psu.edu/repos/nick/dunovo/make_families/0.7,0.7,,2017-11-08 21:24:23.540415,73233.0,112.0
